test-set	test-case	url	reason
fn-abs	fn-absint1args-1-dyn	https://github.com/w3c/qt3tests/blob/201a6e466940cdfc727f4babfedcde5332b9f578/fn/abs.xml#L59	Unsupported dependencies spec XQ10+
fn-abs	fn-absdec1args-1-dyn	https://github.com/w3c/qt3tests/blob/201a6e466940cdfc727f4babfedcde5332b9f578/fn/abs.xml#L164	Unsupported dependencies spec XQ10+
fn-abs	fn-absdbl1args-1-dyn	https://github.com/w3c/qt3tests/blob/201a6e466940cdfc727f4babfedcde5332b9f578/fn/abs.xml#L204	Unsupported dependencies spec XQ10+
fn-abs	fn-absflt1args-1-dyn	https://github.com/w3c/qt3tests/blob/201a6e466940cdfc727f4babfedcde5332b9f578/fn/abs.xml#L257	Unsupported dependencies spec XQ10+
fn-abs	fn-abs-more-args-004-dyn	https://github.com/w3c/qt3tests/blob/201a6e466940cdfc727f4babfedcde5332b9f578/fn/abs.xml#L661	Unsupported dependencies spec XQ10+
fn-abs	fn-abs-more-args-029	https://github.com/w3c/qt3tests/blob/201a6e466940cdfc727f4babfedcde5332b9f578/fn/abs.xml#L975	Invalid value -INF for xs:int
fn-abs	fn-abs-more-args-030	https://github.com/w3c/qt3tests/blob/201a6e466940cdfc727f4babfedcde5332b9f578/fn/abs.xml#L985	Invalid value INF for xs:int
fn-abs	fn-abs-more-args-031	https://github.com/w3c/qt3tests/blob/201a6e466940cdfc727f4babfedcde5332b9f578/fn/abs.xml#L995	Invalid value -NaN for xs:int
fn-abs	fn-abs-more-args-032	https://github.com/w3c/qt3tests/blob/201a6e466940cdfc727f4babfedcde5332b9f578/fn/abs.xml#L1005	Invalid value NaN for xs:int
fn-abs	fn-abs-more-args-037	https://github.com/w3c/qt3tests/blob/201a6e466940cdfc727f4babfedcde5332b9f578/fn/abs.xml#L1055	Invalid value -INF for xs:long
fn-abs	fn-abs-more-args-038	https://github.com/w3c/qt3tests/blob/201a6e466940cdfc727f4babfedcde5332b9f578/fn/abs.xml#L1065	Invalid value INF for xs:long
fn-abs	fn-abs-more-args-039	https://github.com/w3c/qt3tests/blob/201a6e466940cdfc727f4babfedcde5332b9f578/fn/abs.xml#L1075	Invalid value -NaN for xs:long
fn-abs	fn-abs-more-args-040	https://github.com/w3c/qt3tests/blob/201a6e466940cdfc727f4babfedcde5332b9f578/fn/abs.xml#L1085	Invalid value NaN for xs:long
fn-abs	fn-abs-more-args-041	https://github.com/w3c/qt3tests/blob/201a6e466940cdfc727f4babfedcde5332b9f578/fn/abs.xml#L1095	Invalid value -0 for xs:negativeInteger
fn-abs	fn-abs-more-args-042	https://github.com/w3c/qt3tests/blob/201a6e466940cdfc727f4babfedcde5332b9f578/fn/abs.xml#L1105	Invalid value 0 for xs:negativeInteger
fn-abs	fn-abs-more-args-043	https://github.com/w3c/qt3tests/blob/201a6e466940cdfc727f4babfedcde5332b9f578/fn/abs.xml#L1115	Invalid value 2 for xs:negativeInteger
fn-abs	fn-abs-more-args-044	https://github.com/w3c/qt3tests/blob/201a6e466940cdfc727f4babfedcde5332b9f578/fn/abs.xml#L1125	Invalid value -INF for xs:negativeInteger
fn-abs	fn-abs-more-args-045	https://github.com/w3c/qt3tests/blob/201a6e466940cdfc727f4babfedcde5332b9f578/fn/abs.xml#L1135	Invalid value INF for xs:negativeInteger
fn-abs	fn-abs-more-args-046	https://github.com/w3c/qt3tests/blob/201a6e466940cdfc727f4babfedcde5332b9f578/fn/abs.xml#L1145	Invalid value -NaN for xs:negativeInteger
fn-abs	fn-abs-more-args-047	https://github.com/w3c/qt3tests/blob/201a6e466940cdfc727f4babfedcde5332b9f578/fn/abs.xml#L1155	Invalid value NaN for xs:negativeInteger
fn-abs	fn-abs-more-args-048	https://github.com/w3c/qt3tests/blob/201a6e466940cdfc727f4babfedcde5332b9f578/fn/abs.xml#L1165	Invalid value -2 for xs:nonNegativeInteger
fn-abs	fn-abs-more-args-049	https://github.com/w3c/qt3tests/blob/201a6e466940cdfc727f4babfedcde5332b9f578/fn/abs.xml#L1175	Invalid value -INF for xs:nonNegativeInteger
fn-abs	fn-abs-more-args-050	https://github.com/w3c/qt3tests/blob/201a6e466940cdfc727f4babfedcde5332b9f578/fn/abs.xml#L1185	Invalid value INF for xs:nonNegativeInteger
fn-abs	fn-abs-more-args-051	https://github.com/w3c/qt3tests/blob/201a6e466940cdfc727f4babfedcde5332b9f578/fn/abs.xml#L1195	Invalid value -NaN for xs:nonNegativeInteger
fn-abs	fn-abs-more-args-052	https://github.com/w3c/qt3tests/blob/201a6e466940cdfc727f4babfedcde5332b9f578/fn/abs.xml#L1205	Invalid value NaN for xs:nonNegativeInteger
fn-abs	fn-abs-more-args-053	https://github.com/w3c/qt3tests/blob/201a6e466940cdfc727f4babfedcde5332b9f578/fn/abs.xml#L1215	Invalid value 2 for xs:nonPositiveInteger
fn-abs	fn-abs-more-args-054	https://github.com/w3c/qt3tests/blob/201a6e466940cdfc727f4babfedcde5332b9f578/fn/abs.xml#L1225	Invalid value -INF for xs:nonPositiveInteger
fn-abs	fn-abs-more-args-055	https://github.com/w3c/qt3tests/blob/201a6e466940cdfc727f4babfedcde5332b9f578/fn/abs.xml#L1235	Invalid value INF for xs:nonPositiveInteger
fn-abs	fn-abs-more-args-056	https://github.com/w3c/qt3tests/blob/201a6e466940cdfc727f4babfedcde5332b9f578/fn/abs.xml#L1245	Invalid value -NaN for xs:nonPositiveInteger
fn-abs	fn-abs-more-args-057	https://github.com/w3c/qt3tests/blob/201a6e466940cdfc727f4babfedcde5332b9f578/fn/abs.xml#L1255	Invalid value NaN for xs:nonPositiveInteger
fn-abs	fn-abs-more-args-058	https://github.com/w3c/qt3tests/blob/201a6e466940cdfc727f4babfedcde5332b9f578/fn/abs.xml#L1265	Invalid value 0 for xs:positiveInteger
fn-abs	fn-abs-more-args-059	https://github.com/w3c/qt3tests/blob/201a6e466940cdfc727f4babfedcde5332b9f578/fn/abs.xml#L1275	Invalid value -0 for xs:positiveInteger
fn-abs	fn-abs-more-args-060	https://github.com/w3c/qt3tests/blob/201a6e466940cdfc727f4babfedcde5332b9f578/fn/abs.xml#L1285	Invalid value -2 for xs:positiveInteger
fn-abs	fn-abs-more-args-061	https://github.com/w3c/qt3tests/blob/201a6e466940cdfc727f4babfedcde5332b9f578/fn/abs.xml#L1295	Invalid value -INF for xs:positiveInteger
fn-abs	fn-abs-more-args-062	https://github.com/w3c/qt3tests/blob/201a6e466940cdfc727f4babfedcde5332b9f578/fn/abs.xml#L1305	Invalid value INF for xs:positiveInteger
fn-abs	fn-abs-more-args-063	https://github.com/w3c/qt3tests/blob/201a6e466940cdfc727f4babfedcde5332b9f578/fn/abs.xml#L1315	Invalid value -NaN for xs:positiveInteger
fn-abs	fn-abs-more-args-064	https://github.com/w3c/qt3tests/blob/201a6e466940cdfc727f4babfedcde5332b9f578/fn/abs.xml#L1325	Invalid value NaN for xs:positiveInteger
fn-abs	fn-abs-more-args-065	https://github.com/w3c/qt3tests/blob/201a6e466940cdfc727f4babfedcde5332b9f578/fn/abs.xml#L1335	Invalid value -INF for xs:short
fn-abs	fn-abs-more-args-066	https://github.com/w3c/qt3tests/blob/201a6e466940cdfc727f4babfedcde5332b9f578/fn/abs.xml#L1345	Invalid value INF for xs:short
fn-abs	fn-abs-more-args-067	https://github.com/w3c/qt3tests/blob/201a6e466940cdfc727f4babfedcde5332b9f578/fn/abs.xml#L1355	Invalid value -NaN for xs:short
fn-abs	fn-abs-more-args-068	https://github.com/w3c/qt3tests/blob/201a6e466940cdfc727f4babfedcde5332b9f578/fn/abs.xml#L1365	Invalid value NaN for xs:short
fn-abs	fn-abs-more-args-069	https://github.com/w3c/qt3tests/blob/201a6e466940cdfc727f4babfedcde5332b9f578/fn/abs.xml#L1375	Invalid value -INF for xs:unsignedLong
fn-abs	fn-abs-more-args-070	https://github.com/w3c/qt3tests/blob/201a6e466940cdfc727f4babfedcde5332b9f578/fn/abs.xml#L1385	Invalid value INF for xs:unsignedLong
fn-abs	fn-abs-more-args-071	https://github.com/w3c/qt3tests/blob/201a6e466940cdfc727f4babfedcde5332b9f578/fn/abs.xml#L1395	Invalid value -NaN for xs:unsignedLong
fn-abs	fn-abs-more-args-072	https://github.com/w3c/qt3tests/blob/201a6e466940cdfc727f4babfedcde5332b9f578/fn/abs.xml#L1405	Invalid value NaN for xs:unsignedLong
fn-abs	fn-abs-more-args-073	https://github.com/w3c/qt3tests/blob/201a6e466940cdfc727f4babfedcde5332b9f578/fn/abs.xml#L1415	Invalid value -INF for xs:unsignedShort
fn-abs	fn-abs-more-args-074	https://github.com/w3c/qt3tests/blob/201a6e466940cdfc727f4babfedcde5332b9f578/fn/abs.xml#L1425	Invalid value INF for xs:unsignedShort
fn-abs	fn-abs-more-args-075	https://github.com/w3c/qt3tests/blob/201a6e466940cdfc727f4babfedcde5332b9f578/fn/abs.xml#L1435	Invalid value -NaN for xs:unsignedShort
fn-abs	fn-abs-more-args-076	https://github.com/w3c/qt3tests/blob/201a6e466940cdfc727f4babfedcde5332b9f578/fn/abs.xml#L1445	Invalid value NaN for xs:unsignedShort
fn-abs	fn-abs-more-args-086	https://github.com/w3c/qt3tests/blob/201a6e466940cdfc727f4babfedcde5332b9f578/fn/abs.xml#L1545	Unsupported cast type xs:anyURI
fn-abs	K-ABSFunc-1	https://github.com/w3c/qt3tests/blob/201a6e466940cdfc727f4babfedcde5332b9f578/fn/abs.xml#L1555	Unsupported function fn:abs#0
fn-abs	K-ABSFunc-2	https://github.com/w3c/qt3tests/blob/201a6e466940cdfc727f4babfedcde5332b9f578/fn/abs.xml#L1565	Unsupported function fn:abs#2
fn-abs	K-ABSFunc-3	https://github.com/w3c/qt3tests/blob/201a6e466940cdfc727f4babfedcde5332b9f578/fn/abs.xml#L1575	Unsupported sequenceExpr
fn-abs	K2-ABSFunc-2	https://github.com/w3c/qt3tests/blob/201a6e466940cdfc727f4babfedcde5332b9f578/fn/abs.xml#L1625	Unsupported cast type xs:nonPositiveInteger
fn-abs	K2-ABSFunc-3	https://github.com/w3c/qt3tests/blob/201a6e466940cdfc727f4babfedcde5332b9f578/fn/abs.xml#L1635	Unsupported cast type xs:negativeInteger
fn-abs	K2-ABSFunc-4	https://github.com/w3c/qt3tests/blob/201a6e466940cdfc727f4babfedcde5332b9f578/fn/abs.xml#L1645	Unsupported cast type xs:long
fn-abs	K2-ABSFunc-5	https://github.com/w3c/qt3tests/blob/201a6e466940cdfc727f4babfedcde5332b9f578/fn/abs.xml#L1655	Unsupported cast type xs:int
fn-abs	K2-ABSFunc-6	https://github.com/w3c/qt3tests/blob/201a6e466940cdfc727f4babfedcde5332b9f578/fn/abs.xml#L1665	Unsupported cast type xs:short
fn-abs	K2-ABSFunc-7	https://github.com/w3c/qt3tests/blob/201a6e466940cdfc727f4babfedcde5332b9f578/fn/abs.xml#L1675	Unsupported cast type xs:byte
fn-abs	K2-ABSFunc-8	https://github.com/w3c/qt3tests/blob/201a6e466940cdfc727f4babfedcde5332b9f578/fn/abs.xml#L1685	Unsupported cast type xs:nonNegativeInteger
fn-abs	K2-ABSFunc-9	https://github.com/w3c/qt3tests/blob/201a6e466940cdfc727f4babfedcde5332b9f578/fn/abs.xml#L1695	Unsupported cast type xs:unsignedLong
fn-abs	K2-ABSFunc-10	https://github.com/w3c/qt3tests/blob/201a6e466940cdfc727f4babfedcde5332b9f578/fn/abs.xml#L1705	Unsupported cast type xs:unsignedInt
fn-abs	K2-ABSFunc-11	https://github.com/w3c/qt3tests/blob/201a6e466940cdfc727f4babfedcde5332b9f578/fn/abs.xml#L1715	Unsupported cast type xs:unsignedShort
fn-abs	K2-ABSFunc-12	https://github.com/w3c/qt3tests/blob/201a6e466940cdfc727f4babfedcde5332b9f578/fn/abs.xml#L1725	Unsupported cast type xs:unsignedByte
fn-abs	K2-ABSFunc-13	https://github.com/w3c/qt3tests/blob/201a6e466940cdfc727f4babfedcde5332b9f578/fn/abs.xml#L1735	Unsupported cast type xs:positiveInteger
fn-abs	K2-ABSFunc-14	https://github.com/w3c/qt3tests/blob/201a6e466940cdfc727f4babfedcde5332b9f578/fn/abs.xml#L1745	Unsupported sequenceType
fn-abs	K2-ABSFunc-15	https://github.com/w3c/qt3tests/blob/201a6e466940cdfc727f4babfedcde5332b9f578/fn/abs.xml#L1755	Unsupported cast type xs:nonPositiveInteger
fn-abs	K2-ABSFunc-16	https://github.com/w3c/qt3tests/blob/201a6e466940cdfc727f4babfedcde5332b9f578/fn/abs.xml#L1765	Unsupported cast type xs:negativeInteger
fn-abs	K2-ABSFunc-17	https://github.com/w3c/qt3tests/blob/201a6e466940cdfc727f4babfedcde5332b9f578/fn/abs.xml#L1775	Unsupported cast type xs:long
fn-abs	K2-ABSFunc-18	https://github.com/w3c/qt3tests/blob/201a6e466940cdfc727f4babfedcde5332b9f578/fn/abs.xml#L1785	Unsupported cast type xs:int
fn-abs	K2-ABSFunc-19	https://github.com/w3c/qt3tests/blob/201a6e466940cdfc727f4babfedcde5332b9f578/fn/abs.xml#L1795	Unsupported cast type xs:short
fn-abs	K2-ABSFunc-20	https://github.com/w3c/qt3tests/blob/201a6e466940cdfc727f4babfedcde5332b9f578/fn/abs.xml#L1805	Unsupported cast type xs:byte
fn-abs	K2-ABSFunc-21	https://github.com/w3c/qt3tests/blob/201a6e466940cdfc727f4babfedcde5332b9f578/fn/abs.xml#L1815	Unsupported cast type xs:nonNegativeInteger
fn-abs	K2-ABSFunc-22	https://github.com/w3c/qt3tests/blob/201a6e466940cdfc727f4babfedcde5332b9f578/fn/abs.xml#L1825	Unsupported cast type xs:unsignedLong
fn-abs	K2-ABSFunc-23	https://github.com/w3c/qt3tests/blob/201a6e466940cdfc727f4babfedcde5332b9f578/fn/abs.xml#L1835	Unsupported cast type xs:unsignedInt
fn-abs	K2-ABSFunc-24	https://github.com/w3c/qt3tests/blob/201a6e466940cdfc727f4babfedcde5332b9f578/fn/abs.xml#L1845	Unsupported cast type xs:unsignedShort
fn-abs	K2-ABSFunc-25	https://github.com/w3c/qt3tests/blob/201a6e466940cdfc727f4babfedcde5332b9f578/fn/abs.xml#L1855	Unsupported cast type xs:unsignedByte
fn-abs	K2-ABSFunc-26	https://github.com/w3c/qt3tests/blob/201a6e466940cdfc727f4babfedcde5332b9f578/fn/abs.xml#L1865	Unsupported cast type xs:positiveInteger
fn-abs	K2-ABSFunc-27	https://github.com/w3c/qt3tests/blob/201a6e466940cdfc727f4babfedcde5332b9f578/fn/abs.xml#L1875	Unsupported sequenceType
fn-abs	K2-ABSFunc-28	https://github.com/w3c/qt3tests/blob/201a6e466940cdfc727f4babfedcde5332b9f578/fn/abs.xml#L1885	Unsupported sequenceType
fn-abs	K2-ABSFunc-29	https://github.com/w3c/qt3tests/blob/201a6e466940cdfc727f4babfedcde5332b9f578/fn/abs.xml#L1895	Unsupported sequenceType
fn-abs	K2-ABSFunc-30	https://github.com/w3c/qt3tests/blob/201a6e466940cdfc727f4babfedcde5332b9f578/fn/abs.xml#L1905	Unsupported sequenceType
fn-abs	K2-ABSFunc-31	https://github.com/w3c/qt3tests/blob/201a6e466940cdfc727f4babfedcde5332b9f578/fn/abs.xml#L1915	Unsupported sequenceType
fn-abs	K2-ABSFunc-32	https://github.com/w3c/qt3tests/blob/201a6e466940cdfc727f4babfedcde5332b9f578/fn/abs.xml#L1925	Unsupported sequenceType
fn-abs	K2-ABSFunc-33	https://github.com/w3c/qt3tests/blob/201a6e466940cdfc727f4babfedcde5332b9f578/fn/abs.xml#L1935	Unsupported sequenceType
fn-abs	K2-ABSFunc-34	https://github.com/w3c/qt3tests/blob/201a6e466940cdfc727f4babfedcde5332b9f578/fn/abs.xml#L1945	Unsupported sequenceType
fn-abs	K2-ABSFunc-35	https://github.com/w3c/qt3tests/blob/201a6e466940cdfc727f4babfedcde5332b9f578/fn/abs.xml#L1955	Unsupported environment with source
fn-abs	K2-ABSFunc-36	https://github.com/w3c/qt3tests/blob/201a6e466940cdfc727f4babfedcde5332b9f578/fn/abs.xml#L1968	Unsupported environment with source
fn-abs	K2-ABSFunc-37	https://github.com/w3c/qt3tests/blob/201a6e466940cdfc727f4babfedcde5332b9f578/fn/abs.xml#L1981	Unsupported environment with source
fn-abs	K2-ABSFunc-38	https://github.com/w3c/qt3tests/blob/201a6e466940cdfc727f4babfedcde5332b9f578/fn/abs.xml#L1994	Unsupported environment with source
fn-abs	K2-ABSFunc-39	https://github.com/w3c/qt3tests/blob/201a6e466940cdfc727f4babfedcde5332b9f578/fn/abs.xml#L2007	Unsupported environment with source
fn-abs	K2-ABSFunc-40	https://github.com/w3c/qt3tests/blob/201a6e466940cdfc727f4babfedcde5332b9f578/fn/abs.xml#L2020	Unsupported environment with source
fn-abs	K2-ABSFunc-41	https://github.com/w3c/qt3tests/blob/201a6e466940cdfc727f4babfedcde5332b9f578/fn/abs.xml#L2034	Unsupported environment with source
fn-abs	K2-ABSFunc-42	https://github.com/w3c/qt3tests/blob/201a6e466940cdfc727f4babfedcde5332b9f578/fn/abs.xml#L2048	Unsupported environment with source
fn-abs	K2-ABSFunc-43	https://github.com/w3c/qt3tests/blob/201a6e466940cdfc727f4babfedcde5332b9f578/fn/abs.xml#L2061	Unsupported environment with source
fn-abs	K2-ABSFunc-44	https://github.com/w3c/qt3tests/blob/201a6e466940cdfc727f4babfedcde5332b9f578/fn/abs.xml#L2074	Unsupported environment with source
fn-abs	K2-ABSFunc-45	https://github.com/w3c/qt3tests/blob/201a6e466940cdfc727f4babfedcde5332b9f578/fn/abs.xml#L2087	Unsupported environment with source
fn-abs	K2-ABSFunc-46	https://github.com/w3c/qt3tests/blob/201a6e466940cdfc727f4babfedcde5332b9f578/fn/abs.xml#L2100	Unsupported environment with source
fn-abs	fn-abs-1	https://github.com/w3c/qt3tests/blob/201a6e466940cdfc727f4babfedcde5332b9f578/fn/abs.xml#L2153	Unsupported varName
fn-abs	cbcl-abs-001	https://github.com/w3c/qt3tests/blob/201a6e466940cdfc727f4babfedcde5332b9f578/fn/abs.xml#L2167	Unsupported sequenceExpr
fn-boolean	fn-boolean-mixed-args-001	https://github.com/w3c/qt3tests/blob/201a6e466940cdfc727f4babfedcde5332b9f578/fn/boolean.xml#L379	Unsupported sequenceExpr
fn-boolean	fn-boolean-mixed-args-049	https://github.com/w3c/qt3tests/blob/201a6e466940cdfc727f4babfedcde5332b9f578/fn/boolean.xml#L811	Unsupported cast type xs:anyURI
fn-boolean	context-item-1	https://github.com/w3c/qt3tests/blob/201a6e466940cdfc727f4babfedcde5332b9f578/fn/boolean.xml#L829	Unsupported dependencies feature higherOrderFunctions
fn-boolean	K-SeqBooleanFunc-1	https://github.com/w3c/qt3tests/blob/201a6e466940cdfc727f4babfedcde5332b9f578/fn/boolean.xml#L841	Unsupported function fn:boolean#0
fn-boolean	K-SeqBooleanFunc-2	https://github.com/w3c/qt3tests/blob/201a6e466940cdfc727f4babfedcde5332b9f578/fn/boolean.xml#L849	Unsupported function fn:boolean#2
fn-boolean	K-SeqBooleanFunc-3	https://github.com/w3c/qt3tests/blob/201a6e466940cdfc727f4babfedcde5332b9f578/fn/boolean.xml#L858	Unsupported sequenceExpr
fn-boolean	K-SeqBooleanFunc-4	https://github.com/w3c/qt3tests/blob/201a6e466940cdfc727f4babfedcde5332b9f578/fn/boolean.xml#L866	Unsupported cast type xs:QName
fn-boolean	K-SeqBooleanFunc-5	https://github.com/w3c/qt3tests/blob/201a6e466940cdfc727f4babfedcde5332b9f578/fn/boolean.xml#L875	Unsupported cast type xs:hexBinary
fn-boolean	K-SeqBooleanFunc-6	https://github.com/w3c/qt3tests/blob/201a6e466940cdfc727f4babfedcde5332b9f578/fn/boolean.xml#L884	Unsupported cast type xs:base64Binary
fn-boolean	K-SeqBooleanFunc-7	https://github.com/w3c/qt3tests/blob/201a6e466940cdfc727f4babfedcde5332b9f578/fn/boolean.xml#L893	Unsupported cast type xs:anyURI
fn-boolean	K-SeqBooleanFunc-8	https://github.com/w3c/qt3tests/blob/201a6e466940cdfc727f4babfedcde5332b9f578/fn/boolean.xml#L901	Unsupported cast type xs:anyURI
fn-boolean	K-SeqBooleanFunc-10	https://github.com/w3c/qt3tests/blob/201a6e466940cdfc727f4babfedcde5332b9f578/fn/boolean.xml#L918	Unsupported cast type xs:untypedAtomic
fn-boolean	K-SeqBooleanFunc-11	https://github.com/w3c/qt3tests/blob/201a6e466940cdfc727f4babfedcde5332b9f578/fn/boolean.xml#L927	Unsupported cast type xs:untypedAtomic
fn-boolean	K-SeqBooleanFunc-16	https://github.com/w3c/qt3tests/blob/201a6e466940cdfc727f4babfedcde5332b9f578/fn/boolean.xml#L969	Unsupported cast type xs:hexBinary
fn-boolean	K-SeqBooleanFunc-24	https://github.com/w3c/qt3tests/blob/201a6e466940cdfc727f4babfedcde5332b9f578/fn/boolean.xml#L1034	Unsupported sequenceExpr
fn-boolean	K-SeqBooleanFunc-25	https://github.com/w3c/qt3tests/blob/201a6e466940cdfc727f4babfedcde5332b9f578/fn/boolean.xml#L1042	Unsupported sequenceExpr
fn-boolean	K-SeqBooleanFunc-26	https://github.com/w3c/qt3tests/blob/201a6e466940cdfc727f4babfedcde5332b9f578/fn/boolean.xml#L1050	Unsupported sequenceExpr
fn-boolean	K-SeqBooleanFunc-27	https://github.com/w3c/qt3tests/blob/201a6e466940cdfc727f4babfedcde5332b9f578/fn/boolean.xml#L1058	Unsupported sequenceExpr
fn-boolean	K-SeqBooleanFunc-28	https://github.com/w3c/qt3tests/blob/201a6e466940cdfc727f4babfedcde5332b9f578/fn/boolean.xml#L1066	Unsupported sequenceExpr
fn-boolean	K-SeqBooleanFunc-32	https://github.com/w3c/qt3tests/blob/201a6e466940cdfc727f4babfedcde5332b9f578/fn/boolean.xml#L1098	Unsupported function fn:current-time#0
fn-boolean	boolean-001	https://github.com/w3c/qt3tests/blob/201a6e466940cdfc727f4babfedcde5332b9f578/fn/boolean.xml#L1107	Unsupported environment with namespace
fn-boolean	boolean-002	https://github.com/w3c/qt3tests/blob/201a6e466940cdfc727f4babfedcde5332b9f578/fn/boolean.xml#L1117	Unsupported environment with namespace
fn-boolean	boolean-003	https://github.com/w3c/qt3tests/blob/201a6e466940cdfc727f4babfedcde5332b9f578/fn/boolean.xml#L1127	Unsupported environment with namespace
fn-boolean	boolean-004	https://github.com/w3c/qt3tests/blob/201a6e466940cdfc727f4babfedcde5332b9f578/fn/boolean.xml#L1137	Unsupported environment with namespace
fn-boolean	boolean-005	https://github.com/w3c/qt3tests/blob/201a6e466940cdfc727f4babfedcde5332b9f578/fn/boolean.xml#L1147	Unsupported sequenceExpr
fn-boolean	boolean-006	https://github.com/w3c/qt3tests/blob/201a6e466940cdfc727f4babfedcde5332b9f578/fn/boolean.xml#L1156	Unsupported sequenceExpr
fn-boolean	boolean-007	https://github.com/w3c/qt3tests/blob/201a6e466940cdfc727f4babfedcde5332b9f578/fn/boolean.xml#L1165	Unsupported sequenceExpr
fn-boolean	boolean-008	https://github.com/w3c/qt3tests/blob/201a6e466940cdfc727f4babfedcde5332b9f578/fn/boolean.xml#L1174	Unsupported environment with namespace
fn-boolean	boolean-009	https://github.com/w3c/qt3tests/blob/201a6e466940cdfc727f4babfedcde5332b9f578/fn/boolean.xml#L1185	Unsupported environment with namespace
fn-boolean	boolean-010	https://github.com/w3c/qt3tests/blob/201a6e466940cdfc727f4babfedcde5332b9f578/fn/boolean.xml#L1195	Unsupported arrayElem
fn-boolean	boolean-010b	https://github.com/w3c/qt3tests/blob/201a6e466940cdfc727f4babfedcde5332b9f578/fn/boolean.xml#L1205	Unsupported squareArray
fn-boolean	boolean-011	https://github.com/w3c/qt3tests/blob/201a6e466940cdfc727f4babfedcde5332b9f578/fn/boolean.xml#L1215	Unsupported mapConstructor
fn-boolean	boolean-012	https://github.com/w3c/qt3tests/blob/201a6e466940cdfc727f4babfedcde5332b9f578/fn/boolean.xml#L1225	Unsupported dependencies feature higherOrderFunctions
fn-boolean	boolean-013	https://github.com/w3c/qt3tests/blob/201a6e466940cdfc727f4babfedcde5332b9f578/fn/boolean.xml#L1236	Unsupported curlyArray
fn-boolean	boolean-014	https://github.com/w3c/qt3tests/blob/201a6e466940cdfc727f4babfedcde5332b9f578/fn/boolean.xml#L1246	Unsupported mapKeyExpr
fn-boolean	cbcl-boolean-001	https://github.com/w3c/qt3tests/blob/201a6e466940cdfc727f4babfedcde5332b9f578/fn/boolean.xml#L1256	Unsupported dependencies spec XQ10+
fn-boolean	cbcl-boolean-002	https://github.com/w3c/qt3tests/blob/201a6e466940cdfc727f4babfedcde5332b9f578/fn/boolean.xml#L1276	Unsupported dependencies spec XQ10+
fn-boolean	cbcl-boolean-003	https://github.com/w3c/qt3tests/blob/201a6e466940cdfc727f4babfedcde5332b9f578/fn/boolean.xml#L1294	Unsupported dependencies spec XQ10+
fn-boolean	cbcl-boolean-004	https://github.com/w3c/qt3tests/blob/201a6e466940cdfc727f4babfedcde5332b9f578/fn/boolean.xml#L1306	Unsupported varName
fn-boolean	cbcl-boolean-005	https://github.com/w3c/qt3tests/blob/201a6e466940cdfc727f4babfedcde5332b9f578/fn/boolean.xml#L1314	Unsupported dependencies spec XQ10+
fn-boolean	cbcl-boolean-006	https://github.com/w3c/qt3tests/blob/201a6e466940cdfc727f4babfedcde5332b9f578/fn/boolean.xml#L1327	Unsupported dependencies spec XQ10+
fn-ceiling	fn-ceilingint1args-1-dyn	https://github.com/w3c/qt3tests/blob/201a6e466940cdfc727f4babfedcde5332b9f578/fn/ceiling.xml#L57	Unsupported dependencies spec XQ10+
fn-ceiling	fn-ceilingdec1args-1-dyn	https://github.com/w3c/qt3tests/blob/201a6e466940cdfc727f4babfedcde5332b9f578/fn/ceiling.xml#L128	Unsupported dependencies spec XQ10+
fn-ceiling	fn-ceilingdbl1args-1-dyn	https://github.com/w3c/qt3tests/blob/201a6e466940cdfc727f4babfedcde5332b9f578/fn/ceiling.xml#L169	Unsupported dependencies spec XQ10+
fn-ceiling	fn-ceilingflt1args-1-dyn	https://github.com/w3c/qt3tests/blob/201a6e466940cdfc727f4babfedcde5332b9f578/fn/ceiling.xml#L210	Unsupported dependencies spec XQ10+
fn-ceiling	K-CeilingFunc-1	https://github.com/w3c/qt3tests/blob/201a6e466940cdfc727f4babfedcde5332b9f578/fn/ceiling.xml#L481	Unsupported function fn:ceiling#0
fn-ceiling	K-CeilingFunc-2	https://github.com/w3c/qt3tests/blob/201a6e466940cdfc727f4babfedcde5332b9f578/fn/ceiling.xml#L491	Unsupported function fn:ceiling#2
fn-ceiling	K-CeilingFunc-3	https://github.com/w3c/qt3tests/blob/201a6e466940cdfc727f4babfedcde5332b9f578/fn/ceiling.xml#L501	Unsupported sequenceExpr
fn-ceiling	K-CeilingFunc-3-dyn	https://github.com/w3c/qt3tests/blob/201a6e466940cdfc727f4babfedcde5332b9f578/fn/ceiling.xml#L511	Unsupported dependencies spec XQ10+
fn-ceiling	K2-CeilingFunc-1	https://github.com/w3c/qt3tests/blob/201a6e466940cdfc727f4babfedcde5332b9f578/fn/ceiling.xml#L552	Unsupported environment with source
fn-ceiling	K2-CeilingFunc-2	https://github.com/w3c/qt3tests/blob/201a6e466940cdfc727f4babfedcde5332b9f578/fn/ceiling.xml#L562	Unsupported environment with source
fn-ceiling	K2-CeilingFunc-3	https://github.com/w3c/qt3tests/blob/201a6e466940cdfc727f4babfedcde5332b9f578/fn/ceiling.xml#L572	Unsupported environment with source
fn-ceiling	K2-CeilingFunc-4	https://github.com/w3c/qt3tests/blob/201a6e466940cdfc727f4babfedcde5332b9f578/fn/ceiling.xml#L582	Unsupported environment with source
fn-ceiling	K2-CeilingFunc-5	https://github.com/w3c/qt3tests/blob/201a6e466940cdfc727f4babfedcde5332b9f578/fn/ceiling.xml#L592	Unsupported environment with source
fn-ceiling	K2-CeilingFunc-6	https://github.com/w3c/qt3tests/blob/201a6e466940cdfc727f4babfedcde5332b9f578/fn/ceiling.xml#L603	Unsupported environment with source
fn-ceiling	K2-CeilingFunc-7	https://github.com/w3c/qt3tests/blob/201a6e466940cdfc727f4babfedcde5332b9f578/fn/ceiling.xml#L613	Unsupported environment with source
fn-ceiling	K2-CeilingFunc-8	https://github.com/w3c/qt3tests/blob/201a6e466940cdfc727f4babfedcde5332b9f578/fn/ceiling.xml#L623	Unsupported environment with source
fn-ceiling	K2-CeilingFunc-9	https://github.com/w3c/qt3tests/blob/201a6e466940cdfc727f4babfedcde5332b9f578/fn/ceiling.xml#L633	Unsupported environment with source
fn-ceiling	K2-CeilingFunc-10	https://github.com/w3c/qt3tests/blob/201a6e466940cdfc727f4babfedcde5332b9f578/fn/ceiling.xml#L643	Unsupported environment with source
fn-ceiling	K2-CeilingFunc-11	https://github.com/w3c/qt3tests/blob/201a6e466940cdfc727f4babfedcde5332b9f578/fn/ceiling.xml#L653	Unsupported environment with source
fn-ceiling	K2-CeilingFunc-12	https://github.com/w3c/qt3tests/blob/201a6e466940cdfc727f4babfedcde5332b9f578/fn/ceiling.xml#L663	Unsupported environment with source
fn-ceiling	fn-ceiling-1	https://github.com/w3c/qt3tests/blob/201a6e466940cdfc727f4babfedcde5332b9f578/fn/ceiling.xml#L673	Unsupported varName
fn-ceiling	fn-ceiling-double-8-dyn	https://github.com/w3c/qt3tests/blob/201a6e466940cdfc727f4babfedcde5332b9f578/fn/ceiling.xml#L869	Unsupported dependencies spec XQ10+
fn-ceiling	fn-ceiling-float-8-dyn	https://github.com/w3c/qt3tests/blob/201a6e466940cdfc727f4babfedcde5332b9f578/fn/ceiling.xml#L1016	Unsupported dependencies spec XQ10+
fn-concat	fn-concat-2	https://github.com/w3c/qt3tests/blob/201a6e466940cdfc727f4babfedcde5332b9f578/fn/concat.xml#L601	Unsupported sequenceExpr
fn-concat	fn-concat-3	https://github.com/w3c/qt3tests/blob/201a6e466940cdfc727f4babfedcde5332b9f578/fn/concat.xml#L610	Unsupported sequenceExpr
fn-concat	fn-concat-8	https://github.com/w3c/qt3tests/blob/201a6e466940cdfc727f4babfedcde5332b9f578/fn/concat.xml#L655	Unsupported function fn:count#1
fn-concat	fn-concat-18	https://github.com/w3c/qt3tests/blob/201a6e466940cdfc727f4babfedcde5332b9f578/fn/concat.xml#L745	Unsupported dependencies feature higherOrderFunctions
fn-concat	K-ConcatFunc-1	https://github.com/w3c/qt3tests/blob/201a6e466940cdfc727f4babfedcde5332b9f578/fn/concat.xml#L757	Unsupported function fn:concat#0
fn-concat	K-ConcatFunc-2	https://github.com/w3c/qt3tests/blob/201a6e466940cdfc727f4babfedcde5332b9f578/fn/concat.xml#L767	Unsupported function fn:concat#1
fn-concat	K-ConcatFunc-4	https://github.com/w3c/qt3tests/blob/201a6e466940cdfc727f4babfedcde5332b9f578/fn/concat.xml#L786	Unsupported sequenceType
fn-concat	K-ConcatFunc-5	https://github.com/w3c/qt3tests/blob/201a6e466940cdfc727f4babfedcde5332b9f578/fn/concat.xml#L795	Unsupported sequenceExpr
fn-concat	K-ConcatFunc-6	https://github.com/w3c/qt3tests/blob/201a6e466940cdfc727f4babfedcde5332b9f578/fn/concat.xml#L804	Unsupported sequenceExpr
fn-concat	K-ConcatFunc-7	https://github.com/w3c/qt3tests/blob/201a6e466940cdfc727f4babfedcde5332b9f578/fn/concat.xml#L813	Unsupported sequenceExpr
fn-concat	K2-ConcatFunc-1	https://github.com/w3c/qt3tests/blob/201a6e466940cdfc727f4babfedcde5332b9f578/fn/concat.xml#L840	Unsupported sequenceExpr
fn-concat	K2-ConcatFunc-2	https://github.com/w3c/qt3tests/blob/201a6e466940cdfc727f4babfedcde5332b9f578/fn/concat.xml#L850	Unsupported sequenceExpr
fn-concat	K2-ConcatFunc-3	https://github.com/w3c/qt3tests/blob/201a6e466940cdfc727f4babfedcde5332b9f578/fn/concat.xml#L860	Unsupported sequenceExpr
fn-contains	fn-contains-1-dyn	https://github.com/w3c/qt3tests/blob/201a6e466940cdfc727f4babfedcde5332b9f578/fn/contains.xml#L73	Unsupported dependencies spec XQ31+
fn-contains	fn-contains-4	https://github.com/w3c/qt3tests/blob/201a6e466940cdfc727f4babfedcde5332b9f578/fn/contains.xml#L102	Unsupported sequenceExpr
fn-contains	fn-contains-4-dyn	https://github.com/w3c/qt3tests/blob/201a6e466940cdfc727f4babfedcde5332b9f578/fn/contains.xml#L111	Unsupported dependencies spec XQ31+
fn-contains	fn-contains-5	https://github.com/w3c/qt3tests/blob/201a6e466940cdfc727f4babfedcde5332b9f578/fn/contains.xml#L123	Unsupported sequenceExpr
fn-contains	fn-contains-5-dyn	https://github.com/w3c/qt3tests/blob/201a6e466940cdfc727f4babfedcde5332b9f578/fn/contains.xml#L132	Unsupported dependencies spec XQ31+
fn-contains	fn-contains-6	https://github.com/w3c/qt3tests/blob/201a6e466940cdfc727f4babfedcde5332b9f578/fn/contains.xml#L145	Unsupported sequenceExpr
fn-contains	fn-contains-7	https://github.com/w3c/qt3tests/blob/201a6e466940cdfc727f4babfedcde5332b9f578/fn/contains.xml#L154	Unsupported sequenceExpr
fn-contains	fn-contains-11-dyn	https://github.com/w3c/qt3tests/blob/201a6e466940cdfc727f4babfedcde5332b9f578/fn/contains.xml#L199	Unsupported dependencies spec XQ31+
fn-contains	fn-contains-17	https://github.com/w3c/qt3tests/blob/201a6e466940cdfc727f4babfedcde5332b9f578/fn/contains.xml#L256	Unsupported function fn:contains#3
fn-contains	fn-contains-17-dyn	https://github.com/w3c/qt3tests/blob/201a6e466940cdfc727f4babfedcde5332b9f578/fn/contains.xml#L266	Unsupported dependencies spec XQ31+
fn-contains	fn-contains-18	https://github.com/w3c/qt3tests/blob/201a6e466940cdfc727f4babfedcde5332b9f578/fn/contains.xml#L279	Unsupported function fn:contains#3
fn-contains	fn-contains-18-dyn	https://github.com/w3c/qt3tests/blob/201a6e466940cdfc727f4babfedcde5332b9f578/fn/contains.xml#L289	Unsupported dependencies spec XQ31+
fn-contains	fn-contains-19	https://github.com/w3c/qt3tests/blob/201a6e466940cdfc727f4babfedcde5332b9f578/fn/contains.xml#L302	Unsupported function fn:contains#3
fn-contains	fn-contains-20	https://github.com/w3c/qt3tests/blob/201a6e466940cdfc727f4babfedcde5332b9f578/fn/contains.xml#L312	Unsupported function fn:contains#3
fn-contains	fn-contains-21	https://github.com/w3c/qt3tests/blob/201a6e466940cdfc727f4babfedcde5332b9f578/fn/contains.xml#L322	Unsupported dependencies feature advanced-uca-fallback
fn-contains	fn-contains-22	https://github.com/w3c/qt3tests/blob/201a6e466940cdfc727f4babfedcde5332b9f578/fn/contains.xml#L334	Unsupported function fn:contains#3
fn-contains	fn-contains-23	https://github.com/w3c/qt3tests/blob/201a6e466940cdfc727f4babfedcde5332b9f578/fn/contains.xml#L344	Unsupported dependencies feature advanced-uca-fallback
fn-contains	fn-contains-24	https://github.com/w3c/qt3tests/blob/201a6e466940cdfc727f4babfedcde5332b9f578/fn/contains.xml#L356	Unsupported function fn:contains#3
fn-contains	fn-contains-25	https://github.com/w3c/qt3tests/blob/201a6e466940cdfc727f4babfedcde5332b9f578/fn/contains.xml#L366	Unsupported function fn:contains#3
fn-contains	fn-contains-26	https://github.com/w3c/qt3tests/blob/201a6e466940cdfc727f4babfedcde5332b9f578/fn/contains.xml#L376	Unsupported function fn:contains#3
fn-contains	fn-contains-27	https://github.com/w3c/qt3tests/blob/201a6e466940cdfc727f4babfedcde5332b9f578/fn/contains.xml#L386	Unsupported function fn:contains#3
fn-contains	fn-contains-28	https://github.com/w3c/qt3tests/blob/201a6e466940cdfc727f4babfedcde5332b9f578/fn/contains.xml#L396	Unsupported function fn:contains#3
fn-contains	fn-contains-29	https://github.com/w3c/qt3tests/blob/201a6e466940cdfc727f4babfedcde5332b9f578/fn/contains.xml#L406	Unsupported function fn:contains#3
fn-contains	fn-contains-30	https://github.com/w3c/qt3tests/blob/201a6e466940cdfc727f4babfedcde5332b9f578/fn/contains.xml#L416	Unsupported function fn:contains#3
fn-contains	fn-contains-31	https://github.com/w3c/qt3tests/blob/201a6e466940cdfc727f4babfedcde5332b9f578/fn/contains.xml#L426	Unsupported function fn:contains#3
fn-contains	fn-contains-32	https://github.com/w3c/qt3tests/blob/201a6e466940cdfc727f4babfedcde5332b9f578/fn/contains.xml#L436	Unsupported dependencies feature advanced-uca-fallback
fn-contains	fn-contains-33	https://github.com/w3c/qt3tests/blob/201a6e466940cdfc727f4babfedcde5332b9f578/fn/contains.xml#L451	Unsupported dependencies feature advanced-uca-fallback
fn-contains	fn-contains-34	https://github.com/w3c/qt3tests/blob/201a6e466940cdfc727f4babfedcde5332b9f578/fn/contains.xml#L466	Unsupported dependencies feature advanced-uca-fallback
fn-contains	fn-contains-35	https://github.com/w3c/qt3tests/blob/201a6e466940cdfc727f4babfedcde5332b9f578/fn/contains.xml#L478	Unsupported function fn:contains#3
fn-contains	fn-contains-36	https://github.com/w3c/qt3tests/blob/201a6e466940cdfc727f4babfedcde5332b9f578/fn/contains.xml#L488	Unsupported dependencies feature advanced-uca-fallback
fn-contains	fn-contains-37	https://github.com/w3c/qt3tests/blob/201a6e466940cdfc727f4babfedcde5332b9f578/fn/contains.xml#L500	Unsupported function fn:contains#3
fn-contains	fn-contains-38	https://github.com/w3c/qt3tests/blob/201a6e466940cdfc727f4babfedcde5332b9f578/fn/contains.xml#L510	Unsupported dependencies feature advanced-uca-fallback
fn-contains	K-ContainsFunc-1	https://github.com/w3c/qt3tests/blob/201a6e466940cdfc727f4babfedcde5332b9f578/fn/contains.xml#L523	Unsupported function fn:contains#0
fn-contains	K-ContainsFunc-2	https://github.com/w3c/qt3tests/blob/201a6e466940cdfc727f4babfedcde5332b9f578/fn/contains.xml#L532	Unsupported sequenceExpr
fn-contains	K-ContainsFunc-3	https://github.com/w3c/qt3tests/blob/201a6e466940cdfc727f4babfedcde5332b9f578/fn/contains.xml#L541	Unsupported sequenceExpr
fn-contains	K-ContainsFunc-3-dyn	https://github.com/w3c/qt3tests/blob/201a6e466940cdfc727f4babfedcde5332b9f578/fn/contains.xml#L550	Unsupported dependencies spec XQ31+
fn-contains	K-ContainsFunc-4	https://github.com/w3c/qt3tests/blob/201a6e466940cdfc727f4babfedcde5332b9f578/fn/contains.xml#L561	Unsupported function fn:contains#3
fn-contains	K-ContainsFunc-4-dyn	https://github.com/w3c/qt3tests/blob/201a6e466940cdfc727f4babfedcde5332b9f578/fn/contains.xml#L570	Unsupported dependencies spec XQ31+
fn-contains	K-ContainsFunc-5	https://github.com/w3c/qt3tests/blob/201a6e466940cdfc727f4babfedcde5332b9f578/fn/contains.xml#L582	Unsupported function fn:contains#3
fn-contains	K-ContainsFunc-8	https://github.com/w3c/qt3tests/blob/201a6e466940cdfc727f4babfedcde5332b9f578/fn/contains.xml#L609	Unsupported sequenceExpr
fn-contains	K-ContainsFunc-9	https://github.com/w3c/qt3tests/blob/201a6e466940cdfc727f4babfedcde5332b9f578/fn/contains.xml#L618	Unsupported sequenceExpr
fn-contains	K2-ContainsFunc-1	https://github.com/w3c/qt3tests/blob/201a6e466940cdfc727f4babfedcde5332b9f578/fn/contains.xml#L645	Unsupported varName
fn-contains	K2-ContainsFunc-2	https://github.com/w3c/qt3tests/blob/201a6e466940cdfc727f4babfedcde5332b9f578/fn/contains.xml#L657	Unsupported varName
fn-contains	K2-ContainsFunc-3	https://github.com/w3c/qt3tests/blob/201a6e466940cdfc727f4babfedcde5332b9f578/fn/contains.xml#L669	Unsupported varName
fn-contains	K2-ContainsFunc-4	https://github.com/w3c/qt3tests/blob/201a6e466940cdfc727f4babfedcde5332b9f578/fn/contains.xml#L681	Unsupported varName
fn-contains	K2-ContainsFunc-5	https://github.com/w3c/qt3tests/blob/201a6e466940cdfc727f4babfedcde5332b9f578/fn/contains.xml#L693	Unsupported varName
fn-contains	K2-ContainsFunc-6	https://github.com/w3c/qt3tests/blob/201a6e466940cdfc727f4babfedcde5332b9f578/fn/contains.xml#L705	Unsupported varName
fn-contains	cbcl-contains-001	https://github.com/w3c/qt3tests/blob/201a6e466940cdfc727f4babfedcde5332b9f578/fn/contains.xml#L717	Unsupported function fn:contains#3
fn-contains	cbcl-contains-002	https://github.com/w3c/qt3tests/blob/201a6e466940cdfc727f4babfedcde5332b9f578/fn/contains.xml#L726	Unsupported function fn:contains#3
fn-contains	cbcl-contains-003	https://github.com/w3c/qt3tests/blob/201a6e466940cdfc727f4babfedcde5332b9f578/fn/contains.xml#L735	Unsupported sequenceExpr
fn-contains	liam-contains-001	https://github.com/w3c/qt3tests/blob/201a6e466940cdfc727f4babfedcde5332b9f578/fn/contains.xml#L744	Unsupported function fn:contains#3
fn-contains	liam-contains-002	https://github.com/w3c/qt3tests/blob/201a6e466940cdfc727f4babfedcde5332b9f578/fn/contains.xml#L757	Unsupported function fn:contains#3
fn-contains	liam-contains-003	https://github.com/w3c/qt3tests/blob/201a6e466940cdfc727f4babfedcde5332b9f578/fn/contains.xml#L770	Unsupported function fn:contains#3
fn-contains	liam-contains-004	https://github.com/w3c/qt3tests/blob/201a6e466940cdfc727f4babfedcde5332b9f578/fn/contains.xml#L783	Unsupported function fn:contains#3
fn-day-from-date	fn-day-from-date-5	https://github.com/w3c/qt3tests/blob/201a6e466940cdfc727f4babfedcde5332b9f578/fn/day-from-date.xml#L70	Unsupported sequenceExpr
fn-day-from-date	fn-day-from-date-7	https://github.com/w3c/qt3tests/blob/201a6e466940cdfc727f4babfedcde5332b9f578/fn/day-from-date.xml#L88	Unsupported sequenceExpr
fn-day-from-date	fn-day-from-date-12	https://github.com/w3c/qt3tests/blob/201a6e466940cdfc727f4babfedcde5332b9f578/fn/day-from-date.xml#L133	Unsupported idivOp
fn-day-from-date	fn-day-from-date-13	https://github.com/w3c/qt3tests/blob/201a6e466940cdfc727f4babfedcde5332b9f578/fn/day-from-date.xml#L142	Unsupported modOp
fn-day-from-date	K-DayFromDateFunc-1	https://github.com/w3c/qt3tests/blob/201a6e466940cdfc727f4babfedcde5332b9f578/fn/day-from-date.xml#L205	Unsupported function fn:day-from-date#0
fn-day-from-date	K-DayFromDateFunc-2	https://github.com/w3c/qt3tests/blob/201a6e466940cdfc727f4babfedcde5332b9f578/fn/day-from-date.xml#L214	Unsupported sequenceExpr
fn-day-from-date	K-DayFromDateFunc-3	https://github.com/w3c/qt3tests/blob/201a6e466940cdfc727f4babfedcde5332b9f578/fn/day-from-date.xml#L223	Unsupported sequenceExpr
fn-day-from-date	K-DayFromDateFunc-4	https://github.com/w3c/qt3tests/blob/201a6e466940cdfc727f4babfedcde5332b9f578/fn/day-from-date.xml#L232	Unsupported sequenceExpr
fn-day-from-dateTime	fn-day-from-dateTime-3	https://github.com/w3c/qt3tests/blob/201a6e466940cdfc727f4babfedcde5332b9f578/fn/day-from-dateTime.xml#L52	Unsupported function fn:adjust-dateTime-to-timezone#2
fn-day-from-dateTime	fn-day-from-dateTime-4	https://github.com/w3c/qt3tests/blob/201a6e466940cdfc727f4babfedcde5332b9f578/fn/day-from-dateTime.xml#L61	Unsupported sequenceExpr
fn-day-from-dateTime	fn-day-from-dateTime-5	https://github.com/w3c/qt3tests/blob/201a6e466940cdfc727f4babfedcde5332b9f578/fn/day-from-dateTime.xml#L70	Unsupported sequenceExpr
fn-day-from-dateTime	fn-day-from-dateTime-12	https://github.com/w3c/qt3tests/blob/201a6e466940cdfc727f4babfedcde5332b9f578/fn/day-from-dateTime.xml#L133	Unsupported idivOp
fn-day-from-dateTime	fn-day-from-dateTime-13	https://github.com/w3c/qt3tests/blob/201a6e466940cdfc727f4babfedcde5332b9f578/fn/day-from-dateTime.xml#L142	Unsupported modOp
fn-day-from-dateTime	K-DayFromDateTimeFunc-1	https://github.com/w3c/qt3tests/blob/201a6e466940cdfc727f4babfedcde5332b9f578/fn/day-from-dateTime.xml#L205	Unsupported function fn:day-from-dateTime#0
fn-day-from-dateTime	K-DayFromDateTimeFunc-2	https://github.com/w3c/qt3tests/blob/201a6e466940cdfc727f4babfedcde5332b9f578/fn/day-from-dateTime.xml#L214	Unsupported sequenceExpr
fn-day-from-dateTime	K-DayFromDateTimeFunc-3	https://github.com/w3c/qt3tests/blob/201a6e466940cdfc727f4babfedcde5332b9f578/fn/day-from-dateTime.xml#L223	Unsupported sequenceExpr
fn-day-from-dateTime	K-DayFromDateTimeFunc-4	https://github.com/w3c/qt3tests/blob/201a6e466940cdfc727f4babfedcde5332b9f578/fn/day-from-dateTime.xml#L232	Unsupported sequenceExpr
fn-encode-for-uri	fn-encode-for-uri1args-5	https://github.com/w3c/qt3tests/blob/201a6e466940cdfc727f4babfedcde5332b9f578/fn/encode-for-uri.xml#L43	Unsupported sequenceExpr
fn-encode-for-uri	fn-encode-for-uri1args-7	https://github.com/w3c/qt3tests/blob/201a6e466940cdfc727f4babfedcde5332b9f578/fn/encode-for-uri.xml#L61	Unsupported sequenceExpr
fn-encode-for-uri	K-EncodeURIfunc-1	https://github.com/w3c/qt3tests/blob/201a6e466940cdfc727f4babfedcde5332b9f578/fn/encode-for-uri.xml#L214	Unsupported function fn:encode-for-uri#0
fn-encode-for-uri	K-EncodeURIfunc-2	https://github.com/w3c/qt3tests/blob/201a6e466940cdfc727f4babfedcde5332b9f578/fn/encode-for-uri.xml#L223	Unsupported function fn:encode-for-uri#2
fn-encode-for-uri	K-EncodeURIfunc-3	https://github.com/w3c/qt3tests/blob/201a6e466940cdfc727f4babfedcde5332b9f578/fn/encode-for-uri.xml#L232	Unsupported sequenceExpr
fn-encode-for-uri	K-EncodeURIfunc-6	https://github.com/w3c/qt3tests/blob/201a6e466940cdfc727f4babfedcde5332b9f578/fn/encode-for-uri.xml#L259	Unsupported function fn:current-time#0
fn-ends-with	fn-ends-with-4	https://github.com/w3c/qt3tests/blob/201a6e466940cdfc727f4babfedcde5332b9f578/fn/ends-with.xml#L79	Unsupported sequenceExpr
fn-ends-with	fn-ends-with-5	https://github.com/w3c/qt3tests/blob/201a6e466940cdfc727f4babfedcde5332b9f578/fn/ends-with.xml#L88	Unsupported sequenceExpr
fn-ends-with	fn-ends-with-6	https://github.com/w3c/qt3tests/blob/201a6e466940cdfc727f4babfedcde5332b9f578/fn/ends-with.xml#L97	Unsupported sequenceExpr
fn-ends-with	fn-ends-with-7	https://github.com/w3c/qt3tests/blob/201a6e466940cdfc727f4babfedcde5332b9f578/fn/ends-with.xml#L106	Unsupported sequenceExpr
fn-ends-with	fn-ends-with-17	https://github.com/w3c/qt3tests/blob/201a6e466940cdfc727f4babfedcde5332b9f578/fn/ends-with.xml#L196	Unsupported function fn:ends-with#3
fn-ends-with	fn-ends-with-18	https://github.com/w3c/qt3tests/blob/201a6e466940cdfc727f4babfedcde5332b9f578/fn/ends-with.xml#L206	Unsupported function fn:ends-with#3
fn-ends-with	fn-ends-with-19	https://github.com/w3c/qt3tests/blob/201a6e466940cdfc727f4babfedcde5332b9f578/fn/ends-with.xml#L216	Unsupported function fn:ends-with#3
fn-ends-with	fn-ends-with-20	https://github.com/w3c/qt3tests/blob/201a6e466940cdfc727f4babfedcde5332b9f578/fn/ends-with.xml#L226	Unsupported function fn:ends-with#3
fn-ends-with	fn-ends-with-21	https://github.com/w3c/qt3tests/blob/201a6e466940cdfc727f4babfedcde5332b9f578/fn/ends-with.xml#L236	Unsupported dependencies feature advanced-uca-fallback
fn-ends-with	fn-ends-with-22	https://github.com/w3c/qt3tests/blob/201a6e466940cdfc727f4babfedcde5332b9f578/fn/ends-with.xml#L248	Unsupported function fn:ends-with#3
fn-ends-with	fn-ends-with-23	https://github.com/w3c/qt3tests/blob/201a6e466940cdfc727f4babfedcde5332b9f578/fn/ends-with.xml#L258	Unsupported dependencies feature advanced-uca-fallback
fn-ends-with	fn-ends-with-24	https://github.com/w3c/qt3tests/blob/201a6e466940cdfc727f4babfedcde5332b9f578/fn/ends-with.xml#L270	Unsupported function fn:ends-with#3
fn-ends-with	fn-ends-with-25	https://github.com/w3c/qt3tests/blob/201a6e466940cdfc727f4babfedcde5332b9f578/fn/ends-with.xml#L280	Unsupported function fn:ends-with#3
fn-ends-with	fn-ends-with-26	https://github.com/w3c/qt3tests/blob/201a6e466940cdfc727f4babfedcde5332b9f578/fn/ends-with.xml#L290	Unsupported function fn:ends-with#3
fn-ends-with	fn-ends-with-27	https://github.com/w3c/qt3tests/blob/201a6e466940cdfc727f4babfedcde5332b9f578/fn/ends-with.xml#L300	Unsupported function fn:ends-with#3
fn-ends-with	fn-ends-with-28	https://github.com/w3c/qt3tests/blob/201a6e466940cdfc727f4babfedcde5332b9f578/fn/ends-with.xml#L310	Unsupported function fn:ends-with#3
fn-ends-with	fn-ends-with-29	https://github.com/w3c/qt3tests/blob/201a6e466940cdfc727f4babfedcde5332b9f578/fn/ends-with.xml#L320	Unsupported function fn:ends-with#3
fn-ends-with	fn-ends-with-30	https://github.com/w3c/qt3tests/blob/201a6e466940cdfc727f4babfedcde5332b9f578/fn/ends-with.xml#L330	Unsupported function fn:ends-with#3
fn-ends-with	fn-ends-with-31	https://github.com/w3c/qt3tests/blob/201a6e466940cdfc727f4babfedcde5332b9f578/fn/ends-with.xml#L340	Unsupported function fn:ends-with#3
fn-ends-with	fn-ends-with-32	https://github.com/w3c/qt3tests/blob/201a6e466940cdfc727f4babfedcde5332b9f578/fn/ends-with.xml#L350	Unsupported dependencies feature advanced-uca-fallback
fn-ends-with	fn-ends-with-33	https://github.com/w3c/qt3tests/blob/201a6e466940cdfc727f4babfedcde5332b9f578/fn/ends-with.xml#L366	Unsupported function fn:ends-with#3
fn-ends-with	K-EndsWithFunc-1	https://github.com/w3c/qt3tests/blob/201a6e466940cdfc727f4babfedcde5332b9f578/fn/ends-with.xml#L380	Unsupported function fn:ends-with#0
fn-ends-with	K-EndsWithFunc-2	https://github.com/w3c/qt3tests/blob/201a6e466940cdfc727f4babfedcde5332b9f578/fn/ends-with.xml#L389	Unsupported sequenceExpr
fn-ends-with	K-EndsWithFunc-3	https://github.com/w3c/qt3tests/blob/201a6e466940cdfc727f4babfedcde5332b9f578/fn/ends-with.xml#L398	Unsupported sequenceExpr
fn-ends-with	K-EndsWithFunc-4	https://github.com/w3c/qt3tests/blob/201a6e466940cdfc727f4babfedcde5332b9f578/fn/ends-with.xml#L407	Unsupported function fn:ends-with#3
fn-ends-with	K-EndsWithFunc-5	https://github.com/w3c/qt3tests/blob/201a6e466940cdfc727f4babfedcde5332b9f578/fn/ends-with.xml#L416	Unsupported function fn:ends-with#3
fn-ends-with	K-EndsWithFunc-9	https://github.com/w3c/qt3tests/blob/201a6e466940cdfc727f4babfedcde5332b9f578/fn/ends-with.xml#L452	Unsupported sequenceExpr
fn-ends-with	K-EndsWithFunc-10	https://github.com/w3c/qt3tests/blob/201a6e466940cdfc727f4babfedcde5332b9f578/fn/ends-with.xml#L461	Unsupported sequenceExpr
fn-ends-with	K2-EndsWithFunc-1	https://github.com/w3c/qt3tests/blob/201a6e466940cdfc727f4babfedcde5332b9f578/fn/ends-with.xml#L470	Unsupported varName
fn-ends-with	K2-EndsWithFunc-2	https://github.com/w3c/qt3tests/blob/201a6e466940cdfc727f4babfedcde5332b9f578/fn/ends-with.xml#L482	Unsupported varName
fn-ends-with	K2-EndsWithFunc-3	https://github.com/w3c/qt3tests/blob/201a6e466940cdfc727f4babfedcde5332b9f578/fn/ends-with.xml#L495	Unsupported varName
fn-ends-with	K2-EndsWithFunc-4	https://github.com/w3c/qt3tests/blob/201a6e466940cdfc727f4babfedcde5332b9f578/fn/ends-with.xml#L508	Unsupported varName
fn-ends-with	K2-EndsWithFunc-5	https://github.com/w3c/qt3tests/blob/201a6e466940cdfc727f4babfedcde5332b9f578/fn/ends-with.xml#L521	Unsupported varName
fn-ends-with	K2-EndsWithFunc-6	https://github.com/w3c/qt3tests/blob/201a6e466940cdfc727f4babfedcde5332b9f578/fn/ends-with.xml#L534	Unsupported varName
fn-ends-with	cbcl-ends-with-001	https://github.com/w3c/qt3tests/blob/201a6e466940cdfc727f4babfedcde5332b9f578/fn/ends-with.xml#L548	Unsupported function fn:ends-with#3
fn-false	fn-false-22	https://github.com/w3c/qt3tests/blob/201a6e466940cdfc727f4babfedcde5332b9f578/fn/false.xml#L199	Unsupported dependencies feature higherOrderFunctions
fn-false	K-FalseFunc-1	https://github.com/w3c/qt3tests/blob/201a6e466940cdfc727f4babfedcde5332b9f578/fn/false.xml#L210	Unsupported function fn:false#1
fn-floor	K-FloorFunc-1	https://github.com/w3c/qt3tests/blob/201a6e466940cdfc727f4babfedcde5332b9f578/fn/floor.xml#L416	Unsupported function fn:floor#0
fn-floor	K-FloorFunc-2	https://github.com/w3c/qt3tests/blob/201a6e466940cdfc727f4babfedcde5332b9f578/fn/floor.xml#L426	Unsupported function fn:floor#2
fn-floor	K-FloorFunc-3	https://github.com/w3c/qt3tests/blob/201a6e466940cdfc727f4babfedcde5332b9f578/fn/floor.xml#L436	Unsupported sequenceExpr
fn-floor	K2-FloorFunc-1	https://github.com/w3c/qt3tests/blob/201a6e466940cdfc727f4babfedcde5332b9f578/fn/floor.xml#L476	Unsupported environment with source
fn-floor	K2-FloorFunc-2	https://github.com/w3c/qt3tests/blob/201a6e466940cdfc727f4babfedcde5332b9f578/fn/floor.xml#L486	Unsupported environment with source
fn-floor	K2-FloorFunc-3	https://github.com/w3c/qt3tests/blob/201a6e466940cdfc727f4babfedcde5332b9f578/fn/floor.xml#L496	Unsupported environment with source
fn-floor	K2-FloorFunc-4	https://github.com/w3c/qt3tests/blob/201a6e466940cdfc727f4babfedcde5332b9f578/fn/floor.xml#L506	Unsupported environment with source
fn-floor	K2-FloorFunc-5	https://github.com/w3c/qt3tests/blob/201a6e466940cdfc727f4babfedcde5332b9f578/fn/floor.xml#L516	Unsupported environment with source
fn-floor	K2-FloorFunc-6	https://github.com/w3c/qt3tests/blob/201a6e466940cdfc727f4babfedcde5332b9f578/fn/floor.xml#L526	Unsupported environment with source
fn-floor	K2-FloorFunc-7	https://github.com/w3c/qt3tests/blob/201a6e466940cdfc727f4babfedcde5332b9f578/fn/floor.xml#L536	Unsupported environment with source
fn-floor	K2-FloorFunc-8	https://github.com/w3c/qt3tests/blob/201a6e466940cdfc727f4babfedcde5332b9f578/fn/floor.xml#L546	Unsupported environment with source
fn-floor	K2-FloorFunc-9	https://github.com/w3c/qt3tests/blob/201a6e466940cdfc727f4babfedcde5332b9f578/fn/floor.xml#L556	Unsupported environment with source
fn-floor	K2-FloorFunc-10	https://github.com/w3c/qt3tests/blob/201a6e466940cdfc727f4babfedcde5332b9f578/fn/floor.xml#L566	Unsupported environment with source
fn-floor	K2-FloorFunc-11	https://github.com/w3c/qt3tests/blob/201a6e466940cdfc727f4babfedcde5332b9f578/fn/floor.xml#L576	Unsupported environment with source
fn-floor	K2-FloorFunc-12	https://github.com/w3c/qt3tests/blob/201a6e466940cdfc727f4babfedcde5332b9f578/fn/floor.xml#L586	Unsupported environment with source
fn-floor	K2-FloorFunc-13	https://github.com/w3c/qt3tests/blob/201a6e466940cdfc727f4babfedcde5332b9f578/fn/floor.xml#L596	Unsupported environment with source
fn-floor	fn-floor-1	https://github.com/w3c/qt3tests/blob/201a6e466940cdfc727f4babfedcde5332b9f578/fn/floor.xml#L606	Unsupported varName
fn-hours-from-dateTime	fn-hours-from-dateTime-3	https://github.com/w3c/qt3tests/blob/201a6e466940cdfc727f4babfedcde5332b9f578/fn/hours-from-dateTime.xml#L52	Unsupported function fn:adjust-dateTime-to-timezone#2
fn-hours-from-dateTime	fn-hours-from-dateTime-5	https://github.com/w3c/qt3tests/blob/201a6e466940cdfc727f4babfedcde5332b9f578/fn/hours-from-dateTime.xml#L70	Unsupported sequenceExpr
fn-hours-from-dateTime	fn-hours-from-dateTime-12	https://github.com/w3c/qt3tests/blob/201a6e466940cdfc727f4babfedcde5332b9f578/fn/hours-from-dateTime.xml#L133	Unsupported idivOp
fn-hours-from-dateTime	fn-hours-from-dateTime-13	https://github.com/w3c/qt3tests/blob/201a6e466940cdfc727f4babfedcde5332b9f578/fn/hours-from-dateTime.xml#L142	Unsupported modOp
fn-hours-from-dateTime	K-HoursFromDateTimeFunc-1	https://github.com/w3c/qt3tests/blob/201a6e466940cdfc727f4babfedcde5332b9f578/fn/hours-from-dateTime.xml#L205	Unsupported function fn:hours-from-dateTime#0
fn-hours-from-dateTime	K-HoursFromDateTimeFunc-2	https://github.com/w3c/qt3tests/blob/201a6e466940cdfc727f4babfedcde5332b9f578/fn/hours-from-dateTime.xml#L214	Unsupported sequenceExpr
fn-hours-from-dateTime	K-HoursFromDateTimeFunc-3	https://github.com/w3c/qt3tests/blob/201a6e466940cdfc727f4babfedcde5332b9f578/fn/hours-from-dateTime.xml#L223	Unsupported sequenceExpr
fn-hours-from-dateTime	K-HoursFromDateTimeFunc-4	https://github.com/w3c/qt3tests/blob/201a6e466940cdfc727f4babfedcde5332b9f578/fn/hours-from-dateTime.xml#L232	Unsupported sequenceExpr
fn-hours-from-time	fn-hours-from-time-4	https://github.com/w3c/qt3tests/blob/201a6e466940cdfc727f4babfedcde5332b9f578/fn/hours-from-time.xml#L61	Unsupported function fn:adjust-time-to-timezone#2
fn-hours-from-time	fn-hours-from-time-5	https://github.com/w3c/qt3tests/blob/201a6e466940cdfc727f4babfedcde5332b9f578/fn/hours-from-time.xml#L70	Unsupported sequenceExpr
fn-hours-from-time	fn-hours-from-time-12	https://github.com/w3c/qt3tests/blob/201a6e466940cdfc727f4babfedcde5332b9f578/fn/hours-from-time.xml#L133	Unsupported idivOp
fn-hours-from-time	fn-hours-from-time-13	https://github.com/w3c/qt3tests/blob/201a6e466940cdfc727f4babfedcde5332b9f578/fn/hours-from-time.xml#L142	Unsupported modOp
fn-hours-from-time	K-HoursFromTimeFunc-1	https://github.com/w3c/qt3tests/blob/201a6e466940cdfc727f4babfedcde5332b9f578/fn/hours-from-time.xml#L205	Unsupported function fn:hours-from-time#0
fn-hours-from-time	K-HoursFromTimeFunc-2	https://github.com/w3c/qt3tests/blob/201a6e466940cdfc727f4babfedcde5332b9f578/fn/hours-from-time.xml#L214	Unsupported sequenceExpr
fn-hours-from-time	K-HoursFromTimeFunc-3	https://github.com/w3c/qt3tests/blob/201a6e466940cdfc727f4babfedcde5332b9f578/fn/hours-from-time.xml#L223	Unsupported sequenceExpr
fn-hours-from-time	K-HoursFromTimeFunc-4	https://github.com/w3c/qt3tests/blob/201a6e466940cdfc727f4babfedcde5332b9f578/fn/hours-from-time.xml#L232	Unsupported sequenceExpr
fn-lower-case	fn-lower-case-2	https://github.com/w3c/qt3tests/blob/201a6e466940cdfc727f4babfedcde5332b9f578/fn/lower-case.xml#L43	Unsupported sequenceExpr
fn-lower-case	fn-lower-case-8	https://github.com/w3c/qt3tests/blob/201a6e466940cdfc727f4babfedcde5332b9f578/fn/lower-case.xml#L97	Unsupported function fn:count#1
fn-lower-case	fn-lower-case-18	https://github.com/w3c/qt3tests/blob/201a6e466940cdfc727f4babfedcde5332b9f578/fn/lower-case.xml#L187	Unsupported startExpr
fn-lower-case	fn-lower-case-19	https://github.com/w3c/qt3tests/blob/201a6e466940cdfc727f4babfedcde5332b9f578/fn/lower-case.xml#L202	Unsupported dependencies unicode-version 7.0
fn-lower-case	fn-lower-case-20	https://github.com/w3c/qt3tests/blob/201a6e466940cdfc727f4babfedcde5332b9f578/fn/lower-case.xml#L224	Unsupported function fn:codepoints-to-string#1
fn-lower-case	fn-lower-case-21	https://github.com/w3c/qt3tests/blob/201a6e466940cdfc727f4babfedcde5332b9f578/fn/lower-case.xml#L233	Unsupported function fn:codepoints-to-string#1
fn-lower-case	K-LowerCaseFunc-1	https://github.com/w3c/qt3tests/blob/201a6e466940cdfc727f4babfedcde5332b9f578/fn/lower-case.xml#L242	Unsupported function fn:lower-case#0
fn-lower-case	K-LowerCaseFunc-2	https://github.com/w3c/qt3tests/blob/201a6e466940cdfc727f4babfedcde5332b9f578/fn/lower-case.xml#L251	Unsupported function fn:lower-case#2
fn-lower-case	K-LowerCaseFunc-3	https://github.com/w3c/qt3tests/blob/201a6e466940cdfc727f4babfedcde5332b9f578/fn/lower-case.xml#L260	Unsupported sequenceExpr
fn-matches	fn-matches-5	https://github.com/w3c/qt3tests/blob/201a6e466940cdfc727f4babfedcde5332b9f578/fn/matches.xml#L133	Unsupported function fn:count#1
fn-matches	fn-matches-26	https://github.com/w3c/qt3tests/blob/201a6e466940cdfc727f4babfedcde5332b9f578/fn/matches.xml#L323	Unsupported function fn:codepoints-to-string#1
fn-matches	fn-matches-41	https://github.com/w3c/qt3tests/blob/201a6e466940cdfc727f4babfedcde5332b9f578/fn/matches.xml#L475	Unsupported function fn:codepoints-to-string#1
fn-matches	fn-matches-42	https://github.com/w3c/qt3tests/blob/201a6e466940cdfc727f4babfedcde5332b9f578/fn/matches.xml#L484	Unsupported function fn:codepoints-to-string#1
fn-matches	fn-matches-43	https://github.com/w3c/qt3tests/blob/201a6e466940cdfc727f4babfedcde5332b9f578/fn/matches.xml#L493	Unsupported function fn:codepoints-to-string#1
fn-matches	fn-matches-44	https://github.com/w3c/qt3tests/blob/201a6e466940cdfc727f4babfedcde5332b9f578/fn/matches.xml#L502	Unsupported function fn:codepoints-to-string#1
fn-matches	fn-matches-45	https://github.com/w3c/qt3tests/blob/201a6e466940cdfc727f4babfedcde5332b9f578/fn/matches.xml#L511	Unsupported function fn:codepoints-to-string#1
fn-matches	fn-matches-46	https://github.com/w3c/qt3tests/blob/201a6e466940cdfc727f4babfedcde5332b9f578/fn/matches.xml#L522	Unsupported function fn:codepoints-to-string#1
fn-matches	fn-matches-47	https://github.com/w3c/qt3tests/blob/201a6e466940cdfc727f4babfedcde5332b9f578/fn/matches.xml#L531	Unsupported function fn:codepoints-to-string#1
fn-matches	fn-matches-50	https://github.com/w3c/qt3tests/blob/201a6e466940cdfc727f4babfedcde5332b9f578/fn/matches.xml#L560	Unsupported dependencies spec XQ30+, xsd-version 1.0
fn-matches	fn-matches-55	https://github.com/w3c/qt3tests/blob/201a6e466940cdfc727f4babfedcde5332b9f578/fn/matches.xml#L631	Unsupported sequenceExpr
fn-matches	fn-matches-56	https://github.com/w3c/qt3tests/blob/201a6e466940cdfc727f4babfedcde5332b9f578/fn/matches.xml#L642	Unsupported sequenceExpr
fn-matches	fn-matches-57	https://github.com/w3c/qt3tests/blob/201a6e466940cdfc727f4babfedcde5332b9f578/fn/matches.xml#L653	Unsupported sequenceExpr
fn-matches	fn-matches-58	https://github.com/w3c/qt3tests/blob/201a6e466940cdfc727f4babfedcde5332b9f578/fn/matches.xml#L664	Unsupported sequenceExpr
fn-matches	fn-matches-59	https://github.com/w3c/qt3tests/blob/201a6e466940cdfc727f4babfedcde5332b9f578/fn/matches.xml#L675	Unsupported sequenceExpr
fn-matches	fn-matches-60	https://github.com/w3c/qt3tests/blob/201a6e466940cdfc727f4babfedcde5332b9f578/fn/matches.xml#L686	Unsupported sequenceExpr
fn-matches	fn-matches-61	https://github.com/w3c/qt3tests/blob/201a6e466940cdfc727f4babfedcde5332b9f578/fn/matches.xml#L697	Unsupported sequenceExpr
fn-matches	caselessmatch04	https://github.com/w3c/qt3tests/blob/201a6e466940cdfc727f4babfedcde5332b9f578/fn/matches.xml#L735	Unsupported function fn:codepoints-to-string#1
fn-matches	caselessmatch05	https://github.com/w3c/qt3tests/blob/201a6e466940cdfc727f4babfedcde5332b9f578/fn/matches.xml#L745	Unsupported function fn:codepoints-to-string#1
fn-matches	caselessmatch06	https://github.com/w3c/qt3tests/blob/201a6e466940cdfc727f4babfedcde5332b9f578/fn/matches.xml#L755	Unsupported function fn:codepoints-to-string#1
fn-matches	caselessmatch07	https://github.com/w3c/qt3tests/blob/201a6e466940cdfc727f4babfedcde5332b9f578/fn/matches.xml#L765	Unsupported function fn:codepoints-to-string#1
fn-matches	K-MatchesFunc-1	https://github.com/w3c/qt3tests/blob/201a6e466940cdfc727f4babfedcde5332b9f578/fn/matches.xml#L847	Unsupported sequenceExpr
fn-matches	K-MatchesFunc-2	https://github.com/w3c/qt3tests/blob/201a6e466940cdfc727f4babfedcde5332b9f578/fn/matches.xml#L856	Unsupported function fn:matches#1
fn-matches	K-MatchesFunc-3	https://github.com/w3c/qt3tests/blob/201a6e466940cdfc727f4babfedcde5332b9f578/fn/matches.xml#L865	Unsupported sequenceExpr
fn-matches	K-MatchesFunc-4	https://github.com/w3c/qt3tests/blob/201a6e466940cdfc727f4babfedcde5332b9f578/fn/matches.xml#L874	Unsupported sequenceExpr
fn-matches	K2-MatchesFunc-15	https://github.com/w3c/qt3tests/blob/201a6e466940cdfc727f4babfedcde5332b9f578/fn/matches.xml#L1027	Unsupported sequenceExpr
fn-matches	K2-MatchesFunc-16a	https://github.com/w3c/qt3tests/blob/201a6e466940cdfc727f4babfedcde5332b9f578/fn/matches.xml#L1047	Unsupported dependencies xsd-version 1.0
fn-matches	cbcl-matches-006	https://github.com/w3c/qt3tests/blob/201a6e466940cdfc727f4babfedcde5332b9f578/fn/matches.xml#L1124	Unsupported dependencies spec XQ10+
fn-matches	cbcl-matches-041	https://github.com/w3c/qt3tests/blob/201a6e466940cdfc727f4babfedcde5332b9f578/fn/matches.xml#L1517	Unsupported dependencies spec XQ10+
fn-matches	cbcl-matches-047	https://github.com/w3c/qt3tests/blob/201a6e466940cdfc727f4babfedcde5332b9f578/fn/matches.xml#L1592	Unsupported dependencies spec XQ10+
fn-matches.re	re00056	https://github.com/w3c/qt3tests/blob/201a6e466940cdfc727f4babfedcde5332b9f578/fn/matches.re.xml#L456	Unsupported dependencies xsd-version 1.0
fn-matches.re	re00086	https://github.com/w3c/qt3tests/blob/201a6e466940cdfc727f4babfedcde5332b9f578/fn/matches.re.xml#L710	Unsupported dependencies xsd-version 1.0
fn-matches.re	re00102a	https://github.com/w3c/qt3tests/blob/201a6e466940cdfc727f4babfedcde5332b9f578/fn/matches.re.xml#L864	Unsupported dependencies xsd-version 1.0
fn-matches.re	re00127	https://github.com/w3c/qt3tests/blob/201a6e466940cdfc727f4babfedcde5332b9f578/fn/matches.re.xml#L1075	Unsupported varName
fn-matches.re	re00127a	https://github.com/w3c/qt3tests/blob/201a6e466940cdfc727f4babfedcde5332b9f578/fn/matches.re.xml#L1094	Unsupported dependencies spec XQ30+
fn-matches.re	re00129	https://github.com/w3c/qt3tests/blob/201a6e466940cdfc727f4babfedcde5332b9f578/fn/matches.re.xml#L1118	Unsupported varName
fn-matches.re	re00129a	https://github.com/w3c/qt3tests/blob/201a6e466940cdfc727f4babfedcde5332b9f578/fn/matches.re.xml#L1133	Unsupported dependencies spec XQ30+
fn-matches.re	re00130	https://github.com/w3c/qt3tests/blob/201a6e466940cdfc727f4babfedcde5332b9f578/fn/matches.re.xml#L1144	Unsupported varName
fn-matches.re	re00130a	https://github.com/w3c/qt3tests/blob/201a6e466940cdfc727f4babfedcde5332b9f578/fn/matches.re.xml#L1160	Unsupported dependencies spec XQ30+
fn-matches.re	re00984	https://github.com/w3c/qt3tests/blob/201a6e466940cdfc727f4babfedcde5332b9f578/fn/matches.re.xml#L8093	Unsupported quantifier
fn-matches.re	re00985	https://github.com/w3c/qt3tests/blob/201a6e466940cdfc727f4babfedcde5332b9f578/fn/matches.re.xml#L8105	Unsupported quantifier
fn-matches.re	re00987	https://github.com/w3c/qt3tests/blob/201a6e466940cdfc727f4babfedcde5332b9f578/fn/matches.re.xml#L8117	Unsupported dependencies spec XQ30+
fn-minutes-from-dateTime	fn-minutes-from-dateTime-5	https://github.com/w3c/qt3tests/blob/201a6e466940cdfc727f4babfedcde5332b9f578/fn/minutes-from-dateTime.xml#L71	Unsupported sequenceExpr
fn-minutes-from-dateTime	fn-minutes-from-dateTime-12	https://github.com/w3c/qt3tests/blob/201a6e466940cdfc727f4babfedcde5332b9f578/fn/minutes-from-dateTime.xml#L134	Unsupported idivOp
fn-minutes-from-dateTime	fn-minutes-from-dateTime-13	https://github.com/w3c/qt3tests/blob/201a6e466940cdfc727f4babfedcde5332b9f578/fn/minutes-from-dateTime.xml#L143	Unsupported modOp
fn-minutes-from-dateTime	K-MinutesFromDateTimeFunc-1	https://github.com/w3c/qt3tests/blob/201a6e466940cdfc727f4babfedcde5332b9f578/fn/minutes-from-dateTime.xml#L206	Unsupported function fn:minutes-from-dateTime#0
fn-minutes-from-dateTime	K-MinutesFromDateTimeFunc-2	https://github.com/w3c/qt3tests/blob/201a6e466940cdfc727f4babfedcde5332b9f578/fn/minutes-from-dateTime.xml#L215	Unsupported sequenceExpr
fn-minutes-from-dateTime	K-MinutesFromDateTimeFunc-3	https://github.com/w3c/qt3tests/blob/201a6e466940cdfc727f4babfedcde5332b9f578/fn/minutes-from-dateTime.xml#L224	Unsupported sequenceExpr
fn-minutes-from-dateTime	K-MinutesFromDateTimeFunc-4	https://github.com/w3c/qt3tests/blob/201a6e466940cdfc727f4babfedcde5332b9f578/fn/minutes-from-dateTime.xml#L233	Unsupported sequenceExpr
fn-minutes-from-time	fn-minutes-from-time-4	https://github.com/w3c/qt3tests/blob/201a6e466940cdfc727f4babfedcde5332b9f578/fn/minutes-from-time.xml#L61	Unsupported sequenceExpr
fn-minutes-from-time	fn-minutes-from-time-5	https://github.com/w3c/qt3tests/blob/201a6e466940cdfc727f4babfedcde5332b9f578/fn/minutes-from-time.xml#L70	Unsupported sequenceExpr
fn-minutes-from-time	fn-minutes-from-time-12	https://github.com/w3c/qt3tests/blob/201a6e466940cdfc727f4babfedcde5332b9f578/fn/minutes-from-time.xml#L133	Unsupported idivOp
fn-minutes-from-time	fn-minutes-from-time-13	https://github.com/w3c/qt3tests/blob/201a6e466940cdfc727f4babfedcde5332b9f578/fn/minutes-from-time.xml#L142	Unsupported modOp
fn-minutes-from-time	K-MinutesFromTimeFunc-1	https://github.com/w3c/qt3tests/blob/201a6e466940cdfc727f4babfedcde5332b9f578/fn/minutes-from-time.xml#L205	Unsupported function fn:minutes-from-time#0
fn-minutes-from-time	K-MinutesFromTimeFunc-2	https://github.com/w3c/qt3tests/blob/201a6e466940cdfc727f4babfedcde5332b9f578/fn/minutes-from-time.xml#L214	Unsupported sequenceExpr
fn-minutes-from-time	K-MinutesFromTimeFunc-3	https://github.com/w3c/qt3tests/blob/201a6e466940cdfc727f4babfedcde5332b9f578/fn/minutes-from-time.xml#L223	Unsupported sequenceExpr
fn-minutes-from-time	K-MinutesFromTimeFunc-4	https://github.com/w3c/qt3tests/blob/201a6e466940cdfc727f4babfedcde5332b9f578/fn/minutes-from-time.xml#L232	Unsupported sequenceExpr
fn-month-from-date	fn-month-from-date-5	https://github.com/w3c/qt3tests/blob/201a6e466940cdfc727f4babfedcde5332b9f578/fn/month-from-date.xml#L70	Unsupported sequenceExpr
fn-month-from-date	fn-month-from-date-12	https://github.com/w3c/qt3tests/blob/201a6e466940cdfc727f4babfedcde5332b9f578/fn/month-from-date.xml#L133	Unsupported idivOp
fn-month-from-date	fn-month-from-date-13	https://github.com/w3c/qt3tests/blob/201a6e466940cdfc727f4babfedcde5332b9f578/fn/month-from-date.xml#L142	Unsupported modOp
fn-month-from-date	K-MonthFromDateFunc-1	https://github.com/w3c/qt3tests/blob/201a6e466940cdfc727f4babfedcde5332b9f578/fn/month-from-date.xml#L205	Unsupported function fn:month-from-date#0
fn-month-from-date	K-MonthFromDateFunc-2	https://github.com/w3c/qt3tests/blob/201a6e466940cdfc727f4babfedcde5332b9f578/fn/month-from-date.xml#L214	Unsupported sequenceExpr
fn-month-from-date	K-MonthFromDateFunc-3	https://github.com/w3c/qt3tests/blob/201a6e466940cdfc727f4babfedcde5332b9f578/fn/month-from-date.xml#L223	Unsupported sequenceExpr
fn-month-from-date	K-MonthFromDateFunc-4	https://github.com/w3c/qt3tests/blob/201a6e466940cdfc727f4babfedcde5332b9f578/fn/month-from-date.xml#L232	Unsupported sequenceExpr
fn-month-from-dateTime	fn-month-from-dateTime-3	https://github.com/w3c/qt3tests/blob/201a6e466940cdfc727f4babfedcde5332b9f578/fn/month-from-dateTime.xml#L52	Unsupported function fn:adjust-dateTime-to-timezone#2
fn-month-from-dateTime	fn-month-from-dateTime-4	https://github.com/w3c/qt3tests/blob/201a6e466940cdfc727f4babfedcde5332b9f578/fn/month-from-dateTime.xml#L61	Unsupported sequenceExpr
fn-month-from-dateTime	fn-month-from-dateTime-5	https://github.com/w3c/qt3tests/blob/201a6e466940cdfc727f4babfedcde5332b9f578/fn/month-from-dateTime.xml#L70	Unsupported sequenceExpr
fn-month-from-dateTime	fn-month-from-dateTime-12	https://github.com/w3c/qt3tests/blob/201a6e466940cdfc727f4babfedcde5332b9f578/fn/month-from-dateTime.xml#L133	Unsupported idivOp
fn-month-from-dateTime	fn-month-from-dateTime-13	https://github.com/w3c/qt3tests/blob/201a6e466940cdfc727f4babfedcde5332b9f578/fn/month-from-dateTime.xml#L142	Unsupported modOp
fn-month-from-dateTime	K-MonthFromDateTimeFunc-1	https://github.com/w3c/qt3tests/blob/201a6e466940cdfc727f4babfedcde5332b9f578/fn/month-from-dateTime.xml#L205	Unsupported function fn:month-from-dateTime#0
fn-month-from-dateTime	K-MonthFromDateTimeFunc-2	https://github.com/w3c/qt3tests/blob/201a6e466940cdfc727f4babfedcde5332b9f578/fn/month-from-dateTime.xml#L214	Unsupported sequenceExpr
fn-month-from-dateTime	K-MonthFromDateTimeFunc-3	https://github.com/w3c/qt3tests/blob/201a6e466940cdfc727f4babfedcde5332b9f578/fn/month-from-dateTime.xml#L223	Unsupported sequenceExpr
fn-month-from-dateTime	K-MonthFromDateTimeFunc-4	https://github.com/w3c/qt3tests/blob/201a6e466940cdfc727f4babfedcde5332b9f578/fn/month-from-dateTime.xml#L232	Unsupported sequenceExpr
fn-not	fn-not-22	https://github.com/w3c/qt3tests/blob/201a6e466940cdfc727f4babfedcde5332b9f578/fn/not.xml#L547	Unsupported environment with namespace
fn-not	fn-not-23	https://github.com/w3c/qt3tests/blob/201a6e466940cdfc727f4babfedcde5332b9f578/fn/not.xml#L557	Unsupported environment with namespace
fn-not	fn-not-27	https://github.com/w3c/qt3tests/blob/201a6e466940cdfc727f4babfedcde5332b9f578/fn/not.xml#L595	Unsupported sequenceExpr
fn-not	fn-not-28	https://github.com/w3c/qt3tests/blob/201a6e466940cdfc727f4babfedcde5332b9f578/fn/not.xml#L604	Unsupported environment with namespace
fn-not	fn-not-29	https://github.com/w3c/qt3tests/blob/201a6e466940cdfc727f4babfedcde5332b9f578/fn/not.xml#L614	Unsupported environment with namespace
fn-not	K-NotFunc-1	https://github.com/w3c/qt3tests/blob/201a6e466940cdfc727f4babfedcde5332b9f578/fn/not.xml#L624	Unsupported function fn:not#0
fn-not	K-NotFunc-2	https://github.com/w3c/qt3tests/blob/201a6e466940cdfc727f4babfedcde5332b9f578/fn/not.xml#L633	Unsupported function fn:not#6
fn-not	K-NotFunc-7	https://github.com/w3c/qt3tests/blob/201a6e466940cdfc727f4babfedcde5332b9f578/fn/not.xml#L678	Unsupported sequenceExpr
fn-not	K-NotFunc-8	https://github.com/w3c/qt3tests/blob/201a6e466940cdfc727f4babfedcde5332b9f578/fn/not.xml#L687	Unsupported cast type xs:anyURI
fn-not	K-NotFunc-9	https://github.com/w3c/qt3tests/blob/201a6e466940cdfc727f4babfedcde5332b9f578/fn/not.xml#L696	Unsupported cast type xs:anyURI
fn-not	K-NotFunc-10	https://github.com/w3c/qt3tests/blob/201a6e466940cdfc727f4babfedcde5332b9f578/fn/not.xml#L705	Unsupported function fn:current-time#0
fn-not	cbcl-not-001	https://github.com/w3c/qt3tests/blob/201a6e466940cdfc727f4babfedcde5332b9f578/fn/not.xml#L714	Unsupported dependencies spec XQ10+
fn-not	cbcl-not-002	https://github.com/w3c/qt3tests/blob/201a6e466940cdfc727f4babfedcde5332b9f578/fn/not.xml#L725	Unsupported sequenceExpr
fn-not	cbcl-not-003	https://github.com/w3c/qt3tests/blob/201a6e466940cdfc727f4babfedcde5332b9f578/fn/not.xml#L735	Unsupported function fn:current-date#0
fn-not	cbcl-not-004	https://github.com/w3c/qt3tests/blob/201a6e466940cdfc727f4babfedcde5332b9f578/fn/not.xml#L745	Unsupported dependencies spec XQ10+
fn-not	cbcl-not-005	https://github.com/w3c/qt3tests/blob/201a6e466940cdfc727f4babfedcde5332b9f578/fn/not.xml#L759	Unsupported dependencies spec XQ10+
fn-replace	fn-replace-11	https://github.com/w3c/qt3tests/blob/201a6e466940cdfc727f4babfedcde5332b9f578/fn/replace.xml#L187	Unsupported sequenceExpr
fn-replace	fn-replace-43	https://github.com/w3c/qt3tests/blob/201a6e466940cdfc727f4babfedcde5332b9f578/fn/replace.xml#L479	Unsupported function fn:codepoints-to-string#1
fn-replace	fn-replace-44	https://github.com/w3c/qt3tests/blob/201a6e466940cdfc727f4babfedcde5332b9f578/fn/replace.xml#L488	Unsupported function fn:codepoints-to-string#1
fn-replace	fn-replace-58	https://github.com/w3c/qt3tests/blob/201a6e466940cdfc727f4babfedcde5332b9f578/fn/replace.xml#L623	Unsupported varName
fn-replace	K-ReplaceFunc-2	https://github.com/w3c/qt3tests/blob/201a6e466940cdfc727f4babfedcde5332b9f578/fn/replace.xml#L655	Unsupported sequenceExpr
fn-replace	K-ReplaceFunc-3	https://github.com/w3c/qt3tests/blob/201a6e466940cdfc727f4babfedcde5332b9f578/fn/replace.xml#L664	Unsupported sequenceExpr
fn-replace	K-ReplaceFunc-5	https://github.com/w3c/qt3tests/blob/201a6e466940cdfc727f4babfedcde5332b9f578/fn/replace.xml#L682	Unsupported sequenceExpr
fn-replace	K2-ReplaceFunc-8	https://github.com/w3c/qt3tests/blob/201a6e466940cdfc727f4babfedcde5332b9f578/fn/replace.xml#L790	Unsupported dependencies spec XQ10+
fn-replace	cbcl-fn-replace-001	https://github.com/w3c/qt3tests/blob/201a6e466940cdfc727f4babfedcde5332b9f578/fn/replace.xml#L813	Unsupported startExpr
fn-replace	cbcl-fn-replace-003	https://github.com/w3c/qt3tests/blob/201a6e466940cdfc727f4babfedcde5332b9f578/fn/replace.xml#L833	Unsupported varName
fn-replace	cbcl-fn-replace-004	https://github.com/w3c/qt3tests/blob/201a6e466940cdfc727f4babfedcde5332b9f578/fn/replace.xml#L844	Unsupported varName
fn-replace	cbcl-fn-replace-005	https://github.com/w3c/qt3tests/blob/201a6e466940cdfc727f4babfedcde5332b9f578/fn/replace.xml#L855	Unsupported varName
fn-round	K-RoundFunc-1	https://github.com/w3c/qt3tests/blob/201a6e466940cdfc727f4babfedcde5332b9f578/fn/round.xml#L388	Unsupported function fn:round#0
fn-round	K-RoundFunc-2	https://github.com/w3c/qt3tests/blob/201a6e466940cdfc727f4babfedcde5332b9f578/fn/round.xml#L397	Unsupported dependencies spec XP20 XQ10
fn-round	K-RoundFunc-2a	https://github.com/w3c/qt3tests/blob/201a6e466940cdfc727f4babfedcde5332b9f578/fn/round.xml#L408	Unsupported function fn:round#2
fn-round	K-RoundFunc-3	https://github.com/w3c/qt3tests/blob/201a6e466940cdfc727f4babfedcde5332b9f578/fn/round.xml#L418	Unsupported sequenceExpr
fn-round	K2-RoundFunc-1	https://github.com/w3c/qt3tests/blob/201a6e466940cdfc727f4babfedcde5332b9f578/fn/round.xml#L481	Unsupported environment with source
fn-round	K2-RoundFunc-2	https://github.com/w3c/qt3tests/blob/201a6e466940cdfc727f4babfedcde5332b9f578/fn/round.xml#L494	Unsupported environment with source
fn-round	K2-RoundFunc-3	https://github.com/w3c/qt3tests/blob/201a6e466940cdfc727f4babfedcde5332b9f578/fn/round.xml#L507	Unsupported environment with source
fn-round	K2-RoundFunc-4	https://github.com/w3c/qt3tests/blob/201a6e466940cdfc727f4babfedcde5332b9f578/fn/round.xml#L520	Unsupported environment with source
fn-round	K2-RoundFunc-5	https://github.com/w3c/qt3tests/blob/201a6e466940cdfc727f4babfedcde5332b9f578/fn/round.xml#L533	Unsupported environment with source
fn-round	K2-RoundFunc-6	https://github.com/w3c/qt3tests/blob/201a6e466940cdfc727f4babfedcde5332b9f578/fn/round.xml#L548	Unsupported environment with source
fn-round	K2-RoundFunc-7	https://github.com/w3c/qt3tests/blob/201a6e466940cdfc727f4babfedcde5332b9f578/fn/round.xml#L561	Unsupported environment with source
fn-round	K2-RoundFunc-8	https://github.com/w3c/qt3tests/blob/201a6e466940cdfc727f4babfedcde5332b9f578/fn/round.xml#L574	Unsupported environment with source
fn-round	K2-RoundFunc-9	https://github.com/w3c/qt3tests/blob/201a6e466940cdfc727f4babfedcde5332b9f578/fn/round.xml#L588	Unsupported environment with source
fn-round	K2-RoundFunc-10	https://github.com/w3c/qt3tests/blob/201a6e466940cdfc727f4babfedcde5332b9f578/fn/round.xml#L601	Unsupported environment with source
fn-round	K2-RoundFunc-11	https://github.com/w3c/qt3tests/blob/201a6e466940cdfc727f4babfedcde5332b9f578/fn/round.xml#L614	Unsupported environment with source
fn-round	K2-RoundFunc-12	https://github.com/w3c/qt3tests/blob/201a6e466940cdfc727f4babfedcde5332b9f578/fn/round.xml#L627	Unsupported environment with source
fn-round	fn-round-1	https://github.com/w3c/qt3tests/blob/201a6e466940cdfc727f4babfedcde5332b9f578/fn/round.xml#L2245	Unsupported varName
fn-round	fn-round-decimal-8	https://github.com/w3c/qt3tests/blob/201a6e466940cdfc727f4babfedcde5332b9f578/fn/round.xml#L2331	Unsupported function fn:round#2
fn-round	fn-round-decimal-9	https://github.com/w3c/qt3tests/blob/201a6e466940cdfc727f4babfedcde5332b9f578/fn/round.xml#L2344	Unsupported function fn:round#2
fn-round	fn-round-decimal-10	https://github.com/w3c/qt3tests/blob/201a6e466940cdfc727f4babfedcde5332b9f578/fn/round.xml#L2357	Unsupported function fn:round#2
fn-round	fn-round-decimal-11	https://github.com/w3c/qt3tests/blob/201a6e466940cdfc727f4babfedcde5332b9f578/fn/round.xml#L2370	Unsupported function fn:round#2
fn-round	fn-round-decimal-12	https://github.com/w3c/qt3tests/blob/201a6e466940cdfc727f4babfedcde5332b9f578/fn/round.xml#L2383	Unsupported function fn:round#2
fn-round	fn-round2args-1	https://github.com/w3c/qt3tests/blob/201a6e466940cdfc727f4babfedcde5332b9f578/fn/round.xml#L2396	Unsupported function fn:round#2
fn-round	fn-round2args-2	https://github.com/w3c/qt3tests/blob/201a6e466940cdfc727f4babfedcde5332b9f578/fn/round.xml#L2410	Unsupported function fn:round#2
fn-round	fn-round2args-3	https://github.com/w3c/qt3tests/blob/201a6e466940cdfc727f4babfedcde5332b9f578/fn/round.xml#L2425	Unsupported function fn:round#2
fn-round	fn-round2args-4	https://github.com/w3c/qt3tests/blob/201a6e466940cdfc727f4babfedcde5332b9f578/fn/round.xml#L2440	Unsupported function fn:round#2
fn-round	fn-round2args-5	https://github.com/w3c/qt3tests/blob/201a6e466940cdfc727f4babfedcde5332b9f578/fn/round.xml#L2455	Unsupported function fn:round#2
fn-round	fn-round2args-6	https://github.com/w3c/qt3tests/blob/201a6e466940cdfc727f4babfedcde5332b9f578/fn/round.xml#L2471	Unsupported function fn:round#2
fn-round	fn-round2args-1f	https://github.com/w3c/qt3tests/blob/201a6e466940cdfc727f4babfedcde5332b9f578/fn/round.xml#L2487	Unsupported function fn:round#2
fn-round	fn-round2args-2f	https://github.com/w3c/qt3tests/blob/201a6e466940cdfc727f4babfedcde5332b9f578/fn/round.xml#L2501	Unsupported function fn:round#2
fn-round	fn-round2args-3f	https://github.com/w3c/qt3tests/blob/201a6e466940cdfc727f4babfedcde5332b9f578/fn/round.xml#L2514	Unsupported function fn:round#2
fn-round	fn-round2args-4f	https://github.com/w3c/qt3tests/blob/201a6e466940cdfc727f4babfedcde5332b9f578/fn/round.xml#L2527	Unsupported function fn:round#2
fn-round	fn-round2args-5f	https://github.com/w3c/qt3tests/blob/201a6e466940cdfc727f4babfedcde5332b9f578/fn/round.xml#L2540	Unsupported function fn:round#2
fn-round	fn-round2args-6f	https://github.com/w3c/qt3tests/blob/201a6e466940cdfc727f4babfedcde5332b9f578/fn/round.xml#L2556	Unsupported function fn:round#2
fn-seconds-from-dateTime	fn-seconds-from-dateTime-2	https://github.com/w3c/qt3tests/blob/201a6e466940cdfc727f4babfedcde5332b9f578/fn/seconds-from-dateTime.xml#L44	Unsupported sequenceExpr
fn-seconds-from-dateTime	fn-seconds-from-dateTime-5	https://github.com/w3c/qt3tests/blob/201a6e466940cdfc727f4babfedcde5332b9f578/fn/seconds-from-dateTime.xml#L71	Unsupported sequenceExpr
fn-seconds-from-dateTime	fn-seconds-from-dateTime-12	https://github.com/w3c/qt3tests/blob/201a6e466940cdfc727f4babfedcde5332b9f578/fn/seconds-from-dateTime.xml#L134	Unsupported idivOp
fn-seconds-from-dateTime	fn-seconds-from-dateTime-13	https://github.com/w3c/qt3tests/blob/201a6e466940cdfc727f4babfedcde5332b9f578/fn/seconds-from-dateTime.xml#L143	Unsupported modOp
fn-seconds-from-dateTime	K-SecondsFromDateTimeFunc-1	https://github.com/w3c/qt3tests/blob/201a6e466940cdfc727f4babfedcde5332b9f578/fn/seconds-from-dateTime.xml#L206	Unsupported function fn:seconds-from-dateTime#0
fn-seconds-from-dateTime	K-SecondsFromDateTimeFunc-2	https://github.com/w3c/qt3tests/blob/201a6e466940cdfc727f4babfedcde5332b9f578/fn/seconds-from-dateTime.xml#L215	Unsupported sequenceExpr
fn-seconds-from-dateTime	K-SecondsFromDateTimeFunc-3	https://github.com/w3c/qt3tests/blob/201a6e466940cdfc727f4babfedcde5332b9f578/fn/seconds-from-dateTime.xml#L224	Unsupported sequenceExpr
fn-seconds-from-dateTime	K-SecondsFromDateTimeFunc-4	https://github.com/w3c/qt3tests/blob/201a6e466940cdfc727f4babfedcde5332b9f578/fn/seconds-from-dateTime.xml#L233	Unsupported sequenceExpr
fn-seconds-from-time	fn-seconds-from-time-4	https://github.com/w3c/qt3tests/blob/201a6e466940cdfc727f4babfedcde5332b9f578/fn/seconds-from-time.xml#L61	Unsupported sequenceExpr
fn-seconds-from-time	fn-seconds-from-time-5	https://github.com/w3c/qt3tests/blob/201a6e466940cdfc727f4babfedcde5332b9f578/fn/seconds-from-time.xml#L70	Unsupported sequenceExpr
fn-seconds-from-time	fn-seconds-from-time-12	https://github.com/w3c/qt3tests/blob/201a6e466940cdfc727f4babfedcde5332b9f578/fn/seconds-from-time.xml#L133	Unsupported idivOp
fn-seconds-from-time	fn-seconds-from-time-13	https://github.com/w3c/qt3tests/blob/201a6e466940cdfc727f4babfedcde5332b9f578/fn/seconds-from-time.xml#L142	Unsupported modOp
fn-seconds-from-time	K-SecondsFromTimeFunc-1	https://github.com/w3c/qt3tests/blob/201a6e466940cdfc727f4babfedcde5332b9f578/fn/seconds-from-time.xml#L205	Unsupported function fn:seconds-from-time#0
fn-seconds-from-time	K-SecondsFromTimeFunc-2	https://github.com/w3c/qt3tests/blob/201a6e466940cdfc727f4babfedcde5332b9f578/fn/seconds-from-time.xml#L214	Unsupported sequenceExpr
fn-seconds-from-time	K-SecondsFromTimeFunc-3	https://github.com/w3c/qt3tests/blob/201a6e466940cdfc727f4babfedcde5332b9f578/fn/seconds-from-time.xml#L223	Unsupported sequenceExpr
fn-seconds-from-time	K-SecondsFromTimeFunc-4	https://github.com/w3c/qt3tests/blob/201a6e466940cdfc727f4babfedcde5332b9f578/fn/seconds-from-time.xml#L232	Unsupported sequenceExpr
fn-starts-with	fn-starts-with-4	https://github.com/w3c/qt3tests/blob/201a6e466940cdfc727f4babfedcde5332b9f578/fn/starts-with.xml#L79	Unsupported sequenceExpr
fn-starts-with	fn-starts-with-5	https://github.com/w3c/qt3tests/blob/201a6e466940cdfc727f4babfedcde5332b9f578/fn/starts-with.xml#L88	Unsupported sequenceExpr
fn-starts-with	fn-starts-with-6	https://github.com/w3c/qt3tests/blob/201a6e466940cdfc727f4babfedcde5332b9f578/fn/starts-with.xml#L97	Unsupported sequenceExpr
fn-starts-with	fn-starts-with-7	https://github.com/w3c/qt3tests/blob/201a6e466940cdfc727f4babfedcde5332b9f578/fn/starts-with.xml#L106	Unsupported sequenceExpr
fn-starts-with	fn-starts-with-17	https://github.com/w3c/qt3tests/blob/201a6e466940cdfc727f4babfedcde5332b9f578/fn/starts-with.xml#L196	Unsupported function fn:starts-with#3
fn-starts-with	fn-starts-with-18	https://github.com/w3c/qt3tests/blob/201a6e466940cdfc727f4babfedcde5332b9f578/fn/starts-with.xml#L206	Unsupported function fn:starts-with#3
fn-starts-with	fn-starts-with-19	https://github.com/w3c/qt3tests/blob/201a6e466940cdfc727f4babfedcde5332b9f578/fn/starts-with.xml#L216	Unsupported function fn:starts-with#3
fn-starts-with	fn-starts-with-20	https://github.com/w3c/qt3tests/blob/201a6e466940cdfc727f4babfedcde5332b9f578/fn/starts-with.xml#L226	Unsupported function fn:starts-with#3
fn-starts-with	fn-starts-with-21	https://github.com/w3c/qt3tests/blob/201a6e466940cdfc727f4babfedcde5332b9f578/fn/starts-with.xml#L236	Unsupported dependencies feature advanced-uca-fallback
fn-starts-with	fn-starts-with-22	https://github.com/w3c/qt3tests/blob/201a6e466940cdfc727f4babfedcde5332b9f578/fn/starts-with.xml#L248	Unsupported function fn:starts-with#3
fn-starts-with	fn-starts-with-23	https://github.com/w3c/qt3tests/blob/201a6e466940cdfc727f4babfedcde5332b9f578/fn/starts-with.xml#L258	Unsupported dependencies feature advanced-uca-fallback
fn-starts-with	fn-starts-with-24	https://github.com/w3c/qt3tests/blob/201a6e466940cdfc727f4babfedcde5332b9f578/fn/starts-with.xml#L270	Unsupported function fn:starts-with#3
fn-starts-with	fn-starts-with-25	https://github.com/w3c/qt3tests/blob/201a6e466940cdfc727f4babfedcde5332b9f578/fn/starts-with.xml#L280	Unsupported function fn:starts-with#3
fn-starts-with	fn-starts-with-26	https://github.com/w3c/qt3tests/blob/201a6e466940cdfc727f4babfedcde5332b9f578/fn/starts-with.xml#L290	Unsupported function fn:starts-with#3
fn-starts-with	fn-starts-with-27	https://github.com/w3c/qt3tests/blob/201a6e466940cdfc727f4babfedcde5332b9f578/fn/starts-with.xml#L300	Unsupported function fn:starts-with#3
fn-starts-with	fn-starts-with-28	https://github.com/w3c/qt3tests/blob/201a6e466940cdfc727f4babfedcde5332b9f578/fn/starts-with.xml#L310	Unsupported function fn:starts-with#3
fn-starts-with	fn-starts-with-29	https://github.com/w3c/qt3tests/blob/201a6e466940cdfc727f4babfedcde5332b9f578/fn/starts-with.xml#L320	Unsupported function fn:starts-with#3
fn-starts-with	fn-starts-with-30	https://github.com/w3c/qt3tests/blob/201a6e466940cdfc727f4babfedcde5332b9f578/fn/starts-with.xml#L330	Unsupported function fn:starts-with#3
fn-starts-with	fn-starts-with-31	https://github.com/w3c/qt3tests/blob/201a6e466940cdfc727f4babfedcde5332b9f578/fn/starts-with.xml#L340	Unsupported function fn:starts-with#3
fn-starts-with	fn-starts-with-32	https://github.com/w3c/qt3tests/blob/201a6e466940cdfc727f4babfedcde5332b9f578/fn/starts-with.xml#L350	Unsupported dependencies feature advanced-uca-fallback
fn-starts-with	fn-starts-with-33	https://github.com/w3c/qt3tests/blob/201a6e466940cdfc727f4babfedcde5332b9f578/fn/starts-with.xml#L366	Unsupported dependencies feature advanced-uca-fallback
fn-starts-with	fn-starts-with-34	https://github.com/w3c/qt3tests/blob/201a6e466940cdfc727f4babfedcde5332b9f578/fn/starts-with.xml#L381	Unsupported function fn:starts-with#3
fn-starts-with	fn-starts-with-35	https://github.com/w3c/qt3tests/blob/201a6e466940cdfc727f4babfedcde5332b9f578/fn/starts-with.xml#L391	Unsupported function fn:starts-with#3
fn-starts-with	fn-starts-with-36	https://github.com/w3c/qt3tests/blob/201a6e466940cdfc727f4babfedcde5332b9f578/fn/starts-with.xml#L401	Unsupported function fn:starts-with#3
fn-starts-with	fn-starts-with-37	https://github.com/w3c/qt3tests/blob/201a6e466940cdfc727f4babfedcde5332b9f578/fn/starts-with.xml#L411	Unsupported function fn:starts-with#3
fn-starts-with	fn-starts-with-38	https://github.com/w3c/qt3tests/blob/201a6e466940cdfc727f4babfedcde5332b9f578/fn/starts-with.xml#L421	Unsupported function fn:starts-with#3
fn-starts-with	fn-starts-with-39	https://github.com/w3c/qt3tests/blob/201a6e466940cdfc727f4babfedcde5332b9f578/fn/starts-with.xml#L431	Unsupported sequenceExpr
fn-starts-with	fn-starts-with-40	https://github.com/w3c/qt3tests/blob/201a6e466940cdfc727f4babfedcde5332b9f578/fn/starts-with.xml#L441	Unsupported sequenceExpr
fn-starts-with	fn-starts-with-41	https://github.com/w3c/qt3tests/blob/201a6e466940cdfc727f4babfedcde5332b9f578/fn/starts-with.xml#L452	Unsupported sequenceExpr
fn-starts-with	K-StartsWithFunc-1	https://github.com/w3c/qt3tests/blob/201a6e466940cdfc727f4babfedcde5332b9f578/fn/starts-with.xml#L462	Unsupported function fn:starts-with#0
fn-starts-with	K-StartsWithFunc-2	https://github.com/w3c/qt3tests/blob/201a6e466940cdfc727f4babfedcde5332b9f578/fn/starts-with.xml#L471	Unsupported sequenceExpr
fn-starts-with	K-StartsWithFunc-3	https://github.com/w3c/qt3tests/blob/201a6e466940cdfc727f4babfedcde5332b9f578/fn/starts-with.xml#L480	Unsupported sequenceExpr
fn-starts-with	K-StartsWithFunc-4	https://github.com/w3c/qt3tests/blob/201a6e466940cdfc727f4babfedcde5332b9f578/fn/starts-with.xml#L489	Unsupported function fn:starts-with#3
fn-starts-with	K-StartsWithFunc-5	https://github.com/w3c/qt3tests/blob/201a6e466940cdfc727f4babfedcde5332b9f578/fn/starts-with.xml#L498	Unsupported function fn:starts-with#3
fn-starts-with	K-StartsWithFunc-9	https://github.com/w3c/qt3tests/blob/201a6e466940cdfc727f4babfedcde5332b9f578/fn/starts-with.xml#L534	Unsupported sequenceExpr
fn-starts-with	K-StartsWithFunc-10	https://github.com/w3c/qt3tests/blob/201a6e466940cdfc727f4babfedcde5332b9f578/fn/starts-with.xml#L543	Unsupported sequenceExpr
fn-starts-with	K2-StartsWithFunc-1	https://github.com/w3c/qt3tests/blob/201a6e466940cdfc727f4babfedcde5332b9f578/fn/starts-with.xml#L561	Unsupported varName
fn-starts-with	K2-StartsWithFunc-2	https://github.com/w3c/qt3tests/blob/201a6e466940cdfc727f4babfedcde5332b9f578/fn/starts-with.xml#L573	Unsupported varName
fn-starts-with	K2-StartsWithFunc-3	https://github.com/w3c/qt3tests/blob/201a6e466940cdfc727f4babfedcde5332b9f578/fn/starts-with.xml#L585	Unsupported varName
fn-starts-with	K2-StartsWithFunc-4	https://github.com/w3c/qt3tests/blob/201a6e466940cdfc727f4babfedcde5332b9f578/fn/starts-with.xml#L597	Unsupported varName
fn-starts-with	K2-StartsWithFunc-5	https://github.com/w3c/qt3tests/blob/201a6e466940cdfc727f4babfedcde5332b9f578/fn/starts-with.xml#L609	Unsupported varName
fn-starts-with	K2-StartsWithFunc-6	https://github.com/w3c/qt3tests/blob/201a6e466940cdfc727f4babfedcde5332b9f578/fn/starts-with.xml#L621	Unsupported varName
fn-starts-with	cbcl-starts-with-001	https://github.com/w3c/qt3tests/blob/201a6e466940cdfc727f4babfedcde5332b9f578/fn/starts-with.xml#L633	Unsupported function fn:starts-with#3
fn-string	fn-string-1	https://github.com/w3c/qt3tests/blob/201a6e466940cdfc727f4babfedcde5332b9f578/fn/string.xml#L358	Unsupported function fn:string#0
fn-string	fn-string-2	https://github.com/w3c/qt3tests/blob/201a6e466940cdfc727f4babfedcde5332b9f578/fn/string.xml#L368	Unsupported sequenceExpr
fn-string	fn-string-3	https://github.com/w3c/qt3tests/blob/201a6e466940cdfc727f4babfedcde5332b9f578/fn/string.xml#L380	Unsupported contextItemExpr
fn-string	fn-string-4	https://github.com/w3c/qt3tests/blob/201a6e466940cdfc727f4babfedcde5332b9f578/fn/string.xml#L390	Unsupported function fn:current-date#0
fn-string	fn-string-6	https://github.com/w3c/qt3tests/blob/201a6e466940cdfc727f4babfedcde5332b9f578/fn/string.xml#L408	Unsupported function fn:dateTime#2
fn-string	fn-string-8	https://github.com/w3c/qt3tests/blob/201a6e466940cdfc727f4babfedcde5332b9f578/fn/string.xml#L426	Unsupported function fn:QName#2
fn-string	fn-string-9	https://github.com/w3c/qt3tests/blob/201a6e466940cdfc727f4babfedcde5332b9f578/fn/string.xml#L435	Unsupported filterExpr
fn-string	fn-string-22	https://github.com/w3c/qt3tests/blob/201a6e466940cdfc727f4babfedcde5332b9f578/fn/string.xml#L444	Unsupported dependencies feature schemaValidation
fn-string	fn-string-23	https://github.com/w3c/qt3tests/blob/201a6e466940cdfc727f4babfedcde5332b9f578/fn/string.xml#L455	Unsupported dependencies feature higherOrderFunctions
fn-string	fn-string-24	https://github.com/w3c/qt3tests/blob/201a6e466940cdfc727f4babfedcde5332b9f578/fn/string.xml#L466	Unsupported environment with namespace
fn-string	fn-string-25	https://github.com/w3c/qt3tests/blob/201a6e466940cdfc727f4babfedcde5332b9f578/fn/string.xml#L476	Unsupported environment with namespace
fn-string	fn-string-26	https://github.com/w3c/qt3tests/blob/201a6e466940cdfc727f4babfedcde5332b9f578/fn/string.xml#L486	Unsupported environment with namespace
fn-string	fn-string-27	https://github.com/w3c/qt3tests/blob/201a6e466940cdfc727f4babfedcde5332b9f578/fn/string.xml#L496	Unsupported dependencies feature namespace-axis
fn-string	fn-string-28	https://github.com/w3c/qt3tests/blob/201a6e466940cdfc727f4babfedcde5332b9f578/fn/string.xml#L508	Unsupported environment with namespace
fn-string	fn-string-29	https://github.com/w3c/qt3tests/blob/201a6e466940cdfc727f4babfedcde5332b9f578/fn/string.xml#L518	Unsupported environment with namespace
fn-string	fn-string-30	https://github.com/w3c/qt3tests/blob/201a6e466940cdfc727f4babfedcde5332b9f578/fn/string.xml#L528	Unsupported environment with namespace
fn-string	fn-string-31	https://github.com/w3c/qt3tests/blob/201a6e466940cdfc727f4babfedcde5332b9f578/fn/string.xml#L538	Unsupported environment with namespace
fn-string	fn-string-32	https://github.com/w3c/qt3tests/blob/201a6e466940cdfc727f4babfedcde5332b9f578/fn/string.xml#L548	Unsupported mapKeyExpr
fn-string	fn-string-33	https://github.com/w3c/qt3tests/blob/201a6e466940cdfc727f4babfedcde5332b9f578/fn/string.xml#L558	Unsupported arrayElem
fn-string	fn-string-34	https://github.com/w3c/qt3tests/blob/201a6e466940cdfc727f4babfedcde5332b9f578/fn/string.xml#L568	Unsupported arrayElem
fn-string	fn-string-35	https://github.com/w3c/qt3tests/blob/201a6e466940cdfc727f4babfedcde5332b9f578/fn/string.xml#L578	Unsupported mapConstructor
fn-string	fn-string-36	https://github.com/w3c/qt3tests/blob/201a6e466940cdfc727f4babfedcde5332b9f578/fn/string.xml#L588	Unsupported environment with namespace
fn-string	fn-string-37	https://github.com/w3c/qt3tests/blob/201a6e466940cdfc727f4babfedcde5332b9f578/fn/string.xml#L599	Unsupported curlyArray
fn-string	fn-string-38	https://github.com/w3c/qt3tests/blob/201a6e466940cdfc727f4babfedcde5332b9f578/fn/string.xml#L609	Unsupported arrayElem
fn-string	K-StringFunc-1	https://github.com/w3c/qt3tests/blob/201a6e466940cdfc727f4babfedcde5332b9f578/fn/string.xml#L619	Unsupported function fn:string#2
fn-string	K-StringFunc-2	https://github.com/w3c/qt3tests/blob/201a6e466940cdfc727f4babfedcde5332b9f578/fn/string.xml#L628	Unsupported function fn:string#0
fn-string	K-StringFunc-4	https://github.com/w3c/qt3tests/blob/201a6e466940cdfc727f4babfedcde5332b9f578/fn/string.xml#L649	Unsupported sequenceExpr
fn-string	K-StringFunc-5	https://github.com/w3c/qt3tests/blob/201a6e466940cdfc727f4babfedcde5332b9f578/fn/string.xml#L658	Unsupported function fn:current-time#0
fn-string	K-StringFunc-6	https://github.com/w3c/qt3tests/blob/201a6e466940cdfc727f4babfedcde5332b9f578/fn/string.xml#L667	Unsupported sequenceExpr
fn-string-length	fn-string-length-2	https://github.com/w3c/qt3tests/blob/201a6e466940cdfc727f4babfedcde5332b9f578/fn/string-length.xml#L43	Unsupported sequenceExpr
fn-string-length	fn-string-length-18	https://github.com/w3c/qt3tests/blob/201a6e466940cdfc727f4babfedcde5332b9f578/fn/string-length.xml#L187	Unsupported function fn:string-length#0
fn-string-length	fn-string-length-19	https://github.com/w3c/qt3tests/blob/201a6e466940cdfc727f4babfedcde5332b9f578/fn/string-length.xml#L197	Unsupported environment with source
fn-string-length	fn-string-length-21	https://github.com/w3c/qt3tests/blob/201a6e466940cdfc727f4babfedcde5332b9f578/fn/string-length.xml#L216	Unsupported dependencies feature higherOrderFunctions
fn-string-length	fn-string-length-22	https://github.com/w3c/qt3tests/blob/201a6e466940cdfc727f4babfedcde5332b9f578/fn/string-length.xml#L228	Unsupported dependencies feature schemaValidation
fn-string-length	fn-string-length-23	https://github.com/w3c/qt3tests/blob/201a6e466940cdfc727f4babfedcde5332b9f578/fn/string-length.xml#L242	Unsupported dependencies feature schemaValidation
fn-string-length	fn-string-length-24	https://github.com/w3c/qt3tests/blob/201a6e466940cdfc727f4babfedcde5332b9f578/fn/string-length.xml#L255	Unsupported environment with schema
fn-string-length	fn-string-length-25	https://github.com/w3c/qt3tests/blob/201a6e466940cdfc727f4babfedcde5332b9f578/fn/string-length.xml#L265	Unsupported environment with schema
fn-string-length	K-StringLengthFunc-1	https://github.com/w3c/qt3tests/blob/201a6e466940cdfc727f4babfedcde5332b9f578/fn/string-length.xml#L275	Unsupported function fn:string-length#2
fn-string-length	K-StringLengthFunc-3	https://github.com/w3c/qt3tests/blob/201a6e466940cdfc727f4babfedcde5332b9f578/fn/string-length.xml#L293	Unsupported sequenceType
fn-string-length	K-StringLengthFunc-4	https://github.com/w3c/qt3tests/blob/201a6e466940cdfc727f4babfedcde5332b9f578/fn/string-length.xml#L302	Unsupported sequenceExpr
fn-string-length	K-StringLengthFunc-6	https://github.com/w3c/qt3tests/blob/201a6e466940cdfc727f4babfedcde5332b9f578/fn/string-length.xml#L320	Unsupported sequenceExpr
fn-string-length	K-StringLengthFunc-7	https://github.com/w3c/qt3tests/blob/201a6e466940cdfc727f4babfedcde5332b9f578/fn/string-length.xml#L329	Unsupported function fn:string-length#0
fn-substring	fn-substring-5	https://github.com/w3c/qt3tests/blob/201a6e466940cdfc727f4babfedcde5332b9f578/fn/substring.xml#L52	Unsupported function fn:count#1
fn-substring	fn-substring-7	https://github.com/w3c/qt3tests/blob/201a6e466940cdfc727f4babfedcde5332b9f578/fn/substring.xml#L70	Unsupported function fn:count#1
fn-substring	fn-substring-8	https://github.com/w3c/qt3tests/blob/201a6e466940cdfc727f4babfedcde5332b9f578/fn/substring.xml#L79	Unsupported function fn:count#1
fn-substring	fn-substring-9	https://github.com/w3c/qt3tests/blob/201a6e466940cdfc727f4babfedcde5332b9f578/fn/substring.xml#L88	Unsupported sequenceExpr
fn-substring	fn-substring-11	https://github.com/w3c/qt3tests/blob/201a6e466940cdfc727f4babfedcde5332b9f578/fn/substring.xml#L106	Unsupported function fn:count#1
fn-substring	fn-substring-12	https://github.com/w3c/qt3tests/blob/201a6e466940cdfc727f4babfedcde5332b9f578/fn/substring.xml#L115	Unsupported function fn:count#1
fn-substring	fn-substring-22	https://github.com/w3c/qt3tests/blob/201a6e466940cdfc727f4babfedcde5332b9f578/fn/substring.xml#L205	Unsupported environment with source
fn-substring	K-SubstringFunc-1	https://github.com/w3c/qt3tests/blob/201a6e466940cdfc727f4babfedcde5332b9f578/fn/substring.xml#L296	Unsupported function fn:sub-string#1
fn-substring	K-SubstringFunc-2	https://github.com/w3c/qt3tests/blob/201a6e466940cdfc727f4babfedcde5332b9f578/fn/substring.xml#L305	Unsupported function fn:sub-string#4
fn-substring	K-SubstringFunc-3	https://github.com/w3c/qt3tests/blob/201a6e466940cdfc727f4babfedcde5332b9f578/fn/substring.xml#L314	Unsupported sequenceExpr
fn-substring	K-SubstringFunc-4	https://github.com/w3c/qt3tests/blob/201a6e466940cdfc727f4babfedcde5332b9f578/fn/substring.xml#L323	Unsupported sequenceExpr
fn-substring	K-SubstringFunc-6	https://github.com/w3c/qt3tests/blob/201a6e466940cdfc727f4babfedcde5332b9f578/fn/substring.xml#L341	Unsupported sequenceExpr
fn-substring-after	fn-substring-after-1	https://github.com/w3c/qt3tests/blob/201a6e466940cdfc727f4babfedcde5332b9f578/fn/substring-after.xml#L7	Unsupported assertion assert-count
fn-substring-after	fn-substring-after-2	https://github.com/w3c/qt3tests/blob/201a6e466940cdfc727f4babfedcde5332b9f578/fn/substring-after.xml#L19	Unsupported assertion assert-count
fn-substring-after	fn-substring-after-3	https://github.com/w3c/qt3tests/blob/201a6e466940cdfc727f4babfedcde5332b9f578/fn/substring-after.xml#L31	Unsupported assertion assert-count
fn-substring-after	fn-substring-after-4	https://github.com/w3c/qt3tests/blob/201a6e466940cdfc727f4babfedcde5332b9f578/fn/substring-after.xml#L43	Unsupported sequenceExpr
fn-substring-after	fn-substring-after-5	https://github.com/w3c/qt3tests/blob/201a6e466940cdfc727f4babfedcde5332b9f578/fn/substring-after.xml#L55	Unsupported sequenceExpr
fn-substring-after	fn-substring-after-6	https://github.com/w3c/qt3tests/blob/201a6e466940cdfc727f4babfedcde5332b9f578/fn/substring-after.xml#L67	Unsupported sequenceExpr
fn-substring-after	fn-substring-after-7	https://github.com/w3c/qt3tests/blob/201a6e466940cdfc727f4babfedcde5332b9f578/fn/substring-after.xml#L79	Unsupported sequenceExpr
fn-substring-after	fn-substring-after-9	https://github.com/w3c/qt3tests/blob/201a6e466940cdfc727f4babfedcde5332b9f578/fn/substring-after.xml#L100	Unsupported assertion assert-count
fn-substring-after	fn-substring-after-10	https://github.com/w3c/qt3tests/blob/201a6e466940cdfc727f4babfedcde5332b9f578/fn/substring-after.xml#L112	Unsupported assertion assert-count
fn-substring-after	fn-substring-after-13	https://github.com/w3c/qt3tests/blob/201a6e466940cdfc727f4babfedcde5332b9f578/fn/substring-after.xml#L142	Unsupported assertion assert-count
fn-substring-after	fn-substring-after-14	https://github.com/w3c/qt3tests/blob/201a6e466940cdfc727f4babfedcde5332b9f578/fn/substring-after.xml#L154	Unsupported assertion assert-count
fn-substring-after	fn-substring-after-15	https://github.com/w3c/qt3tests/blob/201a6e466940cdfc727f4babfedcde5332b9f578/fn/substring-after.xml#L166	Unsupported assertion assert-count
fn-substring-after	fn-substring-after-16	https://github.com/w3c/qt3tests/blob/201a6e466940cdfc727f4babfedcde5332b9f578/fn/substring-after.xml#L178	Unsupported assertion assert-count
fn-substring-after	fn-substring-after-17	https://github.com/w3c/qt3tests/blob/201a6e466940cdfc727f4babfedcde5332b9f578/fn/substring-after.xml#L190	Unsupported assertion assert-count
fn-substring-after	fn-substring-after-21	https://github.com/w3c/qt3tests/blob/201a6e466940cdfc727f4babfedcde5332b9f578/fn/substring-after.xml#L229	Unsupported assertion assert-count
fn-substring-after	fn-substring-after-22	https://github.com/w3c/qt3tests/blob/201a6e466940cdfc727f4babfedcde5332b9f578/fn/substring-after.xml#L241	Unsupported function fn:substring-after#3
fn-substring-after	fn-substring-after-23	https://github.com/w3c/qt3tests/blob/201a6e466940cdfc727f4babfedcde5332b9f578/fn/substring-after.xml#L250	Unsupported environment with static-base-uri
fn-substring-after	fn-substring-after-24	https://github.com/w3c/qt3tests/blob/201a6e466940cdfc727f4babfedcde5332b9f578/fn/substring-after.xml#L262	Unsupported dependencies feature non_unicode_codepoint_collation
fn-substring-after	fn-substring-after-26	https://github.com/w3c/qt3tests/blob/201a6e466940cdfc727f4babfedcde5332b9f578/fn/substring-after.xml#L285	Unsupported environment with collation
fn-substring-after	fn-substring-after-27	https://github.com/w3c/qt3tests/blob/201a6e466940cdfc727f4babfedcde5332b9f578/fn/substring-after.xml#L298	Unsupported function fn:substring-after#3
fn-substring-after	fn-substring-after-28	https://github.com/w3c/qt3tests/blob/201a6e466940cdfc727f4babfedcde5332b9f578/fn/substring-after.xml#L308	Unsupported function fn:substring-after#3
fn-substring-after	fn-substring-after-29	https://github.com/w3c/qt3tests/blob/201a6e466940cdfc727f4babfedcde5332b9f578/fn/substring-after.xml#L318	Unsupported function fn:substring-after#3
fn-substring-after	fn-substring-after-30	https://github.com/w3c/qt3tests/blob/201a6e466940cdfc727f4babfedcde5332b9f578/fn/substring-after.xml#L328	Unsupported function fn:substring-after#3
fn-substring-after	fn-substring-after-31	https://github.com/w3c/qt3tests/blob/201a6e466940cdfc727f4babfedcde5332b9f578/fn/substring-after.xml#L338	Unsupported dependencies feature advanced-uca-fallback
fn-substring-after	fn-substring-after-32	https://github.com/w3c/qt3tests/blob/201a6e466940cdfc727f4babfedcde5332b9f578/fn/substring-after.xml#L350	Unsupported function fn:substring-after#3
fn-substring-after	fn-substring-after-33	https://github.com/w3c/qt3tests/blob/201a6e466940cdfc727f4babfedcde5332b9f578/fn/substring-after.xml#L360	Unsupported dependencies feature advanced-uca-fallback
fn-substring-after	fn-substring-after-34	https://github.com/w3c/qt3tests/blob/201a6e466940cdfc727f4babfedcde5332b9f578/fn/substring-after.xml#L372	Unsupported function fn:substring-after#3
fn-substring-after	fn-substring-after-35	https://github.com/w3c/qt3tests/blob/201a6e466940cdfc727f4babfedcde5332b9f578/fn/substring-after.xml#L382	Unsupported function fn:substring-after#3
fn-substring-after	fn-substring-after-36	https://github.com/w3c/qt3tests/blob/201a6e466940cdfc727f4babfedcde5332b9f578/fn/substring-after.xml#L392	Unsupported function fn:substring-after#3
fn-substring-after	fn-substring-after-37	https://github.com/w3c/qt3tests/blob/201a6e466940cdfc727f4babfedcde5332b9f578/fn/substring-after.xml#L402	Unsupported function fn:substring-after#3
fn-substring-after	fn-substring-after-38	https://github.com/w3c/qt3tests/blob/201a6e466940cdfc727f4babfedcde5332b9f578/fn/substring-after.xml#L412	Unsupported function fn:substring-after#3
fn-substring-after	fn-substring-after-39	https://github.com/w3c/qt3tests/blob/201a6e466940cdfc727f4babfedcde5332b9f578/fn/substring-after.xml#L422	Unsupported function fn:substring-after#3
fn-substring-after	fn-substring-after-40	https://github.com/w3c/qt3tests/blob/201a6e466940cdfc727f4babfedcde5332b9f578/fn/substring-after.xml#L432	Unsupported function fn:substring-after#3
fn-substring-after	fn-substring-after-41	https://github.com/w3c/qt3tests/blob/201a6e466940cdfc727f4babfedcde5332b9f578/fn/substring-after.xml#L442	Unsupported function fn:substring-after#3
fn-substring-after	fn-substring-after-42	https://github.com/w3c/qt3tests/blob/201a6e466940cdfc727f4babfedcde5332b9f578/fn/substring-after.xml#L452	Unsupported dependencies feature advanced-uca-fallback
fn-substring-after	fn-substring-after-43	https://github.com/w3c/qt3tests/blob/201a6e466940cdfc727f4babfedcde5332b9f578/fn/substring-after.xml#L468	Unsupported dependencies feature advanced-uca-fallback
fn-substring-after	K-SubstringAfterFunc-1	https://github.com/w3c/qt3tests/blob/201a6e466940cdfc727f4babfedcde5332b9f578/fn/substring-after.xml#L485	Unsupported function fn:substring-after#0
fn-substring-after	K-SubstringAfterFunc-2	https://github.com/w3c/qt3tests/blob/201a6e466940cdfc727f4babfedcde5332b9f578/fn/substring-after.xml#L494	Unsupported sequenceExpr
fn-substring-after	K-SubstringAfterFunc-3	https://github.com/w3c/qt3tests/blob/201a6e466940cdfc727f4babfedcde5332b9f578/fn/substring-after.xml#L503	Unsupported sequenceExpr
fn-substring-after	K-SubstringAfterFunc-4	https://github.com/w3c/qt3tests/blob/201a6e466940cdfc727f4babfedcde5332b9f578/fn/substring-after.xml#L512	Unsupported function fn:substring-after#3
fn-substring-after	K-SubstringAfterFunc-5	https://github.com/w3c/qt3tests/blob/201a6e466940cdfc727f4babfedcde5332b9f578/fn/substring-after.xml#L521	Unsupported function fn:substring-after#3
fn-substring-after	K-SubstringAfterFunc-9	https://github.com/w3c/qt3tests/blob/201a6e466940cdfc727f4babfedcde5332b9f578/fn/substring-after.xml#L557	Unsupported sequenceExpr
fn-substring-after	K-SubstringAfterFunc-10	https://github.com/w3c/qt3tests/blob/201a6e466940cdfc727f4babfedcde5332b9f578/fn/substring-after.xml#L566	Unsupported sequenceExpr
fn-substring-after	cbcl-substring-after-001	https://github.com/w3c/qt3tests/blob/201a6e466940cdfc727f4babfedcde5332b9f578/fn/substring-after.xml#L584	Unsupported function fn:substring-after#3
fn-substring-before	fn-substring-before-1	https://github.com/w3c/qt3tests/blob/201a6e466940cdfc727f4babfedcde5332b9f578/fn/substring-before.xml#L7	Unsupported assertion assert-count
fn-substring-before	fn-substring-before-2	https://github.com/w3c/qt3tests/blob/201a6e466940cdfc727f4babfedcde5332b9f578/fn/substring-before.xml#L19	Unsupported assertion assert-count
fn-substring-before	fn-substring-before-3	https://github.com/w3c/qt3tests/blob/201a6e466940cdfc727f4babfedcde5332b9f578/fn/substring-before.xml#L31	Unsupported assertion assert-count
fn-substring-before	fn-substring-before-4	https://github.com/w3c/qt3tests/blob/201a6e466940cdfc727f4babfedcde5332b9f578/fn/substring-before.xml#L43	Unsupported sequenceExpr
fn-substring-before	fn-substring-before-5	https://github.com/w3c/qt3tests/blob/201a6e466940cdfc727f4babfedcde5332b9f578/fn/substring-before.xml#L55	Unsupported sequenceExpr
fn-substring-before	fn-substring-before-6	https://github.com/w3c/qt3tests/blob/201a6e466940cdfc727f4babfedcde5332b9f578/fn/substring-before.xml#L67	Unsupported sequenceExpr
fn-substring-before	fn-substring-before-7	https://github.com/w3c/qt3tests/blob/201a6e466940cdfc727f4babfedcde5332b9f578/fn/substring-before.xml#L79	Unsupported sequenceExpr
fn-substring-before	fn-substring-before-9	https://github.com/w3c/qt3tests/blob/201a6e466940cdfc727f4babfedcde5332b9f578/fn/substring-before.xml#L100	Unsupported assertion assert-count
fn-substring-before	fn-substring-before-10	https://github.com/w3c/qt3tests/blob/201a6e466940cdfc727f4babfedcde5332b9f578/fn/substring-before.xml#L112	Unsupported assertion assert-count
fn-substring-before	fn-substring-before-13	https://github.com/w3c/qt3tests/blob/201a6e466940cdfc727f4babfedcde5332b9f578/fn/substring-before.xml#L142	Unsupported assertion assert-count
fn-substring-before	fn-substring-before-14	https://github.com/w3c/qt3tests/blob/201a6e466940cdfc727f4babfedcde5332b9f578/fn/substring-before.xml#L154	Unsupported assertion assert-count
fn-substring-before	fn-substring-before-15	https://github.com/w3c/qt3tests/blob/201a6e466940cdfc727f4babfedcde5332b9f578/fn/substring-before.xml#L166	Unsupported assertion assert-count
fn-substring-before	fn-substring-before-16	https://github.com/w3c/qt3tests/blob/201a6e466940cdfc727f4babfedcde5332b9f578/fn/substring-before.xml#L178	Unsupported assertion assert-count
fn-substring-before	fn-substring-before-17	https://github.com/w3c/qt3tests/blob/201a6e466940cdfc727f4babfedcde5332b9f578/fn/substring-before.xml#L190	Unsupported assertion assert-count
fn-substring-before	fn-substring-before-18	https://github.com/w3c/qt3tests/blob/201a6e466940cdfc727f4babfedcde5332b9f578/fn/substring-before.xml#L202	Unsupported assertion assert-count
fn-substring-before	fn-substring-before-19	https://github.com/w3c/qt3tests/blob/201a6e466940cdfc727f4babfedcde5332b9f578/fn/substring-before.xml#L214	Unsupported assertion assert-count
fn-substring-before	fn-substring-before-20	https://github.com/w3c/qt3tests/blob/201a6e466940cdfc727f4babfedcde5332b9f578/fn/substring-before.xml#L226	Unsupported assertion assert-count
fn-substring-before	fn-substring-before-21	https://github.com/w3c/qt3tests/blob/201a6e466940cdfc727f4babfedcde5332b9f578/fn/substring-before.xml#L238	Unsupported assertion assert-count
fn-substring-before	fn-substring-before-22	https://github.com/w3c/qt3tests/blob/201a6e466940cdfc727f4babfedcde5332b9f578/fn/substring-before.xml#L250	Unsupported function fn:substring-before#3
fn-substring-before	fn-substring-before-23	https://github.com/w3c/qt3tests/blob/201a6e466940cdfc727f4babfedcde5332b9f578/fn/substring-before.xml#L260	Unsupported environment with static-base-uri
fn-substring-before	fn-substring-before-24	https://github.com/w3c/qt3tests/blob/201a6e466940cdfc727f4babfedcde5332b9f578/fn/substring-before.xml#L272	Unsupported dependencies feature non_unicode_codepoint_collation
fn-substring-before	fn-substring-before-26	https://github.com/w3c/qt3tests/blob/201a6e466940cdfc727f4babfedcde5332b9f578/fn/substring-before.xml#L296	Unsupported environment with collation
fn-substring-before	fn-substring-before-27	https://github.com/w3c/qt3tests/blob/201a6e466940cdfc727f4babfedcde5332b9f578/fn/substring-before.xml#L310	Unsupported function fn:substring-before#3
fn-substring-before	fn-substring-before-28	https://github.com/w3c/qt3tests/blob/201a6e466940cdfc727f4babfedcde5332b9f578/fn/substring-before.xml#L320	Unsupported function fn:substring-before#3
fn-substring-before	fn-substring-before-29	https://github.com/w3c/qt3tests/blob/201a6e466940cdfc727f4babfedcde5332b9f578/fn/substring-before.xml#L330	Unsupported function fn:substring-before#3
fn-substring-before	fn-substring-before-30	https://github.com/w3c/qt3tests/blob/201a6e466940cdfc727f4babfedcde5332b9f578/fn/substring-before.xml#L340	Unsupported function fn:substring-before#3
fn-substring-before	fn-substring-before-31	https://github.com/w3c/qt3tests/blob/201a6e466940cdfc727f4babfedcde5332b9f578/fn/substring-before.xml#L350	Unsupported dependencies feature advanced-uca-fallback
fn-substring-before	fn-substring-before-32	https://github.com/w3c/qt3tests/blob/201a6e466940cdfc727f4babfedcde5332b9f578/fn/substring-before.xml#L362	Unsupported function fn:substring-before#3
fn-substring-before	fn-substring-before-33	https://github.com/w3c/qt3tests/blob/201a6e466940cdfc727f4babfedcde5332b9f578/fn/substring-before.xml#L372	Unsupported dependencies feature advanced-uca-fallback
fn-substring-before	fn-substring-before-34	https://github.com/w3c/qt3tests/blob/201a6e466940cdfc727f4babfedcde5332b9f578/fn/substring-before.xml#L384	Unsupported function fn:substring-before#3
fn-substring-before	fn-substring-before-35	https://github.com/w3c/qt3tests/blob/201a6e466940cdfc727f4babfedcde5332b9f578/fn/substring-before.xml#L394	Unsupported function fn:substring-before#3
fn-substring-before	fn-substring-before-36	https://github.com/w3c/qt3tests/blob/201a6e466940cdfc727f4babfedcde5332b9f578/fn/substring-before.xml#L404	Unsupported function fn:substring-before#3
fn-substring-before	fn-substring-before-37	https://github.com/w3c/qt3tests/blob/201a6e466940cdfc727f4babfedcde5332b9f578/fn/substring-before.xml#L414	Unsupported function fn:substring-before#3
fn-substring-before	fn-substring-before-38	https://github.com/w3c/qt3tests/blob/201a6e466940cdfc727f4babfedcde5332b9f578/fn/substring-before.xml#L424	Unsupported function fn:substring-before#3
fn-substring-before	fn-substring-before-39	https://github.com/w3c/qt3tests/blob/201a6e466940cdfc727f4babfedcde5332b9f578/fn/substring-before.xml#L434	Unsupported function fn:substring-before#3
fn-substring-before	fn-substring-before-40	https://github.com/w3c/qt3tests/blob/201a6e466940cdfc727f4babfedcde5332b9f578/fn/substring-before.xml#L444	Unsupported function fn:substring-before#3
fn-substring-before	fn-substring-before-41	https://github.com/w3c/qt3tests/blob/201a6e466940cdfc727f4babfedcde5332b9f578/fn/substring-before.xml#L454	Unsupported function fn:substring-before#3
fn-substring-before	fn-substring-before-42	https://github.com/w3c/qt3tests/blob/201a6e466940cdfc727f4babfedcde5332b9f578/fn/substring-before.xml#L464	Unsupported dependencies feature advanced-uca-fallback
fn-substring-before	fn-substring-before-43	https://github.com/w3c/qt3tests/blob/201a6e466940cdfc727f4babfedcde5332b9f578/fn/substring-before.xml#L480	Unsupported function fn:substring-before#3
fn-substring-before	K-SubstringBeforeFunc-1	https://github.com/w3c/qt3tests/blob/201a6e466940cdfc727f4babfedcde5332b9f578/fn/substring-before.xml#L494	Unsupported function fn:substring-before#0
fn-substring-before	K-SubstringBeforeFunc-2	https://github.com/w3c/qt3tests/blob/201a6e466940cdfc727f4babfedcde5332b9f578/fn/substring-before.xml#L503	Unsupported sequenceExpr
fn-substring-before	K-SubstringBeforeFunc-3	https://github.com/w3c/qt3tests/blob/201a6e466940cdfc727f4babfedcde5332b9f578/fn/substring-before.xml#L512	Unsupported sequenceExpr
fn-substring-before	K-SubstringBeforeFunc-4	https://github.com/w3c/qt3tests/blob/201a6e466940cdfc727f4babfedcde5332b9f578/fn/substring-before.xml#L522	Unsupported function fn:substring-before#3
fn-substring-before	K-SubstringBeforeFunc-5	https://github.com/w3c/qt3tests/blob/201a6e466940cdfc727f4babfedcde5332b9f578/fn/substring-before.xml#L532	Unsupported function fn:substring-before#3
fn-substring-before	K-SubstringBeforeFunc-8	https://github.com/w3c/qt3tests/blob/201a6e466940cdfc727f4babfedcde5332b9f578/fn/substring-before.xml#L560	Unsupported sequenceExpr
fn-substring-before	cbcl-substring-before-001	https://github.com/w3c/qt3tests/blob/201a6e466940cdfc727f4babfedcde5332b9f578/fn/substring-before.xml#L587	Unsupported function fn:substring-before#3
fn-timezone-from-dateTime	fn-timezone-from-dateTimealt-3	https://github.com/w3c/qt3tests/blob/201a6e466940cdfc727f4babfedcde5332b9f578/fn/timezone-from-dateTime.xml#L26	Unsupported function fn:count#1
fn-timezone-from-dateTime	fn-timezone-from-dateTimealt-5	https://github.com/w3c/qt3tests/blob/201a6e466940cdfc727f4babfedcde5332b9f578/fn/timezone-from-dateTime.xml#L44	Unsupported sequenceExpr
fn-timezone-from-dateTime	fn-timezone-from-dateTimealt-10	https://github.com/w3c/qt3tests/blob/201a6e466940cdfc727f4babfedcde5332b9f578/fn/timezone-from-dateTime.xml#L89	Unsupported function fn:min#1
fn-timezone-from-dateTime	fn-timezone-from-dateTimealt-12	https://github.com/w3c/qt3tests/blob/201a6e466940cdfc727f4babfedcde5332b9f578/fn/timezone-from-dateTime.xml#L107	Unsupported function fn:number#1
fn-timezone-from-dateTime	fn-timezone-from-dateTimealt-13	https://github.com/w3c/qt3tests/blob/201a6e466940cdfc727f4babfedcde5332b9f578/fn/timezone-from-dateTime.xml#L116	Unsupported function fn:max#1
fn-timezone-from-dateTime	K-TimezoneFromDateTimeFunc-1	https://github.com/w3c/qt3tests/blob/201a6e466940cdfc727f4babfedcde5332b9f578/fn/timezone-from-dateTime.xml#L188	Unsupported function fn:timezone-from-dateTime#0
fn-timezone-from-dateTime	K-TimezoneFromDateTimeFunc-2	https://github.com/w3c/qt3tests/blob/201a6e466940cdfc727f4babfedcde5332b9f578/fn/timezone-from-dateTime.xml#L197	Unsupported sequenceExpr
fn-timezone-from-dateTime	K-TimezoneFromDateTimeFunc-3	https://github.com/w3c/qt3tests/blob/201a6e466940cdfc727f4babfedcde5332b9f578/fn/timezone-from-dateTime.xml#L206	Unsupported sequenceExpr
fn-timezone-from-dateTime	K-TimezoneFromDateTimeFunc-4	https://github.com/w3c/qt3tests/blob/201a6e466940cdfc727f4babfedcde5332b9f578/fn/timezone-from-dateTime.xml#L215	Unsupported sequenceExpr
fn-timezone-from-dateTime	K-TimezoneFromDateTimeFunc-7	https://github.com/w3c/qt3tests/blob/201a6e466940cdfc727f4babfedcde5332b9f578/fn/timezone-from-dateTime.xml#L242	Unsupported function fn:empty#1
fn-true	fn-true-22	https://github.com/w3c/qt3tests/blob/201a6e466940cdfc727f4babfedcde5332b9f578/fn/true.xml#L199	Unsupported dependencies feature higherOrderFunctions
fn-true	K-TrueFunc-1	https://github.com/w3c/qt3tests/blob/201a6e466940cdfc727f4babfedcde5332b9f578/fn/true.xml#L210	Unsupported function fn:true#1
fn-upper-case	fn-upper-case-2	https://github.com/w3c/qt3tests/blob/201a6e466940cdfc727f4babfedcde5332b9f578/fn/upper-case.xml#L43	Unsupported sequenceExpr
fn-upper-case	fn-upper-case-8	https://github.com/w3c/qt3tests/blob/201a6e466940cdfc727f4babfedcde5332b9f578/fn/upper-case.xml#L97	Unsupported function fn:count#1
fn-upper-case	fn-upper-case-18	https://github.com/w3c/qt3tests/blob/201a6e466940cdfc727f4babfedcde5332b9f578/fn/upper-case.xml#L187	Unsupported startExpr
fn-upper-case	fn-upper-case-19	https://github.com/w3c/qt3tests/blob/201a6e466940cdfc727f4babfedcde5332b9f578/fn/upper-case.xml#L202	Unsupported dependencies unicode-version 7.0
fn-upper-case	fn-upper-case-20	https://github.com/w3c/qt3tests/blob/201a6e466940cdfc727f4babfedcde5332b9f578/fn/upper-case.xml#L225	Unsupported function fn:codepoints-to-string#1
fn-upper-case	fn-upper-case-21	https://github.com/w3c/qt3tests/blob/201a6e466940cdfc727f4babfedcde5332b9f578/fn/upper-case.xml#L234	Unsupported function fn:codepoints-to-string#1
fn-upper-case	fn-upper-case-22	https://github.com/w3c/qt3tests/blob/201a6e466940cdfc727f4babfedcde5332b9f578/fn/upper-case.xml#L243	Unsupported function fn:codepoints-to-string#1
fn-upper-case	K-UpperCaseFunc-1	https://github.com/w3c/qt3tests/blob/201a6e466940cdfc727f4babfedcde5332b9f578/fn/upper-case.xml#L252	Unsupported function fn:upper-case#0
fn-upper-case	K-UpperCaseFunc-2	https://github.com/w3c/qt3tests/blob/201a6e466940cdfc727f4babfedcde5332b9f578/fn/upper-case.xml#L261	Unsupported function fn:upper-case#2
fn-upper-case	K-UpperCaseFunc-3	https://github.com/w3c/qt3tests/blob/201a6e466940cdfc727f4babfedcde5332b9f578/fn/upper-case.xml#L270	Unsupported sequenceExpr
fn-year-from-date	fn-year-from-date-5	https://github.com/w3c/qt3tests/blob/201a6e466940cdfc727f4babfedcde5332b9f578/fn/year-from-date.xml#L70	Unsupported sequenceExpr
fn-year-from-date	fn-year-from-date-12	https://github.com/w3c/qt3tests/blob/201a6e466940cdfc727f4babfedcde5332b9f578/fn/year-from-date.xml#L137	Unsupported idivOp
fn-year-from-date	fn-year-from-date-13	https://github.com/w3c/qt3tests/blob/201a6e466940cdfc727f4babfedcde5332b9f578/fn/year-from-date.xml#L146	Unsupported modOp
fn-year-from-date	K-YearFromDateFunc-1	https://github.com/w3c/qt3tests/blob/201a6e466940cdfc727f4babfedcde5332b9f578/fn/year-from-date.xml#L209	Unsupported function fn:year-from-date#0
fn-year-from-date	K-YearFromDateFunc-2	https://github.com/w3c/qt3tests/blob/201a6e466940cdfc727f4babfedcde5332b9f578/fn/year-from-date.xml#L218	Unsupported sequenceExpr
fn-year-from-date	K-YearFromDateFunc-3	https://github.com/w3c/qt3tests/blob/201a6e466940cdfc727f4babfedcde5332b9f578/fn/year-from-date.xml#L227	Unsupported sequenceExpr
fn-year-from-date	K-YearFromDateFunc-4	https://github.com/w3c/qt3tests/blob/201a6e466940cdfc727f4babfedcde5332b9f578/fn/year-from-date.xml#L236	Unsupported sequenceExpr
fn-year-from-dateTime	fn-year-from-dateTime-4	https://github.com/w3c/qt3tests/blob/201a6e466940cdfc727f4babfedcde5332b9f578/fn/year-from-dateTime.xml#L61	Unsupported sequenceExpr
fn-year-from-dateTime	fn-year-from-dateTime-5	https://github.com/w3c/qt3tests/blob/201a6e466940cdfc727f4babfedcde5332b9f578/fn/year-from-dateTime.xml#L70	Unsupported sequenceExpr
fn-year-from-dateTime	fn-year-from-dateTime-12	https://github.com/w3c/qt3tests/blob/201a6e466940cdfc727f4babfedcde5332b9f578/fn/year-from-dateTime.xml#L133	Unsupported idivOp
fn-year-from-dateTime	fn-year-from-dateTime-13	https://github.com/w3c/qt3tests/blob/201a6e466940cdfc727f4babfedcde5332b9f578/fn/year-from-dateTime.xml#L142	Unsupported modOp
fn-year-from-dateTime	K-YearFromDateTimeFunc-1	https://github.com/w3c/qt3tests/blob/201a6e466940cdfc727f4babfedcde5332b9f578/fn/year-from-dateTime.xml#L205	Unsupported function fn:year-from-dateTime#0
fn-year-from-dateTime	K-YearFromDateTimeFunc-2	https://github.com/w3c/qt3tests/blob/201a6e466940cdfc727f4babfedcde5332b9f578/fn/year-from-dateTime.xml#L214	Unsupported sequenceExpr
fn-year-from-dateTime	K-YearFromDateTimeFunc-3	https://github.com/w3c/qt3tests/blob/201a6e466940cdfc727f4babfedcde5332b9f578/fn/year-from-dateTime.xml#L223	Unsupported sequenceExpr
fn-year-from-dateTime	K-YearFromDateTimeFunc-4	https://github.com/w3c/qt3tests/blob/201a6e466940cdfc727f4babfedcde5332b9f578/fn/year-from-dateTime.xml#L232	Unsupported sequenceExpr
xs-double	xs-double-003	https://github.com/w3c/qt3tests/blob/201a6e466940cdfc727f4babfedcde5332b9f578/xs/double.xml#L27	Unsupported function fn:exists#1
xs-double	xs-double-004	https://github.com/w3c/qt3tests/blob/201a6e466940cdfc727f4babfedcde5332b9f578/xs/double.xml#L37	Unsupported dependencies xsd-version 1.0
xs-double	xs-double-005	https://github.com/w3c/qt3tests/blob/201a6e466940cdfc727f4babfedcde5332b9f578/xs/double.xml#L47	Unsupported dependencies xsd-version 1.0
xs-float	xs-float-003	https://github.com/w3c/qt3tests/blob/201a6e466940cdfc727f4babfedcde5332b9f578/xs/float.xml#L27	Unsupported function fn:exists#1
xs-float	xs-float-004	https://github.com/w3c/qt3tests/blob/201a6e466940cdfc727f4babfedcde5332b9f578/xs/float.xml#L37	Unsupported dependencies xsd-version 1.0
xs-float	cbcl-float-001	https://github.com/w3c/qt3tests/blob/201a6e466940cdfc727f4babfedcde5332b9f578/xs/float.xml#L48	Unsupported sequenceExpr
xs-float	cbcl-float-002	https://github.com/w3c/qt3tests/blob/201a6e466940cdfc727f4babfedcde5332b9f578/xs/float.xml#L58	Unsupported sequenceExpr
op-add-dayTimeDurations	op-add-dayTimeDurations-6	https://github.com/w3c/qt3tests/blob/201a6e466940cdfc727f4babfedcde5332b9f578/op/add-dayTimeDurations.xml#L179	Unsupported function fn:number#1
op-add-dayTimeDurations	cbcl-add-dayTimeDurations-001	https://github.com/w3c/qt3tests/blob/201a6e466940cdfc727f4babfedcde5332b9f578/op/add-dayTimeDurations.xml#L405	Unsupported dependencies spec XQ10+
op-add-dayTimeDurations	cbcl-add-dayTimeDurations-002	https://github.com/w3c/qt3tests/blob/201a6e466940cdfc727f4babfedcde5332b9f578/op/add-dayTimeDurations.xml#L417	Unsupported dependencies spec XQ10+
op-add-dayTimeDurations	cbcl-add-dayTimeDurations-003	https://github.com/w3c/qt3tests/blob/201a6e466940cdfc727f4babfedcde5332b9f578/op/add-dayTimeDurations.xml#L429	Unsupported dependencies spec XQ10+
op-add-dayTimeDurations	cbcl-plus-001	https://github.com/w3c/qt3tests/blob/201a6e466940cdfc727f4babfedcde5332b9f578/op/add-dayTimeDurations.xml#L441	Unsupported dependencies spec XQ10+
op-add-dayTimeDurations	cbcl-plus-002	https://github.com/w3c/qt3tests/blob/201a6e466940cdfc727f4babfedcde5332b9f578/op/add-dayTimeDurations.xml#L453	Unsupported dependencies spec XQ10+
op-add-dayTimeDurations	cbcl-plus-003	https://github.com/w3c/qt3tests/blob/201a6e466940cdfc727f4babfedcde5332b9f578/op/add-dayTimeDurations.xml#L465	Unsupported dependencies spec XQ10+
op-add-dayTimeDurations	cbcl-plus-004	https://github.com/w3c/qt3tests/blob/201a6e466940cdfc727f4babfedcde5332b9f578/op/add-dayTimeDurations.xml#L477	Unsupported dependencies spec XQ10+
op-add-dayTimeDurations	cbcl-plus-005	https://github.com/w3c/qt3tests/blob/201a6e466940cdfc727f4babfedcde5332b9f578/op/add-dayTimeDurations.xml#L489	Unsupported dependencies spec XQ10+
op-add-dayTimeDurations	cbcl-plus-006	https://github.com/w3c/qt3tests/blob/201a6e466940cdfc727f4babfedcde5332b9f578/op/add-dayTimeDurations.xml#L501	Unsupported dependencies spec XQ10+
op-add-dayTimeDurations	cbcl-plus-007	https://github.com/w3c/qt3tests/blob/201a6e466940cdfc727f4babfedcde5332b9f578/op/add-dayTimeDurations.xml#L513	Unsupported dependencies spec XQ10+
op-add-dayTimeDurations	cbcl-plus-008	https://github.com/w3c/qt3tests/blob/201a6e466940cdfc727f4babfedcde5332b9f578/op/add-dayTimeDurations.xml#L525	Unsupported dependencies spec XQ10+
op-add-dayTimeDurations	cbcl-plus-009	https://github.com/w3c/qt3tests/blob/201a6e466940cdfc727f4babfedcde5332b9f578/op/add-dayTimeDurations.xml#L537	Unsupported dependencies spec XQ10+
op-add-dayTimeDurations	cbcl-plus-010	https://github.com/w3c/qt3tests/blob/201a6e466940cdfc727f4babfedcde5332b9f578/op/add-dayTimeDurations.xml#L549	Unsupported dependencies spec XQ10+
op-add-dayTimeDurations	cbcl-plus-011	https://github.com/w3c/qt3tests/blob/201a6e466940cdfc727f4babfedcde5332b9f578/op/add-dayTimeDurations.xml#L561	Unsupported dependencies spec XQ10+
op-add-dayTimeDurations	cbcl-plus-012	https://github.com/w3c/qt3tests/blob/201a6e466940cdfc727f4babfedcde5332b9f578/op/add-dayTimeDurations.xml#L573	Unsupported dependencies spec XQ10+
op-add-dayTimeDurations	cbcl-plus-013	https://github.com/w3c/qt3tests/blob/201a6e466940cdfc727f4babfedcde5332b9f578/op/add-dayTimeDurations.xml#L585	Unsupported dependencies spec XQ10+
op-add-dayTimeDurations	cbcl-plus-014	https://github.com/w3c/qt3tests/blob/201a6e466940cdfc727f4babfedcde5332b9f578/op/add-dayTimeDurations.xml#L597	Unsupported dependencies spec XQ10+
op-add-dayTimeDurations	cbcl-plus-015	https://github.com/w3c/qt3tests/blob/201a6e466940cdfc727f4babfedcde5332b9f578/op/add-dayTimeDurations.xml#L609	Unsupported dependencies spec XQ10+
op-add-dayTimeDurations	cbcl-plus-016	https://github.com/w3c/qt3tests/blob/201a6e466940cdfc727f4babfedcde5332b9f578/op/add-dayTimeDurations.xml#L621	Unsupported dependencies spec XQ10+
op-add-dayTimeDurations	cbcl-plus-017	https://github.com/w3c/qt3tests/blob/201a6e466940cdfc727f4babfedcde5332b9f578/op/add-dayTimeDurations.xml#L633	Unsupported dependencies spec XQ10+
op-add-dayTimeDurations	cbcl-plus-018	https://github.com/w3c/qt3tests/blob/201a6e466940cdfc727f4babfedcde5332b9f578/op/add-dayTimeDurations.xml#L645	Unsupported dependencies spec XQ10+
op-add-dayTimeDurations	cbcl-plus-019	https://github.com/w3c/qt3tests/blob/201a6e466940cdfc727f4babfedcde5332b9f578/op/add-dayTimeDurations.xml#L657	Unsupported dependencies spec XQ10+
op-add-dayTimeDurations	cbcl-plus-020	https://github.com/w3c/qt3tests/blob/201a6e466940cdfc727f4babfedcde5332b9f578/op/add-dayTimeDurations.xml#L669	Unsupported dependencies spec XQ10+
op-add-dayTimeDurations	cbcl-plus-021	https://github.com/w3c/qt3tests/blob/201a6e466940cdfc727f4babfedcde5332b9f578/op/add-dayTimeDurations.xml#L681	Unsupported dependencies spec XQ10+
op-add-dayTimeDurations	cbcl-plus-022	https://github.com/w3c/qt3tests/blob/201a6e466940cdfc727f4babfedcde5332b9f578/op/add-dayTimeDurations.xml#L693	Unsupported dependencies spec XQ10+
op-add-dayTimeDurations	cbcl-plus-023	https://github.com/w3c/qt3tests/blob/201a6e466940cdfc727f4babfedcde5332b9f578/op/add-dayTimeDurations.xml#L705	Unsupported dependencies spec XQ10+
op-add-dayTimeDurations	cbcl-plus-024	https://github.com/w3c/qt3tests/blob/201a6e466940cdfc727f4babfedcde5332b9f578/op/add-dayTimeDurations.xml#L717	Unsupported dependencies spec XQ10+
op-add-dayTimeDurations	cbcl-plus-025	https://github.com/w3c/qt3tests/blob/201a6e466940cdfc727f4babfedcde5332b9f578/op/add-dayTimeDurations.xml#L729	Unsupported dependencies spec XQ10+
op-add-dayTimeDurations	cbcl-plus-026	https://github.com/w3c/qt3tests/blob/201a6e466940cdfc727f4babfedcde5332b9f578/op/add-dayTimeDurations.xml#L741	Unsupported dependencies spec XQ10+
op-add-dayTimeDurations	cbcl-plus-027	https://github.com/w3c/qt3tests/blob/201a6e466940cdfc727f4babfedcde5332b9f578/op/add-dayTimeDurations.xml#L753	Unsupported dependencies spec XQ10+
op-add-dayTimeDurations	cbcl-plus-028	https://github.com/w3c/qt3tests/blob/201a6e466940cdfc727f4babfedcde5332b9f578/op/add-dayTimeDurations.xml#L765	Unsupported dependencies spec XQ10+
op-add-dayTimeDurations	cbcl-plus-029	https://github.com/w3c/qt3tests/blob/201a6e466940cdfc727f4babfedcde5332b9f578/op/add-dayTimeDurations.xml#L777	Unsupported dependencies spec XQ10+
op-add-dayTimeDurations	cbcl-plus-030	https://github.com/w3c/qt3tests/blob/201a6e466940cdfc727f4babfedcde5332b9f578/op/add-dayTimeDurations.xml#L789	Unsupported dependencies spec XQ10+
op-add-dayTimeDurations	cbcl-plus-031	https://github.com/w3c/qt3tests/blob/201a6e466940cdfc727f4babfedcde5332b9f578/op/add-dayTimeDurations.xml#L801	Unsupported dependencies spec XQ10+
op-add-dayTimeDurations	cbcl-plus-032	https://github.com/w3c/qt3tests/blob/201a6e466940cdfc727f4babfedcde5332b9f578/op/add-dayTimeDurations.xml#L813	Unsupported dependencies spec XQ10+
op-add-dayTimeDurations	cbcl-plus-033	https://github.com/w3c/qt3tests/blob/201a6e466940cdfc727f4babfedcde5332b9f578/op/add-dayTimeDurations.xml#L825	Unsupported dependencies spec XQ10+
op-add-dayTimeDurations	cbcl-plus-034	https://github.com/w3c/qt3tests/blob/201a6e466940cdfc727f4babfedcde5332b9f578/op/add-dayTimeDurations.xml#L838	Unsupported dependencies spec XQ10+
op-add-dayTimeDuration-to-date	op-add-dayTimeDuration-to-date-6	https://github.com/w3c/qt3tests/blob/201a6e466940cdfc727f4babfedcde5332b9f578/op/add-dayTimeDuration-to-date.xml#L184	Unsupported function fn:number#1
op-add-dayTimeDuration-to-date	cbcl-add-dayTimeDuration-to-date-001	https://github.com/w3c/qt3tests/blob/201a6e466940cdfc727f4babfedcde5332b9f578/op/add-dayTimeDuration-to-date.xml#L378	Unsupported dependencies spec XQ10+
op-add-dayTimeDuration-to-date	cbcl-add-dayTimeDuration-to-date-002	https://github.com/w3c/qt3tests/blob/201a6e466940cdfc727f4babfedcde5332b9f578/op/add-dayTimeDuration-to-date.xml#L398	Unsupported dependencies spec XQ10+
op-add-dayTimeDuration-to-date	cbcl-add-dayTimeDuration-to-date-003	https://github.com/w3c/qt3tests/blob/201a6e466940cdfc727f4babfedcde5332b9f578/op/add-dayTimeDuration-to-date.xml#L418	Unsupported dependencies spec XQ10+
op-add-dayTimeDuration-to-date	Add-UnionType-36	https://github.com/w3c/qt3tests/blob/201a6e466940cdfc727f4babfedcde5332b9f578/op/add-dayTimeDuration-to-date.xml#L435	Unsupported dependencies spec XQ30+, feature schemaImport
op-add-dayTimeDuration-to-date	Add-UnionType-37	https://github.com/w3c/qt3tests/blob/201a6e466940cdfc727f4babfedcde5332b9f578/op/add-dayTimeDuration-to-date.xml#L451	Unsupported dependencies spec XQ30+, feature schemaImport
op-add-dayTimeDuration-to-dateTime	op-add-dayTimeDuration-to-dateTime-6	https://github.com/w3c/qt3tests/blob/201a6e466940cdfc727f4babfedcde5332b9f578/op/add-dayTimeDuration-to-dateTime.xml#L177	Unsupported function fn:number#1
op-add-dayTimeDuration-to-dateTime	cbcl-add-dayTimeDuration-to-dateTime-001	https://github.com/w3c/qt3tests/blob/201a6e466940cdfc727f4babfedcde5332b9f578/op/add-dayTimeDuration-to-dateTime.xml#L402	Unsupported dependencies spec XQ10+
op-add-dayTimeDuration-to-dateTime	cbcl-add-dayTimeDuration-to-dateTime-002	https://github.com/w3c/qt3tests/blob/201a6e466940cdfc727f4babfedcde5332b9f578/op/add-dayTimeDuration-to-dateTime.xml#L414	Unsupported dependencies spec XQ10+
op-add-dayTimeDuration-to-dateTime	cbcl-add-dayTimeDuration-to-dateTime-003	https://github.com/w3c/qt3tests/blob/201a6e466940cdfc727f4babfedcde5332b9f578/op/add-dayTimeDuration-to-dateTime.xml#L426	Unsupported dependencies spec XQ10+
op-add-dayTimeDuration-to-time	op-add-dayTimeDuration-to-time-6	https://github.com/w3c/qt3tests/blob/201a6e466940cdfc727f4babfedcde5332b9f578/op/add-dayTimeDuration-to-time.xml#L179	Unsupported function fn:number#1
op-add-dayTimeDuration-to-time	cbcl-add-dayTimeDuration-to-time-001	https://github.com/w3c/qt3tests/blob/201a6e466940cdfc727f4babfedcde5332b9f578/op/add-dayTimeDuration-to-time.xml#L405	Unsupported dependencies spec XQ10+
op-add-dayTimeDuration-to-time	cbcl-add-dayTimeDuration-to-time-002	https://github.com/w3c/qt3tests/blob/201a6e466940cdfc727f4babfedcde5332b9f578/op/add-dayTimeDuration-to-time.xml#L419	Unsupported dependencies spec XQ10+
op-add-yearMonthDurations	op-add-yearMonthDurations-6	https://github.com/w3c/qt3tests/blob/201a6e466940cdfc727f4babfedcde5332b9f578/op/add-yearMonthDurations.xml#L181	Unsupported function fn:number#1
op-add-yearMonthDurations	cbcl-add-yearMonthDurations-001	https://github.com/w3c/qt3tests/blob/201a6e466940cdfc727f4babfedcde5332b9f578/op/add-yearMonthDurations.xml#L405	Unsupported dependencies spec XQ10+
op-add-yearMonthDurations	cbcl-add-yearMonthDurations-002	https://github.com/w3c/qt3tests/blob/201a6e466940cdfc727f4babfedcde5332b9f578/op/add-yearMonthDurations.xml#L417	Unsupported dependencies spec XQ10+
op-add-yearMonthDurations	cbcl-add-yearMonthDurations-003	https://github.com/w3c/qt3tests/blob/201a6e466940cdfc727f4babfedcde5332b9f578/op/add-yearMonthDurations.xml#L429	Unsupported dependencies spec XQ10+
op-add-yearMonthDuration-to-date	op-add-yearMonthDuration-to-date-6	https://github.com/w3c/qt3tests/blob/201a6e466940cdfc727f4babfedcde5332b9f578/op/add-yearMonthDuration-to-date.xml#L176	Unsupported function fn:number#1
op-add-yearMonthDuration-to-date	cbcl-add-yearMonthDuration-to-date-001	https://github.com/w3c/qt3tests/blob/201a6e466940cdfc727f4babfedcde5332b9f578/op/add-yearMonthDuration-to-date.xml#L400	Unsupported dependencies spec XQ10+
op-add-yearMonthDuration-to-date	cbcl-add-yearMonthDuration-to-date-002	https://github.com/w3c/qt3tests/blob/201a6e466940cdfc727f4babfedcde5332b9f578/op/add-yearMonthDuration-to-date.xml#L414	Unsupported dependencies spec XQ10+
op-add-yearMonthDuration-to-date	cbcl-add-yearMonthDuration-to-date-003	https://github.com/w3c/qt3tests/blob/201a6e466940cdfc727f4babfedcde5332b9f578/op/add-yearMonthDuration-to-date.xml#L428	Unsupported dependencies spec XQ10+
op-add-yearMonthDuration-to-dateTime	op-add-yearMonthDuration-to-dateTime-6	https://github.com/w3c/qt3tests/blob/201a6e466940cdfc727f4babfedcde5332b9f578/op/add-yearMonthDuration-to-dateTime.xml#L100	Unsupported function fn:number#1
op-add-yearMonthDuration-to-dateTime	cbcl-add-yearMonthDuration-to-dateTime-001	https://github.com/w3c/qt3tests/blob/201a6e466940cdfc727f4babfedcde5332b9f578/op/add-yearMonthDuration-to-dateTime.xml#L247	Unsupported dependencies spec XQ10+
op-add-yearMonthDuration-to-dateTime	cbcl-add-yearMonthDuration-to-dateTime-002	https://github.com/w3c/qt3tests/blob/201a6e466940cdfc727f4babfedcde5332b9f578/op/add-yearMonthDuration-to-dateTime.xml#L266	Unsupported dependencies spec XQ10+
op-add-yearMonthDuration-to-dateTime	cbcl-add-yearMonthDuration-to-dateTime-003	https://github.com/w3c/qt3tests/blob/201a6e466940cdfc727f4babfedcde5332b9f578/op/add-yearMonthDuration-to-dateTime.xml#L284	Unsupported dependencies spec XQ10+
op-boolean-equal	op-boolean-equal-17	https://github.com/w3c/qt3tests/blob/201a6e466940cdfc727f4babfedcde5332b9f578/op/boolean-equal.xml#L364	Unsupported varName
op-boolean-equal	op-boolean-equal-18	https://github.com/w3c/qt3tests/blob/201a6e466940cdfc727f4babfedcde5332b9f578/op/boolean-equal.xml#L381	Invalid XPath: 1: true() eq true() eq true() eq true()\n                    ^\n\nError: XPST0003: Failed to parse script. Expected end of input\n  at <>:1:18 - 1:19
op-boolean-equal	K2-BooleanEqual-1	https://github.com/w3c/qt3tests/blob/201a6e466940cdfc727f4babfedcde5332b9f578/op/boolean-equal.xml#L757	Unsupported cast type xs:untypedAtomic
op-boolean-equal	K2-BooleanEqual-2	https://github.com/w3c/qt3tests/blob/201a6e466940cdfc727f4babfedcde5332b9f578/op/boolean-equal.xml#L772	Unsupported dependencies spec XQ10+
op-boolean-equal	K2-BooleanEqual-3	https://github.com/w3c/qt3tests/blob/201a6e466940cdfc727f4babfedcde5332b9f578/op/boolean-equal.xml#L788	Unsupported dependencies spec XQ10+
op-boolean-equal	cbcl-boolean-equal-001	https://github.com/w3c/qt3tests/blob/201a6e466940cdfc727f4babfedcde5332b9f578/op/boolean-equal.xml#L804	Unsupported dependencies spec XQ10+
op-boolean-equal	cbcl-boolean-equal-002	https://github.com/w3c/qt3tests/blob/201a6e466940cdfc727f4babfedcde5332b9f578/op/boolean-equal.xml#L820	Unsupported dependencies spec XQ10+
op-boolean-equal	cbcl-boolean-equal-003	https://github.com/w3c/qt3tests/blob/201a6e466940cdfc727f4babfedcde5332b9f578/op/boolean-equal.xml#L836	Unsupported dependencies spec XQ10+
op-boolean-equal	cbcl-boolean-equal-004	https://github.com/w3c/qt3tests/blob/201a6e466940cdfc727f4babfedcde5332b9f578/op/boolean-equal.xml#L852	Unsupported dependencies spec XQ10+
op-boolean-equal	cbcl-boolean-equal-005	https://github.com/w3c/qt3tests/blob/201a6e466940cdfc727f4babfedcde5332b9f578/op/boolean-equal.xml#L868	Unsupported dependencies spec XQ10+
op-boolean-equal	cbcl-boolean-equal-006	https://github.com/w3c/qt3tests/blob/201a6e466940cdfc727f4babfedcde5332b9f578/op/boolean-equal.xml#L879	Unsupported dependencies spec XQ10+
op-boolean-greater-than	cbcl-boolean-greater-than-001	https://github.com/w3c/qt3tests/blob/201a6e466940cdfc727f4babfedcde5332b9f578/op/boolean-greater-than.xml#L647	Unsupported dependencies spec XQ10+
op-boolean-greater-than	cbcl-boolean-greater-than-002	https://github.com/w3c/qt3tests/blob/201a6e466940cdfc727f4babfedcde5332b9f578/op/boolean-greater-than.xml#L658	Unsupported dependencies spec XQ10+
op-boolean-greater-than	cbcl-boolean-greater-than-003	https://github.com/w3c/qt3tests/blob/201a6e466940cdfc727f4babfedcde5332b9f578/op/boolean-greater-than.xml#L669	Unsupported dependencies spec XQ10+
op-boolean-greater-than	cbcl-boolean-greater-than-004	https://github.com/w3c/qt3tests/blob/201a6e466940cdfc727f4babfedcde5332b9f578/op/boolean-greater-than.xml#L680	Unsupported dependencies spec XQ10+
op-boolean-greater-than	cbcl-boolean-greater-than-005	https://github.com/w3c/qt3tests/blob/201a6e466940cdfc727f4babfedcde5332b9f578/op/boolean-greater-than.xml#L691	Unsupported dependencies spec XQ10+
op-boolean-greater-than	cbcl-boolean-greater-than-006	https://github.com/w3c/qt3tests/blob/201a6e466940cdfc727f4babfedcde5332b9f578/op/boolean-greater-than.xml#L702	Unsupported dependencies spec XQ10+
op-boolean-greater-than	cbcl-boolean-greater-than-007	https://github.com/w3c/qt3tests/blob/201a6e466940cdfc727f4babfedcde5332b9f578/op/boolean-greater-than.xml#L713	Unsupported dependencies spec XQ10+
op-boolean-greater-than	cbcl-boolean-greater-than-008	https://github.com/w3c/qt3tests/blob/201a6e466940cdfc727f4babfedcde5332b9f578/op/boolean-greater-than.xml#L724	Unsupported dependencies spec XQ10+
op-boolean-greater-than	cbcl-boolean-greater-than-009	https://github.com/w3c/qt3tests/blob/201a6e466940cdfc727f4babfedcde5332b9f578/op/boolean-greater-than.xml#L735	Unsupported dependencies spec XQ10+
op-boolean-greater-than	cbcl-boolean-greater-than-010	https://github.com/w3c/qt3tests/blob/201a6e466940cdfc727f4babfedcde5332b9f578/op/boolean-greater-than.xml#L745	Unsupported dependencies spec XQ10+
op-boolean-less-than	cbcl-boolean-less-than-001	https://github.com/w3c/qt3tests/blob/201a6e466940cdfc727f4babfedcde5332b9f578/op/boolean-less-than.xml#L646	Unsupported dependencies spec XQ10+
op-boolean-less-than	cbcl-boolean-less-than-002	https://github.com/w3c/qt3tests/blob/201a6e466940cdfc727f4babfedcde5332b9f578/op/boolean-less-than.xml#L657	Unsupported dependencies spec XQ10+
op-boolean-less-than	cbcl-boolean-less-than-003	https://github.com/w3c/qt3tests/blob/201a6e466940cdfc727f4babfedcde5332b9f578/op/boolean-less-than.xml#L668	Unsupported dependencies spec XQ10+
op-boolean-less-than	cbcl-boolean-less-than-004	https://github.com/w3c/qt3tests/blob/201a6e466940cdfc727f4babfedcde5332b9f578/op/boolean-less-than.xml#L679	Unsupported dependencies spec XQ10+
op-boolean-less-than	cbcl-boolean-less-than-005	https://github.com/w3c/qt3tests/blob/201a6e466940cdfc727f4babfedcde5332b9f578/op/boolean-less-than.xml#L690	Unsupported dependencies spec XQ10+
op-boolean-less-than	cbcl-boolean-less-than-006	https://github.com/w3c/qt3tests/blob/201a6e466940cdfc727f4babfedcde5332b9f578/op/boolean-less-than.xml#L701	Unsupported dependencies spec XQ10+
op-boolean-less-than	cbcl-boolean-less-than-007	https://github.com/w3c/qt3tests/blob/201a6e466940cdfc727f4babfedcde5332b9f578/op/boolean-less-than.xml#L712	Unsupported dependencies spec XQ10+
op-boolean-less-than	cbcl-boolean-less-than-008	https://github.com/w3c/qt3tests/blob/201a6e466940cdfc727f4babfedcde5332b9f578/op/boolean-less-than.xml#L723	Unsupported dependencies spec XQ10+
op-boolean-less-than	cbcl-boolean-less-than-009	https://github.com/w3c/qt3tests/blob/201a6e466940cdfc727f4babfedcde5332b9f578/op/boolean-less-than.xml#L734	Unsupported dependencies spec XQ10+
op-boolean-less-than	cbcl-boolean-less-than-010	https://github.com/w3c/qt3tests/blob/201a6e466940cdfc727f4babfedcde5332b9f578/op/boolean-less-than.xml#L745	Unsupported dependencies spec XQ10+
op-date-equal	cbcl-date-equal-001	https://github.com/w3c/qt3tests/blob/201a6e466940cdfc727f4babfedcde5332b9f578/op/date-equal.xml#L530	Unsupported dependencies spec XQ10+
op-date-equal	cbcl-date-equal-006	https://github.com/w3c/qt3tests/blob/201a6e466940cdfc727f4babfedcde5332b9f578/op/date-equal.xml#L581	Unsupported dependencies spec XQ10+
op-date-equal	cbcl-date-equal-011	https://github.com/w3c/qt3tests/blob/201a6e466940cdfc727f4babfedcde5332b9f578/op/date-equal.xml#L632	Unsupported dependencies spec XQ10+
op-date-equal	cbcl-date-equal-012	https://github.com/w3c/qt3tests/blob/201a6e466940cdfc727f4babfedcde5332b9f578/op/date-equal.xml#L643	Unsupported dependencies spec XQ10+
op-date-equal	cbcl-date-equal-013	https://github.com/w3c/qt3tests/blob/201a6e466940cdfc727f4babfedcde5332b9f578/op/date-equal.xml#L654	Unsupported dependencies spec XQ10+
op-date-equal	cbcl-date-equal-014	https://github.com/w3c/qt3tests/blob/201a6e466940cdfc727f4babfedcde5332b9f578/op/date-equal.xml#L665	Unsupported dependencies spec XQ10+
op-date-equal	cbcl-date-equal-015	https://github.com/w3c/qt3tests/blob/201a6e466940cdfc727f4babfedcde5332b9f578/op/date-equal.xml#L676	Unsupported dependencies spec XQ10+
op-date-equal	cbcl-date-equal-016	https://github.com/w3c/qt3tests/blob/201a6e466940cdfc727f4babfedcde5332b9f578/op/date-equal.xml#L687	Unsupported dependencies spec XQ10+
op-date-greater-than	cbcl-date-le-001	https://github.com/w3c/qt3tests/blob/201a6e466940cdfc727f4babfedcde5332b9f578/op/date-greater-than.xml#L515	Unsupported dependencies spec XQ10+
op-date-greater-than	cbcl-date-greater-equal-001	https://github.com/w3c/qt3tests/blob/201a6e466940cdfc727f4babfedcde5332b9f578/op/date-greater-than.xml#L530	Unsupported dependencies spec XQ10+
op-date-greater-than	cbcl-date-greater-equal-006	https://github.com/w3c/qt3tests/blob/201a6e466940cdfc727f4babfedcde5332b9f578/op/date-greater-than.xml#L584	Unsupported dependencies spec XQ10+
op-date-greater-than	cbcl-date-greater-than-011	https://github.com/w3c/qt3tests/blob/201a6e466940cdfc727f4babfedcde5332b9f578/op/date-greater-than.xml#L639	Unsupported dependencies spec XQ10+
op-date-greater-than	cbcl-date-greater-than-012	https://github.com/w3c/qt3tests/blob/201a6e466940cdfc727f4babfedcde5332b9f578/op/date-greater-than.xml#L653	Unsupported dependencies spec XQ10+
op-date-greater-than	cbcl-date-greater-than-013	https://github.com/w3c/qt3tests/blob/201a6e466940cdfc727f4babfedcde5332b9f578/op/date-greater-than.xml#L667	Unsupported dependencies spec XQ10+
op-date-greater-than	cbcl-date-greater-than-014	https://github.com/w3c/qt3tests/blob/201a6e466940cdfc727f4babfedcde5332b9f578/op/date-greater-than.xml#L681	Unsupported dependencies spec XQ10+
op-date-greater-than	cbcl-date-greater-than-015	https://github.com/w3c/qt3tests/blob/201a6e466940cdfc727f4babfedcde5332b9f578/op/date-greater-than.xml#L695	Unsupported dependencies spec XQ10+
op-date-greater-than	cbcl-date-greater-than-016	https://github.com/w3c/qt3tests/blob/201a6e466940cdfc727f4babfedcde5332b9f578/op/date-greater-than.xml#L709	Unsupported dependencies spec XQ10+
op-date-less-than	cbcl-date-lt-001	https://github.com/w3c/qt3tests/blob/201a6e466940cdfc727f4babfedcde5332b9f578/op/date-less-than.xml#L515	Unsupported dependencies spec XQ10+
op-date-less-than	cbcl-date-less-than-001	https://github.com/w3c/qt3tests/blob/201a6e466940cdfc727f4babfedcde5332b9f578/op/date-less-than.xml#L530	Unsupported dependencies spec XQ10+
op-date-less-than	cbcl-date-less-than-006	https://github.com/w3c/qt3tests/blob/201a6e466940cdfc727f4babfedcde5332b9f578/op/date-less-than.xml#L589	Unsupported dependencies spec XQ10+
op-date-less-than	cbcl-date-less-than-011	https://github.com/w3c/qt3tests/blob/201a6e466940cdfc727f4babfedcde5332b9f578/op/date-less-than.xml#L644	Unsupported dependencies spec XQ10+
op-date-less-than	cbcl-date-less-than-012	https://github.com/w3c/qt3tests/blob/201a6e466940cdfc727f4babfedcde5332b9f578/op/date-less-than.xml#L658	Unsupported dependencies spec XQ10+
op-date-less-than	cbcl-date-less-than-013	https://github.com/w3c/qt3tests/blob/201a6e466940cdfc727f4babfedcde5332b9f578/op/date-less-than.xml#L672	Unsupported dependencies spec XQ10+
op-date-less-than	cbcl-date-less-than-014	https://github.com/w3c/qt3tests/blob/201a6e466940cdfc727f4babfedcde5332b9f578/op/date-less-than.xml#L686	Unsupported dependencies spec XQ10+
op-date-less-than	cbcl-date-less-than-015	https://github.com/w3c/qt3tests/blob/201a6e466940cdfc727f4babfedcde5332b9f578/op/date-less-than.xml#L700	Unsupported dependencies spec XQ10+
op-date-less-than	cbcl-date-less-than-016	https://github.com/w3c/qt3tests/blob/201a6e466940cdfc727f4babfedcde5332b9f578/op/date-less-than.xml#L714	Unsupported dependencies spec XQ10+
op-dateTime-equal	cbcl-dateTime-equal-001	https://github.com/w3c/qt3tests/blob/201a6e466940cdfc727f4babfedcde5332b9f578/op/dateTime-equal.xml#L871	Unsupported dependencies spec XQ10+
op-dateTime-equal	cbcl-dateTime-equal-006	https://github.com/w3c/qt3tests/blob/201a6e466940cdfc727f4babfedcde5332b9f578/op/dateTime-equal.xml#L933	Unsupported dependencies spec XQ10+
op-dateTime-equal	cbcl-dateTime-equal-011	https://github.com/w3c/qt3tests/blob/201a6e466940cdfc727f4babfedcde5332b9f578/op/dateTime-equal.xml#L993	Unsupported dependencies spec XQ10+
op-dateTime-equal	cbcl-dateTime-equal-012	https://github.com/w3c/qt3tests/blob/201a6e466940cdfc727f4babfedcde5332b9f578/op/dateTime-equal.xml#L1004	Unsupported dependencies spec XQ10+
op-dateTime-equal	cbcl-dateTime-equal-013	https://github.com/w3c/qt3tests/blob/201a6e466940cdfc727f4babfedcde5332b9f578/op/dateTime-equal.xml#L1015	Unsupported dependencies spec XQ10+
op-dateTime-equal	cbcl-dateTime-equal-014	https://github.com/w3c/qt3tests/blob/201a6e466940cdfc727f4babfedcde5332b9f578/op/dateTime-equal.xml#L1026	Unsupported dependencies spec XQ10+
op-dateTime-equal	cbcl-dateTime-equal-015	https://github.com/w3c/qt3tests/blob/201a6e466940cdfc727f4babfedcde5332b9f578/op/dateTime-equal.xml#L1037	Unsupported dependencies spec XQ10+
op-dateTime-equal	cbcl-dateTime-equal-016	https://github.com/w3c/qt3tests/blob/201a6e466940cdfc727f4babfedcde5332b9f578/op/dateTime-equal.xml#L1053	Unsupported dependencies spec XQ10+
op-dateTime-equal	UnionType-equal-01	https://github.com/w3c/qt3tests/blob/201a6e466940cdfc727f4babfedcde5332b9f578/op/dateTime-equal.xml#L1088	Unsupported dependencies spec XQ30+, feature schemaImport
op-dateTime-equal	UnionType-equal-02	https://github.com/w3c/qt3tests/blob/201a6e466940cdfc727f4babfedcde5332b9f578/op/dateTime-equal.xml#L1104	Unsupported dependencies spec XQ30+, feature schemaImport
op-dateTime-greater-than	cbcl-dateTime-greater-than-001	https://github.com/w3c/qt3tests/blob/201a6e466940cdfc727f4babfedcde5332b9f578/op/dateTime-greater-than.xml#L471	Unsupported dependencies spec XQ10+
op-dateTime-greater-than	cbcl-dateTime-greater-than-006	https://github.com/w3c/qt3tests/blob/201a6e466940cdfc727f4babfedcde5332b9f578/op/dateTime-greater-than.xml#L527	Unsupported dependencies spec XQ10+
op-dateTime-greater-than	cbcl-dateTime-greater-than-011	https://github.com/w3c/qt3tests/blob/201a6e466940cdfc727f4babfedcde5332b9f578/op/dateTime-greater-than.xml#L583	Unsupported dependencies spec XQ10+
op-dateTime-greater-than	cbcl-dateTime-greater-than-012	https://github.com/w3c/qt3tests/blob/201a6e466940cdfc727f4babfedcde5332b9f578/op/dateTime-greater-than.xml#L595	Unsupported dependencies spec XQ10+
op-dateTime-greater-than	cbcl-dateTime-greater-than-013	https://github.com/w3c/qt3tests/blob/201a6e466940cdfc727f4babfedcde5332b9f578/op/dateTime-greater-than.xml#L607	Unsupported dependencies spec XQ10+
op-dateTime-greater-than	cbcl-dateTime-greater-than-014	https://github.com/w3c/qt3tests/blob/201a6e466940cdfc727f4babfedcde5332b9f578/op/dateTime-greater-than.xml#L619	Unsupported dependencies spec XQ10+
op-dateTime-greater-than	cbcl-dateTime-greater-than-015	https://github.com/w3c/qt3tests/blob/201a6e466940cdfc727f4babfedcde5332b9f578/op/dateTime-greater-than.xml#L631	Unsupported dependencies spec XQ10+
op-dateTime-greater-than	cbcl-dateTime-greater-than-016	https://github.com/w3c/qt3tests/blob/201a6e466940cdfc727f4babfedcde5332b9f578/op/dateTime-greater-than.xml#L643	Unsupported dependencies spec XQ10+
op-dateTime-less-than	cbcl-dateTime-less-than-001	https://github.com/w3c/qt3tests/blob/201a6e466940cdfc727f4babfedcde5332b9f578/op/dateTime-less-than.xml#L469	Unsupported dependencies spec XQ10+
op-dateTime-less-than	cbcl-dateTime-less-than-006	https://github.com/w3c/qt3tests/blob/201a6e466940cdfc727f4babfedcde5332b9f578/op/dateTime-less-than.xml#L525	Unsupported dependencies spec XQ10+
op-dateTime-less-than	cbcl-dateTime-less-than-011	https://github.com/w3c/qt3tests/blob/201a6e466940cdfc727f4babfedcde5332b9f578/op/dateTime-less-than.xml#L581	Unsupported dependencies spec XQ10+
op-dateTime-less-than	cbcl-dateTime-less-than-012	https://github.com/w3c/qt3tests/blob/201a6e466940cdfc727f4babfedcde5332b9f578/op/dateTime-less-than.xml#L593	Unsupported dependencies spec XQ10+
op-dateTime-less-than	cbcl-dateTime-less-than-013	https://github.com/w3c/qt3tests/blob/201a6e466940cdfc727f4babfedcde5332b9f578/op/dateTime-less-than.xml#L605	Unsupported dependencies spec XQ10+
op-dateTime-less-than	cbcl-dateTime-less-than-014	https://github.com/w3c/qt3tests/blob/201a6e466940cdfc727f4babfedcde5332b9f578/op/dateTime-less-than.xml#L617	Unsupported dependencies spec XQ10+
op-dateTime-less-than	cbcl-dateTime-less-than-015	https://github.com/w3c/qt3tests/blob/201a6e466940cdfc727f4babfedcde5332b9f578/op/dateTime-less-than.xml#L629	Unsupported dependencies spec XQ10+
op-dateTime-less-than	cbcl-dateTime-less-than-016	https://github.com/w3c/qt3tests/blob/201a6e466940cdfc727f4babfedcde5332b9f578/op/dateTime-less-than.xml#L641	Unsupported dependencies spec XQ10+
op-dayTimeDuration-greater-than	cbcl-dayTimeDuration-greater-than-001	https://github.com/w3c/qt3tests/blob/201a6e466940cdfc727f4babfedcde5332b9f578/op/dayTimeDuration-greater-than.xml#L471	Unsupported dependencies spec XQ10+
op-dayTimeDuration-greater-than	cbcl-dayTimeDuration-greater-than-002	https://github.com/w3c/qt3tests/blob/201a6e466940cdfc727f4babfedcde5332b9f578/op/dayTimeDuration-greater-than.xml#L484	Unsupported dependencies spec XQ10+
op-dayTimeDuration-greater-than	cbcl-dayTimeDuration-greater-than-003	https://github.com/w3c/qt3tests/blob/201a6e466940cdfc727f4babfedcde5332b9f578/op/dayTimeDuration-greater-than.xml#L497	Unsupported dependencies spec XQ10+
op-dayTimeDuration-greater-than	cbcl-dayTimeDuration-greater-than-004	https://github.com/w3c/qt3tests/blob/201a6e466940cdfc727f4babfedcde5332b9f578/op/dayTimeDuration-greater-than.xml#L510	Unsupported dependencies spec XQ10+
op-dayTimeDuration-greater-than	cbcl-dayTimeDuration-greater-than-005	https://github.com/w3c/qt3tests/blob/201a6e466940cdfc727f4babfedcde5332b9f578/op/dayTimeDuration-greater-than.xml#L523	Unsupported dependencies spec XQ10+
op-dayTimeDuration-greater-than	cbcl-dayTimeDuration-greater-than-006	https://github.com/w3c/qt3tests/blob/201a6e466940cdfc727f4babfedcde5332b9f578/op/dayTimeDuration-greater-than.xml#L536	Unsupported dependencies spec XQ10+
op-dayTimeDuration-greater-than	cbcl-value-greater-equal-001	https://github.com/w3c/qt3tests/blob/201a6e466940cdfc727f4babfedcde5332b9f578/op/dayTimeDuration-greater-than.xml#L548	Unsupported dependencies spec XQ10+
op-dayTimeDuration-greater-than	cbcl-value-greater-equal-002	https://github.com/w3c/qt3tests/blob/201a6e466940cdfc727f4babfedcde5332b9f578/op/dayTimeDuration-greater-than.xml#L561	Unsupported dependencies spec XQ10+
op-dayTimeDuration-greater-than	cbcl-value-greater-equal-003	https://github.com/w3c/qt3tests/blob/201a6e466940cdfc727f4babfedcde5332b9f578/op/dayTimeDuration-greater-than.xml#L574	Unsupported dependencies spec XQ10+
op-dayTimeDuration-greater-than	cbcl-value-greater-equal-004	https://github.com/w3c/qt3tests/blob/201a6e466940cdfc727f4babfedcde5332b9f578/op/dayTimeDuration-greater-than.xml#L587	Unsupported dependencies spec XQ10+
op-dayTimeDuration-greater-than	cbcl-value-greater-equal-005	https://github.com/w3c/qt3tests/blob/201a6e466940cdfc727f4babfedcde5332b9f578/op/dayTimeDuration-greater-than.xml#L600	Unsupported dependencies spec XQ10+
op-dayTimeDuration-greater-than	cbcl-value-greater-equal-006	https://github.com/w3c/qt3tests/blob/201a6e466940cdfc727f4babfedcde5332b9f578/op/dayTimeDuration-greater-than.xml#L613	Unsupported dependencies spec XQ10+
op-dayTimeDuration-greater-than	cbcl-value-greater-equal-007	https://github.com/w3c/qt3tests/blob/201a6e466940cdfc727f4babfedcde5332b9f578/op/dayTimeDuration-greater-than.xml#L626	Unsupported dependencies spec XQ10+
op-dayTimeDuration-greater-than	cbcl-value-greater-equal-008	https://github.com/w3c/qt3tests/blob/201a6e466940cdfc727f4babfedcde5332b9f578/op/dayTimeDuration-greater-than.xml#L639	Unsupported dependencies spec XQ10+
op-dayTimeDuration-greater-than	cbcl-value-greater-equal-009	https://github.com/w3c/qt3tests/blob/201a6e466940cdfc727f4babfedcde5332b9f578/op/dayTimeDuration-greater-than.xml#L652	Unsupported dependencies spec XQ10+
op-dayTimeDuration-greater-than	cbcl-value-greater-equal-010	https://github.com/w3c/qt3tests/blob/201a6e466940cdfc727f4babfedcde5332b9f578/op/dayTimeDuration-greater-than.xml#L665	Unsupported dependencies spec XQ10+
op-dayTimeDuration-greater-than	cbcl-value-greater-equal-011	https://github.com/w3c/qt3tests/blob/201a6e466940cdfc727f4babfedcde5332b9f578/op/dayTimeDuration-greater-than.xml#L678	Unsupported dependencies spec XQ10+
op-dayTimeDuration-greater-than	cbcl-value-greater-equal-012	https://github.com/w3c/qt3tests/blob/201a6e466940cdfc727f4babfedcde5332b9f578/op/dayTimeDuration-greater-than.xml#L691	Unsupported dependencies spec XQ10+
op-dayTimeDuration-greater-than	cbcl-value-greater-than-001	https://github.com/w3c/qt3tests/blob/201a6e466940cdfc727f4babfedcde5332b9f578/op/dayTimeDuration-greater-than.xml#L704	Unsupported dependencies spec XQ10+
op-dayTimeDuration-greater-than	cbcl-value-greater-than-002	https://github.com/w3c/qt3tests/blob/201a6e466940cdfc727f4babfedcde5332b9f578/op/dayTimeDuration-greater-than.xml#L717	Unsupported dependencies spec XQ10+
op-dayTimeDuration-greater-than	cbcl-value-greater-than-003	https://github.com/w3c/qt3tests/blob/201a6e466940cdfc727f4babfedcde5332b9f578/op/dayTimeDuration-greater-than.xml#L730	Unsupported dependencies spec XQ10+
op-dayTimeDuration-greater-than	cbcl-value-greater-than-004	https://github.com/w3c/qt3tests/blob/201a6e466940cdfc727f4babfedcde5332b9f578/op/dayTimeDuration-greater-than.xml#L743	Unsupported dependencies spec XQ10+
op-dayTimeDuration-greater-than	cbcl-value-greater-than-005	https://github.com/w3c/qt3tests/blob/201a6e466940cdfc727f4babfedcde5332b9f578/op/dayTimeDuration-greater-than.xml#L756	Unsupported dependencies spec XQ10+
op-dayTimeDuration-greater-than	cbcl-value-greater-than-006	https://github.com/w3c/qt3tests/blob/201a6e466940cdfc727f4babfedcde5332b9f578/op/dayTimeDuration-greater-than.xml#L769	Unsupported dependencies spec XQ10+
op-dayTimeDuration-greater-than	cbcl-value-greater-than-007	https://github.com/w3c/qt3tests/blob/201a6e466940cdfc727f4babfedcde5332b9f578/op/dayTimeDuration-greater-than.xml#L782	Unsupported dependencies spec XQ10+
op-dayTimeDuration-greater-than	cbcl-value-greater-than-008	https://github.com/w3c/qt3tests/blob/201a6e466940cdfc727f4babfedcde5332b9f578/op/dayTimeDuration-greater-than.xml#L795	Unsupported dependencies spec XQ10+
op-dayTimeDuration-greater-than	cbcl-value-greater-than-009	https://github.com/w3c/qt3tests/blob/201a6e466940cdfc727f4babfedcde5332b9f578/op/dayTimeDuration-greater-than.xml#L808	Unsupported dependencies spec XQ10+
op-dayTimeDuration-greater-than	cbcl-value-greater-than-010	https://github.com/w3c/qt3tests/blob/201a6e466940cdfc727f4babfedcde5332b9f578/op/dayTimeDuration-greater-than.xml#L821	Unsupported dependencies spec XQ10+
op-dayTimeDuration-greater-than	cbcl-value-greater-than-011	https://github.com/w3c/qt3tests/blob/201a6e466940cdfc727f4babfedcde5332b9f578/op/dayTimeDuration-greater-than.xml#L834	Unsupported dependencies spec XQ10+
op-dayTimeDuration-greater-than	cbcl-value-greater-than-012	https://github.com/w3c/qt3tests/blob/201a6e466940cdfc727f4babfedcde5332b9f578/op/dayTimeDuration-greater-than.xml#L847	Unsupported dependencies spec XQ10+
op-dayTimeDuration-less-than	cbcl-dayTimeDuration-less-than-001	https://github.com/w3c/qt3tests/blob/201a6e466940cdfc727f4babfedcde5332b9f578/op/dayTimeDuration-less-than.xml#L471	Unsupported dependencies spec XQ10+
op-dayTimeDuration-less-than	cbcl-dayTimeDuration-less-than-002	https://github.com/w3c/qt3tests/blob/201a6e466940cdfc727f4babfedcde5332b9f578/op/dayTimeDuration-less-than.xml#L483	Unsupported dependencies spec XQ10+
op-dayTimeDuration-less-than	cbcl-dayTimeDuration-less-than-003	https://github.com/w3c/qt3tests/blob/201a6e466940cdfc727f4babfedcde5332b9f578/op/dayTimeDuration-less-than.xml#L495	Unsupported dependencies spec XQ10+
op-dayTimeDuration-less-than	cbcl-dayTimeDuration-less-than-004	https://github.com/w3c/qt3tests/blob/201a6e466940cdfc727f4babfedcde5332b9f578/op/dayTimeDuration-less-than.xml#L507	Unsupported dependencies spec XQ10+
op-dayTimeDuration-less-than	cbcl-dayTimeDuration-less-than-005	https://github.com/w3c/qt3tests/blob/201a6e466940cdfc727f4babfedcde5332b9f578/op/dayTimeDuration-less-than.xml#L519	Unsupported dependencies spec XQ10+
op-dayTimeDuration-less-than	cbcl-dayTimeDuration-less-than-006	https://github.com/w3c/qt3tests/blob/201a6e466940cdfc727f4babfedcde5332b9f578/op/dayTimeDuration-less-than.xml#L531	Unsupported dependencies spec XQ10+
op-dayTimeDuration-less-than	cbcl-value-less-equal-001	https://github.com/w3c/qt3tests/blob/201a6e466940cdfc727f4babfedcde5332b9f578/op/dayTimeDuration-less-than.xml#L542	Unsupported dependencies spec XQ10+
op-dayTimeDuration-less-than	cbcl-value-less-equal-002	https://github.com/w3c/qt3tests/blob/201a6e466940cdfc727f4babfedcde5332b9f578/op/dayTimeDuration-less-than.xml#L554	Unsupported dependencies spec XQ10+
op-dayTimeDuration-less-than	cbcl-value-less-equal-003	https://github.com/w3c/qt3tests/blob/201a6e466940cdfc727f4babfedcde5332b9f578/op/dayTimeDuration-less-than.xml#L566	Unsupported dependencies spec XQ10+
op-dayTimeDuration-less-than	cbcl-value-less-equal-004	https://github.com/w3c/qt3tests/blob/201a6e466940cdfc727f4babfedcde5332b9f578/op/dayTimeDuration-less-than.xml#L578	Unsupported dependencies spec XQ10+
op-dayTimeDuration-less-than	cbcl-value-less-equal-005	https://github.com/w3c/qt3tests/blob/201a6e466940cdfc727f4babfedcde5332b9f578/op/dayTimeDuration-less-than.xml#L590	Unsupported dependencies spec XQ10+
op-dayTimeDuration-less-than	cbcl-value-less-equal-006	https://github.com/w3c/qt3tests/blob/201a6e466940cdfc727f4babfedcde5332b9f578/op/dayTimeDuration-less-than.xml#L602	Unsupported dependencies spec XQ10+
op-dayTimeDuration-less-than	cbcl-value-less-equal-007	https://github.com/w3c/qt3tests/blob/201a6e466940cdfc727f4babfedcde5332b9f578/op/dayTimeDuration-less-than.xml#L614	Unsupported dependencies spec XQ10+
op-dayTimeDuration-less-than	cbcl-value-less-equal-008	https://github.com/w3c/qt3tests/blob/201a6e466940cdfc727f4babfedcde5332b9f578/op/dayTimeDuration-less-than.xml#L626	Unsupported dependencies spec XQ10+
op-dayTimeDuration-less-than	cbcl-value-less-equal-009	https://github.com/w3c/qt3tests/blob/201a6e466940cdfc727f4babfedcde5332b9f578/op/dayTimeDuration-less-than.xml#L638	Unsupported dependencies spec XQ10+
op-dayTimeDuration-less-than	cbcl-value-less-equal-010	https://github.com/w3c/qt3tests/blob/201a6e466940cdfc727f4babfedcde5332b9f578/op/dayTimeDuration-less-than.xml#L650	Unsupported dependencies spec XQ10+
op-dayTimeDuration-less-than	cbcl-value-less-equal-011	https://github.com/w3c/qt3tests/blob/201a6e466940cdfc727f4babfedcde5332b9f578/op/dayTimeDuration-less-than.xml#L662	Unsupported dependencies spec XQ10+
op-dayTimeDuration-less-than	cbcl-value-less-equal-012	https://github.com/w3c/qt3tests/blob/201a6e466940cdfc727f4babfedcde5332b9f578/op/dayTimeDuration-less-than.xml#L674	Unsupported dependencies spec XQ10+
op-duration-equal	distinct-duration-equal-1	https://github.com/w3c/qt3tests/blob/201a6e466940cdfc727f4babfedcde5332b9f578/op/duration-equal.xml#L612	Unsupported sequenceExpr
op-duration-equal	distinct-duration-equal-2	https://github.com/w3c/qt3tests/blob/201a6e466940cdfc727f4babfedcde5332b9f578/op/duration-equal.xml#L624	Unsupported sequenceExpr
op-duration-equal	cbcl-dayTimeDuration-equal-001	https://github.com/w3c/qt3tests/blob/201a6e466940cdfc727f4babfedcde5332b9f578/op/duration-equal.xml#L1313	Unsupported dependencies spec XQ10+
op-duration-equal	cbcl-dayTimeDuration-equal-002	https://github.com/w3c/qt3tests/blob/201a6e466940cdfc727f4babfedcde5332b9f578/op/duration-equal.xml#L1325	Unsupported dependencies spec XQ10+
op-duration-equal	cbcl-dayTimeDuration-equal-003	https://github.com/w3c/qt3tests/blob/201a6e466940cdfc727f4babfedcde5332b9f578/op/duration-equal.xml#L1337	Unsupported dependencies spec XQ10+
op-duration-equal	cbcl-dayTimeDuration-equal-004	https://github.com/w3c/qt3tests/blob/201a6e466940cdfc727f4babfedcde5332b9f578/op/duration-equal.xml#L1349	Unsupported dependencies spec XQ10+
op-duration-equal	cbcl-dayTimeDuration-equal-005	https://github.com/w3c/qt3tests/blob/201a6e466940cdfc727f4babfedcde5332b9f578/op/duration-equal.xml#L1360	Unsupported dependencies spec XQ10+
op-duration-equal	cbcl-dayTimeDuration-equal-006	https://github.com/w3c/qt3tests/blob/201a6e466940cdfc727f4babfedcde5332b9f578/op/duration-equal.xml#L1371	Unsupported dependencies spec XQ10+
op-duration-equal	cbcl-duration-equal-001	https://github.com/w3c/qt3tests/blob/201a6e466940cdfc727f4babfedcde5332b9f578/op/duration-equal.xml#L1382	Unsupported dependencies spec XQ10+
op-duration-equal	cbcl-duration-equal-002	https://github.com/w3c/qt3tests/blob/201a6e466940cdfc727f4babfedcde5332b9f578/op/duration-equal.xml#L1394	Unsupported dependencies spec XQ10+
op-duration-equal	cbcl-duration-equal-003	https://github.com/w3c/qt3tests/blob/201a6e466940cdfc727f4babfedcde5332b9f578/op/duration-equal.xml#L1406	Unsupported dependencies spec XQ10+
op-duration-equal	cbcl-duration-equal-004	https://github.com/w3c/qt3tests/blob/201a6e466940cdfc727f4babfedcde5332b9f578/op/duration-equal.xml#L1418	Unsupported dependencies spec XQ10+
op-duration-equal	cbcl-duration-equal-005	https://github.com/w3c/qt3tests/blob/201a6e466940cdfc727f4babfedcde5332b9f578/op/duration-equal.xml#L1430	Unsupported dependencies spec XQ10+
op-duration-equal	cbcl-duration-equal-006	https://github.com/w3c/qt3tests/blob/201a6e466940cdfc727f4babfedcde5332b9f578/op/duration-equal.xml#L1442	Unsupported dependencies spec XQ10+
op-duration-equal	cbcl-yearMonthDuration-equal-001	https://github.com/w3c/qt3tests/blob/201a6e466940cdfc727f4babfedcde5332b9f578/op/duration-equal.xml#L1453	Unsupported dependencies spec XQ10+
op-duration-equal	cbcl-yearMonthDuration-equal-002	https://github.com/w3c/qt3tests/blob/201a6e466940cdfc727f4babfedcde5332b9f578/op/duration-equal.xml#L1465	Unsupported dependencies spec XQ10+
op-numeric-add	op-numeric-addmix2args-1	https://github.com/w3c/qt3tests/blob/201a6e466940cdfc727f4babfedcde5332b9f578/op/numeric-add.xml#L518	Unsupported sequenceExpr
op-numeric-add	op-numeric-addmix2args-4	https://github.com/w3c/qt3tests/blob/201a6e466940cdfc727f4babfedcde5332b9f578/op/numeric-add.xml#L548	Unsupported dependencies spec XQ10+
op-numeric-add	op-numeric-addmix2args-5	https://github.com/w3c/qt3tests/blob/201a6e466940cdfc727f4babfedcde5332b9f578/op/numeric-add.xml#L558	Unsupported dependencies spec XQ10+
op-numeric-add	op-numeric-addmix2args-6	https://github.com/w3c/qt3tests/blob/201a6e466940cdfc727f4babfedcde5332b9f578/op/numeric-add.xml#L568	Unsupported dependencies spec XQ10+
op-numeric-add	op-numeric-addmix2args-7	https://github.com/w3c/qt3tests/blob/201a6e466940cdfc727f4babfedcde5332b9f578/op/numeric-add.xml#L578	Unsupported dependencies spec XQ10+
op-numeric-add	op-numeric-addmix2args-8	https://github.com/w3c/qt3tests/blob/201a6e466940cdfc727f4babfedcde5332b9f578/op/numeric-add.xml#L588	Unsupported dependencies spec XQ10+
op-numeric-add	op-numeric-addmix2args-9	https://github.com/w3c/qt3tests/blob/201a6e466940cdfc727f4babfedcde5332b9f578/op/numeric-add.xml#L598	Unsupported dependencies spec XQ10+
op-numeric-add	op-numeric-add-derived-1	https://github.com/w3c/qt3tests/blob/201a6e466940cdfc727f4babfedcde5332b9f578/op/numeric-add.xml#L608	Unsupported cast type xs:long
op-numeric-add	op-numeric-add-derived-2	https://github.com/w3c/qt3tests/blob/201a6e466940cdfc727f4babfedcde5332b9f578/op/numeric-add.xml#L617	Unsupported cast type xs:positiveInteger
op-numeric-add	op-numeric-add-derived-3	https://github.com/w3c/qt3tests/blob/201a6e466940cdfc727f4babfedcde5332b9f578/op/numeric-add.xml#L626	Unsupported cast type xs:nonNegativeInteger
op-numeric-add	op-numeric-add-derived-4	https://github.com/w3c/qt3tests/blob/201a6e466940cdfc727f4babfedcde5332b9f578/op/numeric-add.xml#L635	Unsupported cast type xs:short
op-numeric-add	op-numeric-add-derived-5	https://github.com/w3c/qt3tests/blob/201a6e466940cdfc727f4babfedcde5332b9f578/op/numeric-add.xml#L644	Unsupported cast type xs:positiveInteger
op-numeric-add	K-NumericAdd-13	https://github.com/w3c/qt3tests/blob/201a6e466940cdfc727f4babfedcde5332b9f578/op/numeric-add.xml#L761	Unsupported sequenceType
op-numeric-add	K-NumericAdd-14	https://github.com/w3c/qt3tests/blob/201a6e466940cdfc727f4babfedcde5332b9f578/op/numeric-add.xml#L770	Unsupported sequenceType
op-numeric-add	K-NumericAdd-15	https://github.com/w3c/qt3tests/blob/201a6e466940cdfc727f4babfedcde5332b9f578/op/numeric-add.xml#L779	Unsupported sequenceType
op-numeric-add	K-NumericAdd-16	https://github.com/w3c/qt3tests/blob/201a6e466940cdfc727f4babfedcde5332b9f578/op/numeric-add.xml#L788	Unsupported sequenceType
op-numeric-add	K-NumericAdd-17	https://github.com/w3c/qt3tests/blob/201a6e466940cdfc727f4babfedcde5332b9f578/op/numeric-add.xml#L797	Unsupported sequenceType
op-numeric-add	K-NumericAdd-18	https://github.com/w3c/qt3tests/blob/201a6e466940cdfc727f4babfedcde5332b9f578/op/numeric-add.xml#L806	Unsupported sequenceType
op-numeric-add	K-NumericAdd-19	https://github.com/w3c/qt3tests/blob/201a6e466940cdfc727f4babfedcde5332b9f578/op/numeric-add.xml#L815	Unsupported sequenceType
op-numeric-add	K-NumericAdd-20	https://github.com/w3c/qt3tests/blob/201a6e466940cdfc727f4babfedcde5332b9f578/op/numeric-add.xml#L824	Unsupported sequenceType
op-numeric-add	K-NumericAdd-21	https://github.com/w3c/qt3tests/blob/201a6e466940cdfc727f4babfedcde5332b9f578/op/numeric-add.xml#L833	Unsupported sequenceType
op-numeric-add	K-NumericAdd-22	https://github.com/w3c/qt3tests/blob/201a6e466940cdfc727f4babfedcde5332b9f578/op/numeric-add.xml#L842	Unsupported sequenceType
op-numeric-add	K-NumericAdd-23	https://github.com/w3c/qt3tests/blob/201a6e466940cdfc727f4babfedcde5332b9f578/op/numeric-add.xml#L851	Unsupported sequenceType
op-numeric-add	K-NumericAdd-24	https://github.com/w3c/qt3tests/blob/201a6e466940cdfc727f4babfedcde5332b9f578/op/numeric-add.xml#L860	Unsupported sequenceType
op-numeric-add	K-NumericAdd-25	https://github.com/w3c/qt3tests/blob/201a6e466940cdfc727f4babfedcde5332b9f578/op/numeric-add.xml#L869	Unsupported sequenceType
op-numeric-add	K-NumericAdd-26	https://github.com/w3c/qt3tests/blob/201a6e466940cdfc727f4babfedcde5332b9f578/op/numeric-add.xml#L878	Unsupported sequenceType
op-numeric-add	K-NumericAdd-27	https://github.com/w3c/qt3tests/blob/201a6e466940cdfc727f4babfedcde5332b9f578/op/numeric-add.xml#L887	Unsupported sequenceType
op-numeric-add	K-NumericAdd-28	https://github.com/w3c/qt3tests/blob/201a6e466940cdfc727f4babfedcde5332b9f578/op/numeric-add.xml#L896	Unsupported sequenceType
op-numeric-add	K-NumericAdd-31	https://github.com/w3c/qt3tests/blob/201a6e466940cdfc727f4babfedcde5332b9f578/op/numeric-add.xml#L923	Unsupported function fn:error#0
op-numeric-add	K-NumericAdd-32	https://github.com/w3c/qt3tests/blob/201a6e466940cdfc727f4babfedcde5332b9f578/op/numeric-add.xml#L932	Unsupported function fn:error#0
op-numeric-add	K-NumericAdd-33	https://github.com/w3c/qt3tests/blob/201a6e466940cdfc727f4babfedcde5332b9f578/op/numeric-add.xml#L941	Unsupported function fn:error#0
op-numeric-add	K-NumericAdd-34	https://github.com/w3c/qt3tests/blob/201a6e466940cdfc727f4babfedcde5332b9f578/op/numeric-add.xml#L950	Unsupported function fn:error#0
op-numeric-add	K-NumericAdd-35	https://github.com/w3c/qt3tests/blob/201a6e466940cdfc727f4babfedcde5332b9f578/op/numeric-add.xml#L963	Unsupported function fn:error#0
op-numeric-add	K-NumericAdd-36	https://github.com/w3c/qt3tests/blob/201a6e466940cdfc727f4babfedcde5332b9f578/op/numeric-add.xml#L976	Unsupported function fn:error#0
op-numeric-add	K-NumericAdd-37	https://github.com/w3c/qt3tests/blob/201a6e466940cdfc727f4babfedcde5332b9f578/op/numeric-add.xml#L985	Unsupported sequenceExpr
op-numeric-add	K-NumericAdd-38	https://github.com/w3c/qt3tests/blob/201a6e466940cdfc727f4babfedcde5332b9f578/op/numeric-add.xml#L994	Unsupported sequenceExpr
op-numeric-add	K-NumericAdd-39	https://github.com/w3c/qt3tests/blob/201a6e466940cdfc727f4babfedcde5332b9f578/op/numeric-add.xml#L1006	Unsupported sequenceExpr
op-numeric-add	K-NumericAdd-40	https://github.com/w3c/qt3tests/blob/201a6e466940cdfc727f4babfedcde5332b9f578/op/numeric-add.xml#L1018	Unsupported sequenceExpr
op-numeric-add	K-NumericAdd-41	https://github.com/w3c/qt3tests/blob/201a6e466940cdfc727f4babfedcde5332b9f578/op/numeric-add.xml#L1031	Unsupported function fn:error#0
op-numeric-add	K-NumericAdd-42	https://github.com/w3c/qt3tests/blob/201a6e466940cdfc727f4babfedcde5332b9f578/op/numeric-add.xml#L1043	Unsupported function fn:error#0
op-numeric-add	K-NumericAdd-44	https://github.com/w3c/qt3tests/blob/201a6e466940cdfc727f4babfedcde5332b9f578/op/numeric-add.xml#L1061	Unsupported cast type xs:untypedAtomic
op-numeric-add	K-NumericAdd-45	https://github.com/w3c/qt3tests/blob/201a6e466940cdfc727f4babfedcde5332b9f578/op/numeric-add.xml#L1070	Unsupported cast type xs:untypedAtomic
op-numeric-add	K-NumericAdd-46	https://github.com/w3c/qt3tests/blob/201a6e466940cdfc727f4babfedcde5332b9f578/op/numeric-add.xml#L1079	Unsupported cast type xs:untypedAtomic
op-numeric-add	K-NumericAdd-50	https://github.com/w3c/qt3tests/blob/201a6e466940cdfc727f4babfedcde5332b9f578/op/numeric-add.xml#L1115	Unsupported sequenceExpr
op-numeric-add	K-NumericAdd-51	https://github.com/w3c/qt3tests/blob/201a6e466940cdfc727f4babfedcde5332b9f578/op/numeric-add.xml#L1127	Unsupported sequenceExpr
op-numeric-add	K-NumericAdd-52	https://github.com/w3c/qt3tests/blob/201a6e466940cdfc727f4babfedcde5332b9f578/op/numeric-add.xml#L1139	Unsupported sequenceExpr
op-numeric-add	K-NumericAdd-53	https://github.com/w3c/qt3tests/blob/201a6e466940cdfc727f4babfedcde5332b9f578/op/numeric-add.xml#L1151	Unsupported sequenceExpr
op-numeric-add	K-NumericAdd-54	https://github.com/w3c/qt3tests/blob/201a6e466940cdfc727f4babfedcde5332b9f578/op/numeric-add.xml#L1163	Unsupported cast type xs:untypedAtomic
op-numeric-add	K-NumericAdd-55	https://github.com/w3c/qt3tests/blob/201a6e466940cdfc727f4babfedcde5332b9f578/op/numeric-add.xml#L1175	Unsupported cast type xs:untypedAtomic
op-numeric-add	K-NumericAdd-56	https://github.com/w3c/qt3tests/blob/201a6e466940cdfc727f4babfedcde5332b9f578/op/numeric-add.xml#L1187	Unsupported cast type xs:untypedAtomic
op-numeric-add	K-NumericAdd-57	https://github.com/w3c/qt3tests/blob/201a6e466940cdfc727f4babfedcde5332b9f578/op/numeric-add.xml#L1199	Unsupported sequenceExpr
op-numeric-add	K-NumericAdd-58	https://github.com/w3c/qt3tests/blob/201a6e466940cdfc727f4babfedcde5332b9f578/op/numeric-add.xml#L1211	Unsupported cast type xs:untypedAtomic
op-numeric-add	K-NumericAdd-59	https://github.com/w3c/qt3tests/blob/201a6e466940cdfc727f4babfedcde5332b9f578/op/numeric-add.xml#L1223	Unsupported cast type xs:untypedAtomic
op-numeric-add	K-NumericAdd-60	https://github.com/w3c/qt3tests/blob/201a6e466940cdfc727f4babfedcde5332b9f578/op/numeric-add.xml#L1232	Unsupported cast type xs:untypedAtomic
op-numeric-add	K-NumericAdd-61	https://github.com/w3c/qt3tests/blob/201a6e466940cdfc727f4babfedcde5332b9f578/op/numeric-add.xml#L1241	Unsupported sequenceExpr
op-numeric-add	K-NumericAdd-62	https://github.com/w3c/qt3tests/blob/201a6e466940cdfc727f4babfedcde5332b9f578/op/numeric-add.xml#L1253	Unsupported sequenceExpr
op-numeric-add	K-NumericAdd-63	https://github.com/w3c/qt3tests/blob/201a6e466940cdfc727f4babfedcde5332b9f578/op/numeric-add.xml#L1265	Unsupported function fn:subsequence#3
op-numeric-add	K-NumericAdd-64	https://github.com/w3c/qt3tests/blob/201a6e466940cdfc727f4babfedcde5332b9f578/op/numeric-add.xml#L1274	Unsupported function fn:subsequence#3
op-numeric-add	K2-NumericAdd-1	https://github.com/w3c/qt3tests/blob/201a6e466940cdfc727f4babfedcde5332b9f578/op/numeric-add.xml#L1301	Unsupported sequenceExpr
op-numeric-add	K2-NumericAdd-2	https://github.com/w3c/qt3tests/blob/201a6e466940cdfc727f4babfedcde5332b9f578/op/numeric-add.xml#L1310	Unsupported dependencies spec XQ10+
op-numeric-add	K2-NumericAdd-3	https://github.com/w3c/qt3tests/blob/201a6e466940cdfc727f4babfedcde5332b9f578/op/numeric-add.xml#L1320	Unsupported dependencies spec XQ10+
op-numeric-add	op-numeric-add-1	https://github.com/w3c/qt3tests/blob/201a6e466940cdfc727f4babfedcde5332b9f578/op/numeric-add.xml#L1330	Unsupported dependencies spec XQ10+
op-numeric-add	op-numeric-add-2	https://github.com/w3c/qt3tests/blob/201a6e466940cdfc727f4babfedcde5332b9f578/op/numeric-add.xml#L1376	Unsupported dependencies spec XQ10+, feature schemaValidation
op-numeric-add	op-numeric-add-3	https://github.com/w3c/qt3tests/blob/201a6e466940cdfc727f4babfedcde5332b9f578/op/numeric-add.xml#L1391	Unsupported dependencies spec XQ10+, feature schemaValidation
op-numeric-add	op-numeric-add-4	https://github.com/w3c/qt3tests/blob/201a6e466940cdfc727f4babfedcde5332b9f578/op/numeric-add.xml#L1406	Unsupported dependencies spec XQ10+, feature schemaValidation
op-numeric-add	op-numeric-add-5	https://github.com/w3c/qt3tests/blob/201a6e466940cdfc727f4babfedcde5332b9f578/op/numeric-add.xml#L1421	Unsupported dependencies spec XQ10+, feature schemaValidation
op-numeric-add	op-numeric-add-6	https://github.com/w3c/qt3tests/blob/201a6e466940cdfc727f4babfedcde5332b9f578/op/numeric-add.xml#L1436	Unsupported dependencies spec XQ10+, feature schemaValidation
op-numeric-add	op-numeric-add-7	https://github.com/w3c/qt3tests/blob/201a6e466940cdfc727f4babfedcde5332b9f578/op/numeric-add.xml#L1451	Unsupported dependencies spec XQ10+, feature schemaValidation
op-numeric-add	op-numeric-add-8	https://github.com/w3c/qt3tests/blob/201a6e466940cdfc727f4babfedcde5332b9f578/op/numeric-add.xml#L1466	Unsupported dependencies spec XQ10+, feature schemaValidation
op-numeric-add	op-numeric-add-9	https://github.com/w3c/qt3tests/blob/201a6e466940cdfc727f4babfedcde5332b9f578/op/numeric-add.xml#L1481	Unsupported dependencies spec XQ10+, feature schemaValidation
op-numeric-add	op-numeric-add-10	https://github.com/w3c/qt3tests/blob/201a6e466940cdfc727f4babfedcde5332b9f578/op/numeric-add.xml#L1496	Unsupported dependencies spec XQ10+, feature schemaValidation
op-numeric-add	op-numeric-add-11	https://github.com/w3c/qt3tests/blob/201a6e466940cdfc727f4babfedcde5332b9f578/op/numeric-add.xml#L1511	Unsupported dependencies spec XQ10+, feature schemaValidation
op-numeric-add	op-numeric-add-12	https://github.com/w3c/qt3tests/blob/201a6e466940cdfc727f4babfedcde5332b9f578/op/numeric-add.xml#L1526	Unsupported dependencies spec XQ10+, feature schemaValidation
op-numeric-add	op-numeric-add-13	https://github.com/w3c/qt3tests/blob/201a6e466940cdfc727f4babfedcde5332b9f578/op/numeric-add.xml#L1541	Unsupported dependencies spec XQ10+, feature schemaImport
op-numeric-add	op-numeric-add-14	https://github.com/w3c/qt3tests/blob/201a6e466940cdfc727f4babfedcde5332b9f578/op/numeric-add.xml#L1559	Unsupported dependencies spec XQ30+, feature schemaImport
op-numeric-add	op-numeric-add-15	https://github.com/w3c/qt3tests/blob/201a6e466940cdfc727f4babfedcde5332b9f578/op/numeric-add.xml#L1578	Unsupported dependencies spec XQ30+, feature schemaImport
op-numeric-add	op-numeric-add-16	https://github.com/w3c/qt3tests/blob/201a6e466940cdfc727f4babfedcde5332b9f578/op/numeric-add.xml#L1597	Unsupported dependencies spec XQ30+, feature schemaImport
op-numeric-equal	op-numeric-equal-emptyseq	https://github.com/w3c/qt3tests/blob/201a6e466940cdfc727f4babfedcde5332b9f578/op/numeric-equal.xml#L1177	Unsupported sequenceExpr
op-numeric-equal	K-NumericEqual-41	https://github.com/w3c/qt3tests/blob/201a6e466940cdfc727f4babfedcde5332b9f578/op/numeric-equal.xml#L1549	Unsupported function fn:current-time#0
op-numeric-equal	K-NumericEqual-42	https://github.com/w3c/qt3tests/blob/201a6e466940cdfc727f4babfedcde5332b9f578/op/numeric-equal.xml#L1558	Unsupported function fn:current-time#0
op-numeric-equal	K-NumericEqual-43	https://github.com/w3c/qt3tests/blob/201a6e466940cdfc727f4babfedcde5332b9f578/op/numeric-equal.xml#L1567	Unsupported function fn:current-time#0
op-numeric-equal	K-NumericEqual-44	https://github.com/w3c/qt3tests/blob/201a6e466940cdfc727f4babfedcde5332b9f578/op/numeric-equal.xml#L1576	Unsupported cast type xs:untypedAtomic
op-numeric-equal	K-NumericEqual-45	https://github.com/w3c/qt3tests/blob/201a6e466940cdfc727f4babfedcde5332b9f578/op/numeric-equal.xml#L1585	Unsupported cast type xs:untypedAtomic
op-numeric-equal	K-NumericEqual-46	https://github.com/w3c/qt3tests/blob/201a6e466940cdfc727f4babfedcde5332b9f578/op/numeric-equal.xml#L1594	Unsupported cast type xs:untypedAtomic
op-numeric-equal	K-NumericEqual-47	https://github.com/w3c/qt3tests/blob/201a6e466940cdfc727f4babfedcde5332b9f578/op/numeric-equal.xml#L1603	Invalid XPath: 1: 1 := 3\n     ^\n\nError: XPST0003: Failed to parse script. Expected end of input\n  at <>:1:3 - 1:4
op-numeric-equal	K2-NumericEqual-1	https://github.com/w3c/qt3tests/blob/201a6e466940cdfc727f4babfedcde5332b9f578/op/numeric-equal.xml#L1612	Unsupported dependencies spec XQ10+
op-numeric-equal	K2-NumericEqual-2	https://github.com/w3c/qt3tests/blob/201a6e466940cdfc727f4babfedcde5332b9f578/op/numeric-equal.xml#L1622	Unsupported dependencies spec XQ10+
op-numeric-equal	K2-NumericEqual-3	https://github.com/w3c/qt3tests/blob/201a6e466940cdfc727f4babfedcde5332b9f578/op/numeric-equal.xml#L1632	Unsupported dependencies spec XQ10+
op-numeric-equal	K2-NumericEqual-4	https://github.com/w3c/qt3tests/blob/201a6e466940cdfc727f4babfedcde5332b9f578/op/numeric-equal.xml#L1642	Unsupported dependencies spec XQ10+
op-numeric-equal	K2-NumericEqual-5	https://github.com/w3c/qt3tests/blob/201a6e466940cdfc727f4babfedcde5332b9f578/op/numeric-equal.xml#L1652	Unsupported dependencies spec XQ10+
op-numeric-equal	K2-NumericEqual-6	https://github.com/w3c/qt3tests/blob/201a6e466940cdfc727f4babfedcde5332b9f578/op/numeric-equal.xml#L1662	Unsupported dependencies spec XQ10+
op-numeric-equal	cbcl-numeric-equal-001	https://github.com/w3c/qt3tests/blob/201a6e466940cdfc727f4babfedcde5332b9f578/op/numeric-equal.xml#L1672	Unsupported dependencies spec XQ10+
op-numeric-equal	cbcl-numeric-equal-002	https://github.com/w3c/qt3tests/blob/201a6e466940cdfc727f4babfedcde5332b9f578/op/numeric-equal.xml#L1685	Unsupported dependencies spec XQ10+
op-numeric-equal	cbcl-numeric-equal-003	https://github.com/w3c/qt3tests/blob/201a6e466940cdfc727f4babfedcde5332b9f578/op/numeric-equal.xml#L1698	Unsupported dependencies spec XQ10+
op-numeric-equal	cbcl-numeric-equal-004	https://github.com/w3c/qt3tests/blob/201a6e466940cdfc727f4babfedcde5332b9f578/op/numeric-equal.xml#L1711	Unsupported dependencies spec XQ10+
op-numeric-equal	cbcl-numeric-equal-005	https://github.com/w3c/qt3tests/blob/201a6e466940cdfc727f4babfedcde5332b9f578/op/numeric-equal.xml#L1724	Unsupported dependencies spec XQ10+
op-numeric-equal	cbcl-numeric-equal-006	https://github.com/w3c/qt3tests/blob/201a6e466940cdfc727f4babfedcde5332b9f578/op/numeric-equal.xml#L1737	Unsupported dependencies spec XQ10+
op-numeric-equal	cbcl-numeric-equal-007	https://github.com/w3c/qt3tests/blob/201a6e466940cdfc727f4babfedcde5332b9f578/op/numeric-equal.xml#L1750	Unsupported dependencies spec XQ10+
op-numeric-equal	cbcl-numeric-equal-008	https://github.com/w3c/qt3tests/blob/201a6e466940cdfc727f4babfedcde5332b9f578/op/numeric-equal.xml#L1763	Unsupported dependencies spec XQ10+
op-numeric-equal	cbcl-numeric-equal-009	https://github.com/w3c/qt3tests/blob/201a6e466940cdfc727f4babfedcde5332b9f578/op/numeric-equal.xml#L1776	Unsupported dependencies spec XQ10+
op-numeric-equal	cbcl-numeric-equal-010	https://github.com/w3c/qt3tests/blob/201a6e466940cdfc727f4babfedcde5332b9f578/op/numeric-equal.xml#L1789	Unsupported dependencies spec XQ10+
op-numeric-equal	cbcl-numeric-equal-011	https://github.com/w3c/qt3tests/blob/201a6e466940cdfc727f4babfedcde5332b9f578/op/numeric-equal.xml#L1802	Unsupported dependencies spec XQ10+
op-numeric-equal	cbcl-numeric-equal-012	https://github.com/w3c/qt3tests/blob/201a6e466940cdfc727f4babfedcde5332b9f578/op/numeric-equal.xml#L1815	Unsupported dependencies spec XQ10+
op-numeric-equal	cbcl-numeric-equal-013	https://github.com/w3c/qt3tests/blob/201a6e466940cdfc727f4babfedcde5332b9f578/op/numeric-equal.xml#L1828	Unsupported dependencies spec XQ10+
op-numeric-equal	cbcl-numeric-equal-014	https://github.com/w3c/qt3tests/blob/201a6e466940cdfc727f4babfedcde5332b9f578/op/numeric-equal.xml#L1844	Unsupported dependencies spec XQ10+
op-numeric-equal	cbcl-numeric-equal-015	https://github.com/w3c/qt3tests/blob/201a6e466940cdfc727f4babfedcde5332b9f578/op/numeric-equal.xml#L1860	Unsupported dependencies spec XQ10+
op-numeric-equal	cbcl-numeric-equal-016	https://github.com/w3c/qt3tests/blob/201a6e466940cdfc727f4babfedcde5332b9f578/op/numeric-equal.xml#L1876	Unsupported dependencies spec XQ10+
op-numeric-equal	cbcl-numeric-equal-017	https://github.com/w3c/qt3tests/blob/201a6e466940cdfc727f4babfedcde5332b9f578/op/numeric-equal.xml#L1889	Unsupported dependencies spec XQ10+
op-numeric-equal	cbcl-numeric-equal-018	https://github.com/w3c/qt3tests/blob/201a6e466940cdfc727f4babfedcde5332b9f578/op/numeric-equal.xml#L1905	Unsupported dependencies spec XQ10+
op-numeric-divide	op-numeric-divideint2args-2	https://github.com/w3c/qt3tests/blob/201a6e466940cdfc727f4babfedcde5332b9f578/op/numeric-divide.xml#L16	Unsupported function fn:round-half-to-even#2
op-numeric-divide	op-numeric-divideint2args-3	https://github.com/w3c/qt3tests/blob/201a6e466940cdfc727f4babfedcde5332b9f578/op/numeric-divide.xml#L25	Unsupported function fn:round-half-to-even#2
op-numeric-divide	op-numeric-divideint2args-4	https://github.com/w3c/qt3tests/blob/201a6e466940cdfc727f4babfedcde5332b9f578/op/numeric-divide.xml#L34	Unsupported function fn:round-half-to-even#2
op-numeric-divide	op-numeric-divideint2args-5	https://github.com/w3c/qt3tests/blob/201a6e466940cdfc727f4babfedcde5332b9f578/op/numeric-divide.xml#L43	Unsupported function fn:round-half-to-even#2
op-numeric-divide	op-numeric-divideintg2args-2	https://github.com/w3c/qt3tests/blob/201a6e466940cdfc727f4babfedcde5332b9f578/op/numeric-divide.xml#L61	Unsupported function fn:round-half-to-even#2
op-numeric-divide	op-numeric-divideintg2args-4	https://github.com/w3c/qt3tests/blob/201a6e466940cdfc727f4babfedcde5332b9f578/op/numeric-divide.xml#L82	Unsupported function fn:round-half-to-even#2
op-numeric-divide	op-numeric-divideintg2args-6	https://github.com/w3c/qt3tests/blob/201a6e466940cdfc727f4babfedcde5332b9f578/op/numeric-divide.xml#L103	Unsupported sequenceType
op-numeric-divide	op-numeric-dividedec2args-2	https://github.com/w3c/qt3tests/blob/201a6e466940cdfc727f4babfedcde5332b9f578/op/numeric-divide.xml#L121	Unsupported function fn:round-half-to-even#2
op-numeric-divide	op-numeric-dividedec2args-4	https://github.com/w3c/qt3tests/blob/201a6e466940cdfc727f4babfedcde5332b9f578/op/numeric-divide.xml#L142	Unsupported function fn:round-half-to-even#2
op-numeric-divide	op-numeric-dividelng2args-2	https://github.com/w3c/qt3tests/blob/201a6e466940cdfc727f4babfedcde5332b9f578/op/numeric-divide.xml#L244	Unsupported function fn:round-half-to-even#2
op-numeric-divide	op-numeric-dividelng2args-4	https://github.com/w3c/qt3tests/blob/201a6e466940cdfc727f4babfedcde5332b9f578/op/numeric-divide.xml#L265	Unsupported function fn:round-half-to-even#2
op-numeric-divide	op-numeric-dividenint2args-2	https://github.com/w3c/qt3tests/blob/201a6e466940cdfc727f4babfedcde5332b9f578/op/numeric-divide.xml#L313	Unsupported function fn:round-half-to-even#2
op-numeric-divide	op-numeric-dividenint2args-4	https://github.com/w3c/qt3tests/blob/201a6e466940cdfc727f4babfedcde5332b9f578/op/numeric-divide.xml#L340	Unsupported function fn:round-half-to-even#2
op-numeric-divide	op-numeric-dividepint2args-4	https://github.com/w3c/qt3tests/blob/201a6e466940cdfc727f4babfedcde5332b9f578/op/numeric-divide.xml#L388	Unsupported function fn:round-half-to-even#2
op-numeric-divide	op-numeric-dividenpi2args-2	https://github.com/w3c/qt3tests/blob/201a6e466940cdfc727f4babfedcde5332b9f578/op/numeric-divide.xml#L442	Unsupported function fn:round-half-to-even#2
op-numeric-divide	op-numeric-dividenpi2args-4	https://github.com/w3c/qt3tests/blob/201a6e466940cdfc727f4babfedcde5332b9f578/op/numeric-divide.xml#L463	Unsupported function fn:round-half-to-even#2
op-numeric-divide	op-numeric-dividesht2args-2	https://github.com/w3c/qt3tests/blob/201a6e466940cdfc727f4babfedcde5332b9f578/op/numeric-divide.xml#L502	Unsupported function fn:round-half-to-even#2
op-numeric-divide	op-numeric-dividesht2args-4	https://github.com/w3c/qt3tests/blob/201a6e466940cdfc727f4babfedcde5332b9f578/op/numeric-divide.xml#L523	Unsupported function fn:round-half-to-even#2
op-numeric-divide	op-numeric-dividemix2args-1	https://github.com/w3c/qt3tests/blob/201a6e466940cdfc727f4babfedcde5332b9f578/op/numeric-divide.xml#L543	Unsupported sequenceExpr
op-numeric-divide	op-numeric-dividemix2args-4	https://github.com/w3c/qt3tests/blob/201a6e466940cdfc727f4babfedcde5332b9f578/op/numeric-divide.xml#L573	Unsupported dependencies spec XQ10+
op-numeric-divide	op-numeric-dividemix2args-5	https://github.com/w3c/qt3tests/blob/201a6e466940cdfc727f4babfedcde5332b9f578/op/numeric-divide.xml#L583	Unsupported dependencies spec XQ10+
op-numeric-divide	op-numeric-dividemix2args-6	https://github.com/w3c/qt3tests/blob/201a6e466940cdfc727f4babfedcde5332b9f578/op/numeric-divide.xml#L593	Unsupported dependencies spec XQ10+
op-numeric-divide	op-numeric-dividemix2args-7	https://github.com/w3c/qt3tests/blob/201a6e466940cdfc727f4babfedcde5332b9f578/op/numeric-divide.xml#L603	Unsupported dependencies spec XQ10+
op-numeric-divide	op-numeric-dividemix2args-8	https://github.com/w3c/qt3tests/blob/201a6e466940cdfc727f4babfedcde5332b9f578/op/numeric-divide.xml#L613	Unsupported dependencies spec XQ10+
op-numeric-divide	op-numeric-dividemix2args-9	https://github.com/w3c/qt3tests/blob/201a6e466940cdfc727f4babfedcde5332b9f578/op/numeric-divide.xml#L623	Unsupported dependencies spec XQ10+
op-numeric-divide	K-NumericDivide-16	https://github.com/w3c/qt3tests/blob/201a6e466940cdfc727f4babfedcde5332b9f578/op/numeric-divide.xml#L768	Unsupported sequenceType
op-numeric-divide	K-NumericDivide-17	https://github.com/w3c/qt3tests/blob/201a6e466940cdfc727f4babfedcde5332b9f578/op/numeric-divide.xml#L777	Unsupported sequenceType
op-numeric-divide	K-NumericDivide-18	https://github.com/w3c/qt3tests/blob/201a6e466940cdfc727f4babfedcde5332b9f578/op/numeric-divide.xml#L786	Unsupported sequenceType
op-numeric-divide	K-NumericDivide-19	https://github.com/w3c/qt3tests/blob/201a6e466940cdfc727f4babfedcde5332b9f578/op/numeric-divide.xml#L795	Unsupported sequenceType
op-numeric-divide	K-NumericDivide-20	https://github.com/w3c/qt3tests/blob/201a6e466940cdfc727f4babfedcde5332b9f578/op/numeric-divide.xml#L804	Unsupported sequenceType
op-numeric-divide	K-NumericDivide-21	https://github.com/w3c/qt3tests/blob/201a6e466940cdfc727f4babfedcde5332b9f578/op/numeric-divide.xml#L813	Unsupported sequenceType
op-numeric-divide	K-NumericDivide-22	https://github.com/w3c/qt3tests/blob/201a6e466940cdfc727f4babfedcde5332b9f578/op/numeric-divide.xml#L822	Unsupported sequenceType
op-numeric-divide	K-NumericDivide-23	https://github.com/w3c/qt3tests/blob/201a6e466940cdfc727f4babfedcde5332b9f578/op/numeric-divide.xml#L831	Unsupported sequenceType
op-numeric-divide	K-NumericDivide-24	https://github.com/w3c/qt3tests/blob/201a6e466940cdfc727f4babfedcde5332b9f578/op/numeric-divide.xml#L840	Unsupported sequenceType
op-numeric-divide	K-NumericDivide-25	https://github.com/w3c/qt3tests/blob/201a6e466940cdfc727f4babfedcde5332b9f578/op/numeric-divide.xml#L849	Unsupported sequenceType
op-numeric-divide	K-NumericDivide-26	https://github.com/w3c/qt3tests/blob/201a6e466940cdfc727f4babfedcde5332b9f578/op/numeric-divide.xml#L858	Unsupported sequenceType
op-numeric-divide	K-NumericDivide-27	https://github.com/w3c/qt3tests/blob/201a6e466940cdfc727f4babfedcde5332b9f578/op/numeric-divide.xml#L867	Unsupported sequenceType
op-numeric-divide	K-NumericDivide-28	https://github.com/w3c/qt3tests/blob/201a6e466940cdfc727f4babfedcde5332b9f578/op/numeric-divide.xml#L876	Unsupported sequenceType
op-numeric-divide	K-NumericDivide-29	https://github.com/w3c/qt3tests/blob/201a6e466940cdfc727f4babfedcde5332b9f578/op/numeric-divide.xml#L885	Unsupported sequenceType
op-numeric-divide	K-NumericDivide-30	https://github.com/w3c/qt3tests/blob/201a6e466940cdfc727f4babfedcde5332b9f578/op/numeric-divide.xml#L894	Unsupported sequenceType
op-numeric-divide	K-NumericDivide-31	https://github.com/w3c/qt3tests/blob/201a6e466940cdfc727f4babfedcde5332b9f578/op/numeric-divide.xml#L903	Unsupported sequenceType
op-numeric-divide	K-NumericDivide-34	https://github.com/w3c/qt3tests/blob/201a6e466940cdfc727f4babfedcde5332b9f578/op/numeric-divide.xml#L930	Unsupported cast type xs:untypedAtomic
op-numeric-divide	K-NumericDivide-35	https://github.com/w3c/qt3tests/blob/201a6e466940cdfc727f4babfedcde5332b9f578/op/numeric-divide.xml#L939	Unsupported cast type xs:untypedAtomic
op-numeric-divide	K-NumericDivide-36	https://github.com/w3c/qt3tests/blob/201a6e466940cdfc727f4babfedcde5332b9f578/op/numeric-divide.xml#L948	Invalid XPath: 1: 10 div3\n      ^\n\nError: XPST0003: Failed to parse script. Expected end of input\n  at <>:1:4 - 1:5
op-numeric-divide	K-NumericDivide-37	https://github.com/w3c/qt3tests/blob/201a6e466940cdfc727f4babfedcde5332b9f578/op/numeric-divide.xml#L957	Invalid XPath: 1: 10div 3\n     ^\n\nError: XPST0003: Failed to parse script. Expected -,+,validate,(#,.,[0-9]+,",',$,(,Q,[A-Z_a-z\\xC0-\\xD6\\xD8-\\xF6\\xF8-\\u02FF\\u0370-\\u037D\\u037F-\\u1FFF\\u200C\\u200D\\u2070-\\u218F\\u2C00-\\u2FEF\\u3001-\\uD7FF\\uF900-\\uFDCF\\uFDF0-\\uFFFD],[\\uD800-\\uDB7F],<,<!--,<?,document,element,attribute,namespace,text,comment,processing-instruction,function,map,[,array,``[,?,parent::,ancestor::,preceding-sibling::,preceding::,ancestor-or-self::,..,child::,descendant::,attribute::,self::,descendant-or-self::,following-sibling::,following::,document-node(,schema-element,schema-attribute(,processing-instruction(,processing-instruction(),comment(),text(),namespace-node(),node(),*:,*,/,//\n  at <>:1:3 - 1:4
op-numeric-divide	K-NumericDivide-38	https://github.com/w3c/qt3tests/blob/201a6e466940cdfc727f4babfedcde5332b9f578/op/numeric-divide.xml#L966	Invalid XPath: 1: 10div3\n     ^\n\nError: XPST0003: Failed to parse script. Expected -,+,validate,(#,.,[0-9]+,",',$,(,Q,[A-Z_a-z\\xC0-\\xD6\\xD8-\\xF6\\xF8-\\u02FF\\u0370-\\u037D\\u037F-\\u1FFF\\u200C\\u200D\\u2070-\\u218F\\u2C00-\\u2FEF\\u3001-\\uD7FF\\uF900-\\uFDCF\\uFDF0-\\uFFFD],[\\uD800-\\uDB7F],<,<!--,<?,document,element,attribute,namespace,text,comment,processing-instruction,function,map,[,array,``[,?,parent::,ancestor::,preceding-sibling::,preceding::,ancestor-or-self::,..,child::,descendant::,attribute::,self::,descendant-or-self::,following-sibling::,following::,document-node(,schema-element,schema-attribute(,processing-instruction(,processing-instruction(),comment(),text(),namespace-node(),node(),*:,*,/,//\n  at <>:1:3 - 1:4
op-numeric-divide	K-NumericDivide-39	https://github.com/w3c/qt3tests/blob/201a6e466940cdfc727f4babfedcde5332b9f578/op/numeric-divide.xml#L975	Unsupported sequenceExpr
op-numeric-divide	K-NumericDivide-40	https://github.com/w3c/qt3tests/blob/201a6e466940cdfc727f4babfedcde5332b9f578/op/numeric-divide.xml#L987	Unsupported sequenceExpr
op-numeric-divide	K-NumericDivide-41	https://github.com/w3c/qt3tests/blob/201a6e466940cdfc727f4babfedcde5332b9f578/op/numeric-divide.xml#L999	Unsupported sequenceExpr
op-numeric-divide	K-NumericDivide-42	https://github.com/w3c/qt3tests/blob/201a6e466940cdfc727f4babfedcde5332b9f578/op/numeric-divide.xml#L1011	Unsupported sequenceExpr
op-numeric-divide	K-NumericDivide-43	https://github.com/w3c/qt3tests/blob/201a6e466940cdfc727f4babfedcde5332b9f578/op/numeric-divide.xml#L1023	Unsupported sequenceExpr
op-numeric-divide	K2-NumericDivide-17	https://github.com/w3c/qt3tests/blob/201a6e466940cdfc727f4babfedcde5332b9f578/op/numeric-divide.xml#L1179	Unsupported dependencies spec XQ10+
op-numeric-divide	op-numeric-divide-1	https://github.com/w3c/qt3tests/blob/201a6e466940cdfc727f4babfedcde5332b9f578/op/numeric-divide.xml#L1189	Unsupported varName
op-numeric-divide	cbcl-numeric-divide-001	https://github.com/w3c/qt3tests/blob/201a6e466940cdfc727f4babfedcde5332b9f578/op/numeric-divide.xml#L1207	Unsupported dependencies spec XQ10+
op-numeric-divide	cbcl-numeric-divide-002	https://github.com/w3c/qt3tests/blob/201a6e466940cdfc727f4babfedcde5332b9f578/op/numeric-divide.xml#L1221	Unsupported dependencies spec XQ10+
op-numeric-divide	cbcl-numeric-divide-003	https://github.com/w3c/qt3tests/blob/201a6e466940cdfc727f4babfedcde5332b9f578/op/numeric-divide.xml#L1235	Unsupported dependencies spec XQ10+
op-numeric-divide	cbcl-numeric-divide-004	https://github.com/w3c/qt3tests/blob/201a6e466940cdfc727f4babfedcde5332b9f578/op/numeric-divide.xml#L1249	Unsupported dependencies spec XQ10+
op-numeric-divide	cbcl-numeric-divide-005	https://github.com/w3c/qt3tests/blob/201a6e466940cdfc727f4babfedcde5332b9f578/op/numeric-divide.xml#L1263	Unsupported dependencies spec XQ10+
op-numeric-divide	cbcl-numeric-divide-006	https://github.com/w3c/qt3tests/blob/201a6e466940cdfc727f4babfedcde5332b9f578/op/numeric-divide.xml#L1277	Unsupported dependencies spec XQ10+
op-numeric-divide	cbcl-numeric-divide-007	https://github.com/w3c/qt3tests/blob/201a6e466940cdfc727f4babfedcde5332b9f578/op/numeric-divide.xml#L1291	Unsupported dependencies spec XQ10+
op-numeric-divide	cbcl-numeric-divide-008	https://github.com/w3c/qt3tests/blob/201a6e466940cdfc727f4babfedcde5332b9f578/op/numeric-divide.xml#L1305	Unsupported dependencies spec XQ10+
op-numeric-divide	cbcl-numeric-divide-009	https://github.com/w3c/qt3tests/blob/201a6e466940cdfc727f4babfedcde5332b9f578/op/numeric-divide.xml#L1319	Unsupported dependencies spec XQ10+
op-numeric-divide	cbcl-numeric-divide-010	https://github.com/w3c/qt3tests/blob/201a6e466940cdfc727f4babfedcde5332b9f578/op/numeric-divide.xml#L1333	Unsupported dependencies spec XQ10+
op-numeric-divide	cbcl-numeric-divide-011	https://github.com/w3c/qt3tests/blob/201a6e466940cdfc727f4babfedcde5332b9f578/op/numeric-divide.xml#L1347	Unsupported dependencies spec XQ10+
op-numeric-divide	cbcl-numeric-divide-012	https://github.com/w3c/qt3tests/blob/201a6e466940cdfc727f4babfedcde5332b9f578/op/numeric-divide.xml#L1361	Unsupported dependencies spec XQ10+
op-numeric-divide	cbcl-numeric-divide-013	https://github.com/w3c/qt3tests/blob/201a6e466940cdfc727f4babfedcde5332b9f578/op/numeric-divide.xml#L1375	Unsupported dependencies spec XQ10+
op-numeric-divide	cbcl-numeric-divide-014	https://github.com/w3c/qt3tests/blob/201a6e466940cdfc727f4babfedcde5332b9f578/op/numeric-divide.xml#L1389	Unsupported dependencies spec XQ10+
op-numeric-greater-than	K-NumericGT-21	https://github.com/w3c/qt3tests/blob/201a6e466940cdfc727f4babfedcde5332b9f578/op/numeric-greater-than.xml#L1476	Unsupported function fn:current-time#0
op-numeric-greater-than	K-NumericGT-22	https://github.com/w3c/qt3tests/blob/201a6e466940cdfc727f4babfedcde5332b9f578/op/numeric-greater-than.xml#L1491	Unsupported function fn:current-time#0
op-numeric-greater-than	K-NumericGT-23	https://github.com/w3c/qt3tests/blob/201a6e466940cdfc727f4babfedcde5332b9f578/op/numeric-greater-than.xml#L1506	Unsupported function fn:current-time#0
op-numeric-greater-than	cbcl-numeric-greater-than-001	https://github.com/w3c/qt3tests/blob/201a6e466940cdfc727f4babfedcde5332b9f578/op/numeric-greater-than.xml#L1571	Unsupported dependencies spec XQ10+
op-numeric-greater-than	cbcl-numeric-greater-than-002	https://github.com/w3c/qt3tests/blob/201a6e466940cdfc727f4babfedcde5332b9f578/op/numeric-greater-than.xml#L1583	Unsupported dependencies spec XQ10+
op-numeric-greater-than	cbcl-numeric-greater-than-003	https://github.com/w3c/qt3tests/blob/201a6e466940cdfc727f4babfedcde5332b9f578/op/numeric-greater-than.xml#L1595	Unsupported dependencies spec XQ10+
op-numeric-greater-than	cbcl-numeric-greater-than-004	https://github.com/w3c/qt3tests/blob/201a6e466940cdfc727f4babfedcde5332b9f578/op/numeric-greater-than.xml#L1607	Unsupported dependencies spec XQ10+
op-numeric-greater-than	cbcl-numeric-greater-than-005	https://github.com/w3c/qt3tests/blob/201a6e466940cdfc727f4babfedcde5332b9f578/op/numeric-greater-than.xml#L1619	Unsupported dependencies spec XQ10+
op-numeric-greater-than	cbcl-numeric-greater-than-006	https://github.com/w3c/qt3tests/blob/201a6e466940cdfc727f4babfedcde5332b9f578/op/numeric-greater-than.xml#L1631	Unsupported dependencies spec XQ10+
op-numeric-greater-than	cbcl-numeric-greater-than-007	https://github.com/w3c/qt3tests/blob/201a6e466940cdfc727f4babfedcde5332b9f578/op/numeric-greater-than.xml#L1643	Unsupported dependencies spec XQ10+
op-numeric-greater-than	cbcl-numeric-greater-than-008	https://github.com/w3c/qt3tests/blob/201a6e466940cdfc727f4babfedcde5332b9f578/op/numeric-greater-than.xml#L1655	Unsupported dependencies spec XQ10+
op-numeric-greater-than	cbcl-numeric-greater-than-009	https://github.com/w3c/qt3tests/blob/201a6e466940cdfc727f4babfedcde5332b9f578/op/numeric-greater-than.xml#L1667	Unsupported dependencies spec XQ10+
op-numeric-greater-than	cbcl-numeric-greater-than-010	https://github.com/w3c/qt3tests/blob/201a6e466940cdfc727f4babfedcde5332b9f578/op/numeric-greater-than.xml#L1679	Unsupported dependencies spec XQ10+
op-numeric-greater-than	cbcl-numeric-greater-than-011	https://github.com/w3c/qt3tests/blob/201a6e466940cdfc727f4babfedcde5332b9f578/op/numeric-greater-than.xml#L1691	Unsupported dependencies spec XQ10+
op-numeric-greater-than	cbcl-numeric-greater-than-012	https://github.com/w3c/qt3tests/blob/201a6e466940cdfc727f4babfedcde5332b9f578/op/numeric-greater-than.xml#L1703	Unsupported dependencies spec XQ10+
op-numeric-greater-than	cbcl-numeric-greater-than-013	https://github.com/w3c/qt3tests/blob/201a6e466940cdfc727f4babfedcde5332b9f578/op/numeric-greater-than.xml#L1715	Unsupported dependencies spec XQ10+
op-numeric-greater-than	cbcl-numeric-greater-than-014	https://github.com/w3c/qt3tests/blob/201a6e466940cdfc727f4babfedcde5332b9f578/op/numeric-greater-than.xml#L1727	Unsupported dependencies spec XQ10+
op-numeric-greater-than	cbcl-numeric-greater-than-015	https://github.com/w3c/qt3tests/blob/201a6e466940cdfc727f4babfedcde5332b9f578/op/numeric-greater-than.xml#L1739	Unsupported dependencies spec XQ10+
op-numeric-greater-than	cbcl-numeric-greater-than-016	https://github.com/w3c/qt3tests/blob/201a6e466940cdfc727f4babfedcde5332b9f578/op/numeric-greater-than.xml#L1751	Unsupported dependencies spec XQ10+
op-numeric-greater-than	cbcl-numeric-greater-than-017	https://github.com/w3c/qt3tests/blob/201a6e466940cdfc727f4babfedcde5332b9f578/op/numeric-greater-than.xml#L1763	Unsupported dependencies spec XQ10+
op-numeric-greater-than	cbcl-numeric-greater-than-018	https://github.com/w3c/qt3tests/blob/201a6e466940cdfc727f4babfedcde5332b9f578/op/numeric-greater-than.xml#L1775	Unsupported dependencies spec XQ10+
op-numeric-greater-than	cbcl-numeric-greater-than-019	https://github.com/w3c/qt3tests/blob/201a6e466940cdfc727f4babfedcde5332b9f578/op/numeric-greater-than.xml#L1787	Unsupported dependencies spec XQ10+
op-numeric-greater-than	cbcl-numeric-greater-than-020	https://github.com/w3c/qt3tests/blob/201a6e466940cdfc727f4babfedcde5332b9f578/op/numeric-greater-than.xml#L1799	Unsupported dependencies spec XQ10+
op-numeric-greater-than	cbcl-numeric-greater-than-021	https://github.com/w3c/qt3tests/blob/201a6e466940cdfc727f4babfedcde5332b9f578/op/numeric-greater-than.xml#L1811	Unsupported dependencies spec XQ10+
op-numeric-greater-than	cbcl-numeric-greater-than-022	https://github.com/w3c/qt3tests/blob/201a6e466940cdfc727f4babfedcde5332b9f578/op/numeric-greater-than.xml#L1823	Unsupported dependencies spec XQ10+
op-numeric-greater-than	cbcl-numeric-greater-than-023	https://github.com/w3c/qt3tests/blob/201a6e466940cdfc727f4babfedcde5332b9f578/op/numeric-greater-than.xml#L1835	Unsupported dependencies spec XQ10+
op-numeric-greater-than	cbcl-numeric-greater-than-024	https://github.com/w3c/qt3tests/blob/201a6e466940cdfc727f4babfedcde5332b9f578/op/numeric-greater-than.xml#L1847	Unsupported dependencies spec XQ10+
op-numeric-greater-than	numeric-greater-than-101	https://github.com/w3c/qt3tests/blob/201a6e466940cdfc727f4babfedcde5332b9f578/op/numeric-greater-than.xml#L1858	Unsupported dependencies spec XQ30+
op-numeric-greater-than	numeric-greater-than-102	https://github.com/w3c/qt3tests/blob/201a6e466940cdfc727f4babfedcde5332b9f578/op/numeric-greater-than.xml#L1889	Unsupported dependencies spec XQ30+
op-numeric-less-than	K-NumericLT-21	https://github.com/w3c/qt3tests/blob/201a6e466940cdfc727f4babfedcde5332b9f578/op/numeric-less-than.xml#L2646	Unsupported function fn:current-time#0
op-numeric-less-than	K-NumericLT-22	https://github.com/w3c/qt3tests/blob/201a6e466940cdfc727f4babfedcde5332b9f578/op/numeric-less-than.xml#L2661	Unsupported function fn:current-time#0
op-numeric-less-than	cbcl-numeric-less-than-001	https://github.com/w3c/qt3tests/blob/201a6e466940cdfc727f4babfedcde5332b9f578/op/numeric-less-than.xml#L2708	Unsupported dependencies spec XQ10+
op-numeric-less-than	cbcl-numeric-less-than-002	https://github.com/w3c/qt3tests/blob/201a6e466940cdfc727f4babfedcde5332b9f578/op/numeric-less-than.xml#L2720	Unsupported dependencies spec XQ10+
op-numeric-less-than	cbcl-numeric-less-than-003	https://github.com/w3c/qt3tests/blob/201a6e466940cdfc727f4babfedcde5332b9f578/op/numeric-less-than.xml#L2732	Unsupported dependencies spec XQ10+
op-numeric-less-than	cbcl-numeric-less-than-004	https://github.com/w3c/qt3tests/blob/201a6e466940cdfc727f4babfedcde5332b9f578/op/numeric-less-than.xml#L2744	Unsupported dependencies spec XQ10+
op-numeric-less-than	cbcl-numeric-less-than-005	https://github.com/w3c/qt3tests/blob/201a6e466940cdfc727f4babfedcde5332b9f578/op/numeric-less-than.xml#L2756	Unsupported dependencies spec XQ10+
op-numeric-less-than	cbcl-numeric-less-than-006	https://github.com/w3c/qt3tests/blob/201a6e466940cdfc727f4babfedcde5332b9f578/op/numeric-less-than.xml#L2768	Unsupported dependencies spec XQ10+
op-numeric-less-than	cbcl-numeric-less-than-007	https://github.com/w3c/qt3tests/blob/201a6e466940cdfc727f4babfedcde5332b9f578/op/numeric-less-than.xml#L2780	Unsupported dependencies spec XQ10+
op-numeric-less-than	cbcl-numeric-less-than-008	https://github.com/w3c/qt3tests/blob/201a6e466940cdfc727f4babfedcde5332b9f578/op/numeric-less-than.xml#L2792	Unsupported dependencies spec XQ10+
op-numeric-less-than	cbcl-numeric-less-than-009	https://github.com/w3c/qt3tests/blob/201a6e466940cdfc727f4babfedcde5332b9f578/op/numeric-less-than.xml#L2804	Unsupported dependencies spec XQ10+
op-numeric-less-than	cbcl-numeric-less-than-010	https://github.com/w3c/qt3tests/blob/201a6e466940cdfc727f4babfedcde5332b9f578/op/numeric-less-than.xml#L2816	Unsupported dependencies spec XQ10+
op-numeric-less-than	cbcl-numeric-less-than-011	https://github.com/w3c/qt3tests/blob/201a6e466940cdfc727f4babfedcde5332b9f578/op/numeric-less-than.xml#L2828	Unsupported dependencies spec XQ10+
op-numeric-less-than	cbcl-numeric-less-than-012	https://github.com/w3c/qt3tests/blob/201a6e466940cdfc727f4babfedcde5332b9f578/op/numeric-less-than.xml#L2840	Unsupported dependencies spec XQ10+
op-numeric-less-than	cbcl-numeric-less-than-013	https://github.com/w3c/qt3tests/blob/201a6e466940cdfc727f4babfedcde5332b9f578/op/numeric-less-than.xml#L2852	Unsupported dependencies spec XQ10+
op-numeric-less-than	cbcl-numeric-less-than-014	https://github.com/w3c/qt3tests/blob/201a6e466940cdfc727f4babfedcde5332b9f578/op/numeric-less-than.xml#L2864	Unsupported dependencies spec XQ10+
op-numeric-less-than	cbcl-numeric-less-than-015	https://github.com/w3c/qt3tests/blob/201a6e466940cdfc727f4babfedcde5332b9f578/op/numeric-less-than.xml#L2876	Unsupported dependencies spec XQ10+
op-numeric-less-than	cbcl-numeric-less-than-016	https://github.com/w3c/qt3tests/blob/201a6e466940cdfc727f4babfedcde5332b9f578/op/numeric-less-than.xml#L2888	Unsupported dependencies spec XQ10+
op-numeric-less-than	cbcl-numeric-less-than-017	https://github.com/w3c/qt3tests/blob/201a6e466940cdfc727f4babfedcde5332b9f578/op/numeric-less-than.xml#L2900	Unsupported dependencies spec XQ10+
op-numeric-less-than	cbcl-numeric-less-than-018	https://github.com/w3c/qt3tests/blob/201a6e466940cdfc727f4babfedcde5332b9f578/op/numeric-less-than.xml#L2912	Unsupported dependencies spec XQ10+
op-numeric-less-than	cbcl-numeric-less-than-019	https://github.com/w3c/qt3tests/blob/201a6e466940cdfc727f4babfedcde5332b9f578/op/numeric-less-than.xml#L2924	Unsupported dependencies spec XQ10+
op-numeric-less-than	cbcl-numeric-less-than-020	https://github.com/w3c/qt3tests/blob/201a6e466940cdfc727f4babfedcde5332b9f578/op/numeric-less-than.xml#L2936	Unsupported dependencies spec XQ10+
op-numeric-less-than	cbcl-numeric-less-than-021	https://github.com/w3c/qt3tests/blob/201a6e466940cdfc727f4babfedcde5332b9f578/op/numeric-less-than.xml#L2948	Unsupported dependencies spec XQ10+
op-numeric-less-than	cbcl-numeric-less-than-022	https://github.com/w3c/qt3tests/blob/201a6e466940cdfc727f4babfedcde5332b9f578/op/numeric-less-than.xml#L2960	Unsupported dependencies spec XQ10+
op-numeric-less-than	cbcl-numeric-less-than-023	https://github.com/w3c/qt3tests/blob/201a6e466940cdfc727f4babfedcde5332b9f578/op/numeric-less-than.xml#L2972	Unsupported dependencies spec XQ10+
op-numeric-less-than	cbcl-numeric-less-than-024	https://github.com/w3c/qt3tests/blob/201a6e466940cdfc727f4babfedcde5332b9f578/op/numeric-less-than.xml#L2984	Unsupported dependencies spec XQ10+
op-numeric-less-than	cbcl-numeric-less-than-025	https://github.com/w3c/qt3tests/blob/201a6e466940cdfc727f4babfedcde5332b9f578/op/numeric-less-than.xml#L2996	Unsupported dependencies spec XQ10+
op-numeric-less-than	cbcl-numeric-less-than-026	https://github.com/w3c/qt3tests/blob/201a6e466940cdfc727f4babfedcde5332b9f578/op/numeric-less-than.xml#L3008	Unsupported dependencies spec XQ10+
op-numeric-less-than	cbcl-numeric-less-than-027	https://github.com/w3c/qt3tests/blob/201a6e466940cdfc727f4babfedcde5332b9f578/op/numeric-less-than.xml#L3020	Unsupported dependencies spec XQ10+
op-numeric-less-than	cbcl-numeric-less-than-028	https://github.com/w3c/qt3tests/blob/201a6e466940cdfc727f4babfedcde5332b9f578/op/numeric-less-than.xml#L3032	Unsupported dependencies spec XQ10+
op-numeric-less-than	cbcl-numeric-less-than-029	https://github.com/w3c/qt3tests/blob/201a6e466940cdfc727f4babfedcde5332b9f578/op/numeric-less-than.xml#L3044	Unsupported dependencies spec XQ10+
op-numeric-multiply	op-numeric-multiplymix2args-1	https://github.com/w3c/qt3tests/blob/201a6e466940cdfc727f4babfedcde5332b9f578/op/numeric-multiply.xml#L340	Unsupported sequenceExpr
op-numeric-multiply	op-numeric-multiplymix2args-4	https://github.com/w3c/qt3tests/blob/201a6e466940cdfc727f4babfedcde5332b9f578/op/numeric-multiply.xml#L370	Unsupported dependencies spec XQ10+
op-numeric-multiply	op-numeric-multiplymix2args-5	https://github.com/w3c/qt3tests/blob/201a6e466940cdfc727f4babfedcde5332b9f578/op/numeric-multiply.xml#L380	Unsupported dependencies spec XQ10+
op-numeric-multiply	op-numeric-multiplymix2args-6	https://github.com/w3c/qt3tests/blob/201a6e466940cdfc727f4babfedcde5332b9f578/op/numeric-multiply.xml#L390	Unsupported dependencies spec XQ10+
op-numeric-multiply	op-numeric-multiplymix2args-7	https://github.com/w3c/qt3tests/blob/201a6e466940cdfc727f4babfedcde5332b9f578/op/numeric-multiply.xml#L400	Unsupported dependencies spec XQ10+
op-numeric-multiply	op-numeric-multiplymix2args-8	https://github.com/w3c/qt3tests/blob/201a6e466940cdfc727f4babfedcde5332b9f578/op/numeric-multiply.xml#L410	Unsupported dependencies spec XQ10+
op-numeric-multiply	op-numeric-multiplymix2args-9	https://github.com/w3c/qt3tests/blob/201a6e466940cdfc727f4babfedcde5332b9f578/op/numeric-multiply.xml#L420	Unsupported dependencies spec XQ10+
op-numeric-multiply	op-numeric-multiplymix2args-10	https://github.com/w3c/qt3tests/blob/201a6e466940cdfc727f4babfedcde5332b9f578/op/numeric-multiply.xml#L430	Unsupported dependencies spec XQ30+
op-numeric-multiply	op-numeric-multiplymix2args-11	https://github.com/w3c/qt3tests/blob/201a6e466940cdfc727f4babfedcde5332b9f578/op/numeric-multiply.xml#L442	Unsupported dependencies spec XQ30+
op-numeric-multiply	K-NumericMultiply-5	https://github.com/w3c/qt3tests/blob/201a6e466940cdfc727f4babfedcde5332b9f578/op/numeric-multiply.xml#L490	Unsupported sequenceType
op-numeric-multiply	K-NumericMultiply-6	https://github.com/w3c/qt3tests/blob/201a6e466940cdfc727f4babfedcde5332b9f578/op/numeric-multiply.xml#L499	Unsupported sequenceType
op-numeric-multiply	K-NumericMultiply-7	https://github.com/w3c/qt3tests/blob/201a6e466940cdfc727f4babfedcde5332b9f578/op/numeric-multiply.xml#L508	Unsupported sequenceType
op-numeric-multiply	K-NumericMultiply-8	https://github.com/w3c/qt3tests/blob/201a6e466940cdfc727f4babfedcde5332b9f578/op/numeric-multiply.xml#L517	Unsupported sequenceType
op-numeric-multiply	K-NumericMultiply-9	https://github.com/w3c/qt3tests/blob/201a6e466940cdfc727f4babfedcde5332b9f578/op/numeric-multiply.xml#L526	Unsupported sequenceType
op-numeric-multiply	K-NumericMultiply-10	https://github.com/w3c/qt3tests/blob/201a6e466940cdfc727f4babfedcde5332b9f578/op/numeric-multiply.xml#L535	Unsupported sequenceType
op-numeric-multiply	K-NumericMultiply-11	https://github.com/w3c/qt3tests/blob/201a6e466940cdfc727f4babfedcde5332b9f578/op/numeric-multiply.xml#L544	Unsupported sequenceType
op-numeric-multiply	K-NumericMultiply-12	https://github.com/w3c/qt3tests/blob/201a6e466940cdfc727f4babfedcde5332b9f578/op/numeric-multiply.xml#L553	Unsupported sequenceType
op-numeric-multiply	K-NumericMultiply-13	https://github.com/w3c/qt3tests/blob/201a6e466940cdfc727f4babfedcde5332b9f578/op/numeric-multiply.xml#L562	Unsupported sequenceType
op-numeric-multiply	K-NumericMultiply-14	https://github.com/w3c/qt3tests/blob/201a6e466940cdfc727f4babfedcde5332b9f578/op/numeric-multiply.xml#L571	Unsupported sequenceType
op-numeric-multiply	K-NumericMultiply-15	https://github.com/w3c/qt3tests/blob/201a6e466940cdfc727f4babfedcde5332b9f578/op/numeric-multiply.xml#L580	Unsupported sequenceType
op-numeric-multiply	K-NumericMultiply-16	https://github.com/w3c/qt3tests/blob/201a6e466940cdfc727f4babfedcde5332b9f578/op/numeric-multiply.xml#L589	Unsupported sequenceType
op-numeric-multiply	K-NumericMultiply-17	https://github.com/w3c/qt3tests/blob/201a6e466940cdfc727f4babfedcde5332b9f578/op/numeric-multiply.xml#L598	Unsupported sequenceType
op-numeric-multiply	K-NumericMultiply-18	https://github.com/w3c/qt3tests/blob/201a6e466940cdfc727f4babfedcde5332b9f578/op/numeric-multiply.xml#L607	Unsupported sequenceType
op-numeric-multiply	K-NumericMultiply-19	https://github.com/w3c/qt3tests/blob/201a6e466940cdfc727f4babfedcde5332b9f578/op/numeric-multiply.xml#L616	Unsupported sequenceType
op-numeric-multiply	K-NumericMultiply-20	https://github.com/w3c/qt3tests/blob/201a6e466940cdfc727f4babfedcde5332b9f578/op/numeric-multiply.xml#L625	Unsupported sequenceType
op-numeric-multiply	K-NumericMultiply-25	https://github.com/w3c/qt3tests/blob/201a6e466940cdfc727f4babfedcde5332b9f578/op/numeric-multiply.xml#L670	Invalid XPath: 1: /*5\n     ^\n\nError: XPST0003: Failed to parse script. Expected end of input\n  at <>:1:3 - 1:4
op-numeric-multiply	K-NumericMultiply-26	https://github.com/w3c/qt3tests/blob/201a6e466940cdfc727f4babfedcde5332b9f578/op/numeric-multiply.xml#L679	Invalid XPath: 1: / * 5\n       ^\n\nError: XPST0003: Failed to parse script. Expected end of input\n  at <>:1:5 - 1:6
op-numeric-multiply	K-NumericMultiply-27	https://github.com/w3c/qt3tests/blob/201a6e466940cdfc727f4babfedcde5332b9f578/op/numeric-multiply.xml#L688	Invalid XPath: 1: 4 + / * 5\n           ^\n\nError: XPST0003: Failed to parse script. Expected end of input\n  at <>:1:9 - 1:10
op-numeric-multiply	K-NumericMultiply-30	https://github.com/w3c/qt3tests/blob/201a6e466940cdfc727f4babfedcde5332b9f578/op/numeric-multiply.xml#L715	Unsupported cast type xs:untypedAtomic
op-numeric-multiply	K-NumericMultiply-31	https://github.com/w3c/qt3tests/blob/201a6e466940cdfc727f4babfedcde5332b9f578/op/numeric-multiply.xml#L724	Unsupported cast type xs:untypedAtomic
op-numeric-multiply	K-NumericMultiply-32	https://github.com/w3c/qt3tests/blob/201a6e466940cdfc727f4babfedcde5332b9f578/op/numeric-multiply.xml#L733	Unsupported sequenceExpr
op-numeric-multiply	K-NumericMultiply-33	https://github.com/w3c/qt3tests/blob/201a6e466940cdfc727f4babfedcde5332b9f578/op/numeric-multiply.xml#L745	Unsupported sequenceExpr
op-numeric-multiply	op-numeric-multiply-1	https://github.com/w3c/qt3tests/blob/201a6e466940cdfc727f4babfedcde5332b9f578/op/numeric-multiply.xml#L757	Unsupported dependencies spec XQ10+
op-numeric-multiply	cbcl-numeric-multiply-001	https://github.com/w3c/qt3tests/blob/201a6e466940cdfc727f4babfedcde5332b9f578/op/numeric-multiply.xml#L804	Unsupported dependencies spec XQ10+
op-numeric-multiply	cbcl-numeric-multiply-002	https://github.com/w3c/qt3tests/blob/201a6e466940cdfc727f4babfedcde5332b9f578/op/numeric-multiply.xml#L817	Unsupported dependencies spec XQ10+
op-numeric-multiply	cbcl-numeric-multiply-003	https://github.com/w3c/qt3tests/blob/201a6e466940cdfc727f4babfedcde5332b9f578/op/numeric-multiply.xml#L830	Unsupported dependencies spec XQ10+
op-numeric-multiply	cbcl-numeric-multiply-004	https://github.com/w3c/qt3tests/blob/201a6e466940cdfc727f4babfedcde5332b9f578/op/numeric-multiply.xml#L843	Unsupported dependencies spec XQ10+
op-numeric-multiply	cbcl-numeric-multiply-005	https://github.com/w3c/qt3tests/blob/201a6e466940cdfc727f4babfedcde5332b9f578/op/numeric-multiply.xml#L856	Unsupported dependencies spec XQ10+
op-numeric-multiply	cbcl-numeric-multiply-006	https://github.com/w3c/qt3tests/blob/201a6e466940cdfc727f4babfedcde5332b9f578/op/numeric-multiply.xml#L869	Unsupported dependencies spec XQ10+
op-numeric-multiply	cbcl-numeric-multiply-007	https://github.com/w3c/qt3tests/blob/201a6e466940cdfc727f4babfedcde5332b9f578/op/numeric-multiply.xml#L882	Unsupported dependencies spec XQ10+
op-numeric-multiply	cbcl-numeric-multiply-008	https://github.com/w3c/qt3tests/blob/201a6e466940cdfc727f4babfedcde5332b9f578/op/numeric-multiply.xml#L895	Unsupported dependencies spec XQ10+
op-numeric-multiply	cbcl-numeric-multiply-009	https://github.com/w3c/qt3tests/blob/201a6e466940cdfc727f4babfedcde5332b9f578/op/numeric-multiply.xml#L908	Unsupported dependencies spec XQ10+
op-numeric-multiply	cbcl-numeric-multiply-010	https://github.com/w3c/qt3tests/blob/201a6e466940cdfc727f4babfedcde5332b9f578/op/numeric-multiply.xml#L921	Unsupported dependencies spec XQ10+
op-numeric-multiply	cbcl-numeric-multiply-011	https://github.com/w3c/qt3tests/blob/201a6e466940cdfc727f4babfedcde5332b9f578/op/numeric-multiply.xml#L934	Unsupported dependencies spec XQ10+
op-numeric-multiply	cbcl-numeric-multiply-012	https://github.com/w3c/qt3tests/blob/201a6e466940cdfc727f4babfedcde5332b9f578/op/numeric-multiply.xml#L947	Unsupported dependencies spec XQ10+
op-numeric-multiply	cbcl-numeric-multiply-013	https://github.com/w3c/qt3tests/blob/201a6e466940cdfc727f4babfedcde5332b9f578/op/numeric-multiply.xml#L960	Unsupported dependencies spec XQ10+
op-numeric-multiply	cbcl-numeric-multiply-014	https://github.com/w3c/qt3tests/blob/201a6e466940cdfc727f4babfedcde5332b9f578/op/numeric-multiply.xml#L973	Unsupported dependencies spec XQ10+
op-numeric-multiply	cbcl-numeric-multiply-015	https://github.com/w3c/qt3tests/blob/201a6e466940cdfc727f4babfedcde5332b9f578/op/numeric-multiply.xml#L986	Unsupported dependencies spec XQ10+
op-numeric-multiply	cbcl-numeric-multiply-016	https://github.com/w3c/qt3tests/blob/201a6e466940cdfc727f4babfedcde5332b9f578/op/numeric-multiply.xml#L999	Unsupported dependencies spec XQ10+
op-numeric-multiply	cbcl-numeric-multiply-017	https://github.com/w3c/qt3tests/blob/201a6e466940cdfc727f4babfedcde5332b9f578/op/numeric-multiply.xml#L1012	Unsupported dependencies spec XQ10+
op-numeric-multiply	cbcl-numeric-multiply-018	https://github.com/w3c/qt3tests/blob/201a6e466940cdfc727f4babfedcde5332b9f578/op/numeric-multiply.xml#L1025	Unsupported dependencies spec XQ10+
op-numeric-multiply	cbcl-numeric-multiply-019	https://github.com/w3c/qt3tests/blob/201a6e466940cdfc727f4babfedcde5332b9f578/op/numeric-multiply.xml#L1038	Unsupported dependencies spec XQ10+
op-numeric-multiply	cbcl-numeric-multiply-020	https://github.com/w3c/qt3tests/blob/201a6e466940cdfc727f4babfedcde5332b9f578/op/numeric-multiply.xml#L1051	Unsupported dependencies spec XQ10+
op-numeric-multiply	cbcl-numeric-multiply-021	https://github.com/w3c/qt3tests/blob/201a6e466940cdfc727f4babfedcde5332b9f578/op/numeric-multiply.xml#L1064	Unsupported dependencies spec XQ10+
op-numeric-multiply	cbcl-numeric-multiply-022	https://github.com/w3c/qt3tests/blob/201a6e466940cdfc727f4babfedcde5332b9f578/op/numeric-multiply.xml#L1077	Unsupported dependencies spec XQ10+
op-numeric-multiply	cbcl-numeric-multiply-023	https://github.com/w3c/qt3tests/blob/201a6e466940cdfc727f4babfedcde5332b9f578/op/numeric-multiply.xml#L1090	Unsupported dependencies spec XQ10+
op-numeric-multiply	cbcl-numeric-multiply-024	https://github.com/w3c/qt3tests/blob/201a6e466940cdfc727f4babfedcde5332b9f578/op/numeric-multiply.xml#L1103	Unsupported dependencies spec XQ10+
op-numeric-multiply	cbcl-numeric-multiply-025	https://github.com/w3c/qt3tests/blob/201a6e466940cdfc727f4babfedcde5332b9f578/op/numeric-multiply.xml#L1116	Unsupported dependencies spec XQ10+
op-numeric-multiply	cbcl-numeric-multiply-026	https://github.com/w3c/qt3tests/blob/201a6e466940cdfc727f4babfedcde5332b9f578/op/numeric-multiply.xml#L1132	Unsupported dependencies spec XQ10+
op-numeric-multiply	cbcl-numeric-multiply-027	https://github.com/w3c/qt3tests/blob/201a6e466940cdfc727f4babfedcde5332b9f578/op/numeric-multiply.xml#L1148	Unsupported dependencies spec XQ10+
op-numeric-subtract	op-numeric-subtractmix2args-1	https://github.com/w3c/qt3tests/blob/201a6e466940cdfc727f4babfedcde5332b9f578/op/numeric-subtract.xml#L547	Unsupported sequenceExpr
op-numeric-subtract	op-numeric-subtractmix2args-4	https://github.com/w3c/qt3tests/blob/201a6e466940cdfc727f4babfedcde5332b9f578/op/numeric-subtract.xml#L577	Unsupported dependencies spec XQ10+
op-numeric-subtract	op-numeric-subtractmix2args-5	https://github.com/w3c/qt3tests/blob/201a6e466940cdfc727f4babfedcde5332b9f578/op/numeric-subtract.xml#L587	Unsupported dependencies spec XQ10+
op-numeric-subtract	op-numeric-subtractmix2args-6	https://github.com/w3c/qt3tests/blob/201a6e466940cdfc727f4babfedcde5332b9f578/op/numeric-subtract.xml#L597	Unsupported dependencies spec XQ10+
op-numeric-subtract	op-numeric-subtractmix2args-7	https://github.com/w3c/qt3tests/blob/201a6e466940cdfc727f4babfedcde5332b9f578/op/numeric-subtract.xml#L607	Unsupported dependencies spec XQ10+
op-numeric-subtract	op-numeric-subtractmix2args-8	https://github.com/w3c/qt3tests/blob/201a6e466940cdfc727f4babfedcde5332b9f578/op/numeric-subtract.xml#L617	Unsupported dependencies spec XQ10+
op-numeric-subtract	op-numeric-subtractmix2args-9	https://github.com/w3c/qt3tests/blob/201a6e466940cdfc727f4babfedcde5332b9f578/op/numeric-subtract.xml#L627	Unsupported dependencies spec XQ10+
op-numeric-subtract	K-NumericSubtract-5	https://github.com/w3c/qt3tests/blob/201a6e466940cdfc727f4babfedcde5332b9f578/op/numeric-subtract.xml#L673	Unsupported sequenceType
op-numeric-subtract	K-NumericSubtract-6	https://github.com/w3c/qt3tests/blob/201a6e466940cdfc727f4babfedcde5332b9f578/op/numeric-subtract.xml#L682	Unsupported sequenceType
op-numeric-subtract	K-NumericSubtract-7	https://github.com/w3c/qt3tests/blob/201a6e466940cdfc727f4babfedcde5332b9f578/op/numeric-subtract.xml#L691	Unsupported sequenceType
op-numeric-subtract	K-NumericSubtract-8	https://github.com/w3c/qt3tests/blob/201a6e466940cdfc727f4babfedcde5332b9f578/op/numeric-subtract.xml#L700	Unsupported sequenceType
op-numeric-subtract	K-NumericSubtract-9	https://github.com/w3c/qt3tests/blob/201a6e466940cdfc727f4babfedcde5332b9f578/op/numeric-subtract.xml#L709	Unsupported sequenceType
op-numeric-subtract	K-NumericSubtract-10	https://github.com/w3c/qt3tests/blob/201a6e466940cdfc727f4babfedcde5332b9f578/op/numeric-subtract.xml#L718	Unsupported sequenceType
op-numeric-subtract	K-NumericSubtract-11	https://github.com/w3c/qt3tests/blob/201a6e466940cdfc727f4babfedcde5332b9f578/op/numeric-subtract.xml#L727	Unsupported sequenceType
op-numeric-subtract	K-NumericSubtract-12	https://github.com/w3c/qt3tests/blob/201a6e466940cdfc727f4babfedcde5332b9f578/op/numeric-subtract.xml#L736	Unsupported sequenceType
op-numeric-subtract	K-NumericSubtract-13	https://github.com/w3c/qt3tests/blob/201a6e466940cdfc727f4babfedcde5332b9f578/op/numeric-subtract.xml#L745	Unsupported sequenceType
op-numeric-subtract	K-NumericSubtract-14	https://github.com/w3c/qt3tests/blob/201a6e466940cdfc727f4babfedcde5332b9f578/op/numeric-subtract.xml#L754	Unsupported sequenceType
op-numeric-subtract	K-NumericSubtract-15	https://github.com/w3c/qt3tests/blob/201a6e466940cdfc727f4babfedcde5332b9f578/op/numeric-subtract.xml#L763	Unsupported sequenceType
op-numeric-subtract	K-NumericSubtract-16	https://github.com/w3c/qt3tests/blob/201a6e466940cdfc727f4babfedcde5332b9f578/op/numeric-subtract.xml#L772	Unsupported sequenceType
op-numeric-subtract	K-NumericSubtract-17	https://github.com/w3c/qt3tests/blob/201a6e466940cdfc727f4babfedcde5332b9f578/op/numeric-subtract.xml#L781	Unsupported sequenceType
op-numeric-subtract	K-NumericSubtract-18	https://github.com/w3c/qt3tests/blob/201a6e466940cdfc727f4babfedcde5332b9f578/op/numeric-subtract.xml#L790	Unsupported sequenceType
op-numeric-subtract	K-NumericSubtract-19	https://github.com/w3c/qt3tests/blob/201a6e466940cdfc727f4babfedcde5332b9f578/op/numeric-subtract.xml#L799	Unsupported sequenceType
op-numeric-subtract	K-NumericSubtract-20	https://github.com/w3c/qt3tests/blob/201a6e466940cdfc727f4babfedcde5332b9f578/op/numeric-subtract.xml#L808	Unsupported sequenceType
op-numeric-subtract	K-NumericSubtract-26	https://github.com/w3c/qt3tests/blob/201a6e466940cdfc727f4babfedcde5332b9f578/op/numeric-subtract.xml#L862	Unsupported cast type xs:untypedAtomic
op-numeric-subtract	K-NumericSubtract-27	https://github.com/w3c/qt3tests/blob/201a6e466940cdfc727f4babfedcde5332b9f578/op/numeric-subtract.xml#L871	Unsupported cast type xs:untypedAtomic
op-numeric-subtract	K-NumericSubtract-28	https://github.com/w3c/qt3tests/blob/201a6e466940cdfc727f4babfedcde5332b9f578/op/numeric-subtract.xml#L880	Unsupported cast type xs:untypedAtomic
op-numeric-subtract	K-NumericSubtract-29	https://github.com/w3c/qt3tests/blob/201a6e466940cdfc727f4babfedcde5332b9f578/op/numeric-subtract.xml#L889	Unsupported sequenceExpr
op-numeric-subtract	K-NumericSubtract-30	https://github.com/w3c/qt3tests/blob/201a6e466940cdfc727f4babfedcde5332b9f578/op/numeric-subtract.xml#L901	Unsupported sequenceExpr
op-numeric-subtract	K-NumericSubtract-31	https://github.com/w3c/qt3tests/blob/201a6e466940cdfc727f4babfedcde5332b9f578/op/numeric-subtract.xml#L913	Unsupported sequenceExpr
op-numeric-subtract	K-NumericSubtract-32	https://github.com/w3c/qt3tests/blob/201a6e466940cdfc727f4babfedcde5332b9f578/op/numeric-subtract.xml#L925	Unsupported cast type xs:untypedAtomic
op-numeric-subtract	K-NumericSubtract-33	https://github.com/w3c/qt3tests/blob/201a6e466940cdfc727f4babfedcde5332b9f578/op/numeric-subtract.xml#L934	Unsupported cast type xs:untypedAtomic
op-numeric-subtract	K-NumericSubtract-34	https://github.com/w3c/qt3tests/blob/201a6e466940cdfc727f4babfedcde5332b9f578/op/numeric-subtract.xml#L943	Unsupported cast type xs:untypedAtomic
op-numeric-subtract	K-NumericSubtract-35	https://github.com/w3c/qt3tests/blob/201a6e466940cdfc727f4babfedcde5332b9f578/op/numeric-subtract.xml#L952	Unsupported cast type xs:untypedAtomic
op-numeric-subtract	K-NumericSubtract-36	https://github.com/w3c/qt3tests/blob/201a6e466940cdfc727f4babfedcde5332b9f578/op/numeric-subtract.xml#L961	Unsupported function fn:current-time#0
op-numeric-subtract	K-NumericSubtract-37	https://github.com/w3c/qt3tests/blob/201a6e466940cdfc727f4babfedcde5332b9f578/op/numeric-subtract.xml#L973	Unsupported function fn:current-time#0
op-numeric-subtract	K-NumericSubtract-38	https://github.com/w3c/qt3tests/blob/201a6e466940cdfc727f4babfedcde5332b9f578/op/numeric-subtract.xml#L985	Unsupported function fn:current-time#0
op-numeric-subtract	op-numeric-subtract-1	https://github.com/w3c/qt3tests/blob/201a6e466940cdfc727f4babfedcde5332b9f578/op/numeric-subtract.xml#L1015	Unsupported dependencies spec XQ10+
op-numeric-subtract	cbcl-numeric-subtract-003	https://github.com/w3c/qt3tests/blob/201a6e466940cdfc727f4babfedcde5332b9f578/op/numeric-subtract.xml#L1088	Unsupported dependencies spec XQ10+
op-numeric-subtract	cbcl-numeric-subtract-004	https://github.com/w3c/qt3tests/blob/201a6e466940cdfc727f4babfedcde5332b9f578/op/numeric-subtract.xml#L1101	Unsupported dependencies spec XQ10+
op-numeric-subtract	cbcl-numeric-subtract-005	https://github.com/w3c/qt3tests/blob/201a6e466940cdfc727f4babfedcde5332b9f578/op/numeric-subtract.xml#L1114	Unsupported dependencies spec XQ10+
op-numeric-subtract	cbcl-numeric-subtract-006	https://github.com/w3c/qt3tests/blob/201a6e466940cdfc727f4babfedcde5332b9f578/op/numeric-subtract.xml#L1127	Unsupported dependencies spec XQ10+
op-numeric-subtract	cbcl-numeric-subtract-007	https://github.com/w3c/qt3tests/blob/201a6e466940cdfc727f4babfedcde5332b9f578/op/numeric-subtract.xml#L1140	Unsupported dependencies spec XQ10+
op-numeric-subtract	cbcl-numeric-subtract-008	https://github.com/w3c/qt3tests/blob/201a6e466940cdfc727f4babfedcde5332b9f578/op/numeric-subtract.xml#L1153	Unsupported dependencies spec XQ10+
op-numeric-unary-minus	K-NumericUnaryMinus-14	https://github.com/w3c/qt3tests/blob/201a6e466940cdfc727f4babfedcde5332b9f578/op/numeric-unary-minus.xml#L475	Unsupported sequenceExpr
op-numeric-unary-minus	K-NumericUnaryMinus-15	https://github.com/w3c/qt3tests/blob/201a6e466940cdfc727f4babfedcde5332b9f578/op/numeric-unary-minus.xml#L484	Unsupported sequenceExpr
op-numeric-unary-minus	K2-NumericUnaryMinus-8	https://github.com/w3c/qt3tests/blob/201a6e466940cdfc727f4babfedcde5332b9f578/op/numeric-unary-minus.xml#L557	Unsupported dependencies spec XQ10+
op-numeric-unary-minus	K2-NumericUnaryMinus-9	https://github.com/w3c/qt3tests/blob/201a6e466940cdfc727f4babfedcde5332b9f578/op/numeric-unary-minus.xml#L567	Unsupported sequenceExpr
op-numeric-unary-minus	K2-NumericUnaryMinus-10	https://github.com/w3c/qt3tests/blob/201a6e466940cdfc727f4babfedcde5332b9f578/op/numeric-unary-minus.xml#L576	Unsupported dependencies spec XQ10+
op-numeric-unary-minus	op-numeric-unary-minus-1	https://github.com/w3c/qt3tests/blob/201a6e466940cdfc727f4babfedcde5332b9f578/op/numeric-unary-minus.xml#L586	Unsupported dependencies spec XQ10+
op-numeric-unary-minus	cbcl-numeric-unary-minus-001	https://github.com/w3c/qt3tests/blob/201a6e466940cdfc727f4babfedcde5332b9f578/op/numeric-unary-minus.xml#L607	Unsupported dependencies spec XQ10+
op-numeric-unary-plus	K2-NumericUnaryPlus-1	https://github.com/w3c/qt3tests/blob/201a6e466940cdfc727f4babfedcde5332b9f578/op/numeric-unary-plus.xml#L466	Unsupported dependencies spec XQ10+
op-numeric-unary-plus	K2-NumericUnaryPlus-2	https://github.com/w3c/qt3tests/blob/201a6e466940cdfc727f4babfedcde5332b9f578/op/numeric-unary-plus.xml#L476	Unsupported sequenceExpr
op-numeric-unary-plus	op-numeric-unary-plus-1	https://github.com/w3c/qt3tests/blob/201a6e466940cdfc727f4babfedcde5332b9f578/op/numeric-unary-plus.xml#L485	Unsupported dependencies spec XQ10+
op-numeric-unary-plus	cbcl-numeric-unary-plus-001	https://github.com/w3c/qt3tests/blob/201a6e466940cdfc727f4babfedcde5332b9f578/op/numeric-unary-plus.xml#L506	Unsupported dependencies spec XQ10+
op-string-equal	K2-StringEqual-1	https://github.com/w3c/qt3tests/blob/201a6e466940cdfc727f4babfedcde5332b9f578/op/string-equal.xml#L52	Unsupported dependencies spec XQ10+
op-string-equal	K2-StringEqual-2	https://github.com/w3c/qt3tests/blob/201a6e466940cdfc727f4babfedcde5332b9f578/op/string-equal.xml#L62	Unsupported dependencies spec XQ10+
op-string-equal	K2-StringEqual-3	https://github.com/w3c/qt3tests/blob/201a6e466940cdfc727f4babfedcde5332b9f578/op/string-equal.xml#L72	Unsupported dependencies spec XQ10+
op-string-equal	K2-StringEqual-4	https://github.com/w3c/qt3tests/blob/201a6e466940cdfc727f4babfedcde5332b9f578/op/string-equal.xml#L82	Unsupported dependencies spec XQ10+
op-string-equal	K2-StringEqual-5	https://github.com/w3c/qt3tests/blob/201a6e466940cdfc727f4babfedcde5332b9f578/op/string-equal.xml#L92	Unsupported dependencies spec XQ10+
op-string-equal	K2-StringEqual-6	https://github.com/w3c/qt3tests/blob/201a6e466940cdfc727f4babfedcde5332b9f578/op/string-equal.xml#L102	Unsupported dependencies spec XQ10+
op-string-equal	cbcl-string-equal-001	https://github.com/w3c/qt3tests/blob/201a6e466940cdfc727f4babfedcde5332b9f578/op/string-equal.xml#L117	Unsupported function fn:current-time#0
op-string-equal	cbcl-string-equal-002	https://github.com/w3c/qt3tests/blob/201a6e466940cdfc727f4babfedcde5332b9f578/op/string-equal.xml#L126	Unsupported function fn:current-time#0
op-string-equal	cbcl-string-equal-003	https://github.com/w3c/qt3tests/blob/201a6e466940cdfc727f4babfedcde5332b9f578/op/string-equal.xml#L135	Unsupported function fn:current-time#0
op-string-equal	cbcl-string-equal-004	https://github.com/w3c/qt3tests/blob/201a6e466940cdfc727f4babfedcde5332b9f578/op/string-equal.xml#L146	Unsupported function fn:current-time#0
op-string-greater-than	cbcl-string-greater-than-001	https://github.com/w3c/qt3tests/blob/201a6e466940cdfc727f4babfedcde5332b9f578/op/string-greater-than.xml#L52	Unsupported function fn:current-time#0
op-string-greater-than	cbcl-string-greater-than-002	https://github.com/w3c/qt3tests/blob/201a6e466940cdfc727f4babfedcde5332b9f578/op/string-greater-than.xml#L61	Unsupported function fn:current-time#0
op-string-greater-than	cbcl-string-greater-than-003	https://github.com/w3c/qt3tests/blob/201a6e466940cdfc727f4babfedcde5332b9f578/op/string-greater-than.xml#L70	Unsupported function fn:current-time#0
op-string-greater-than	cbcl-string-greater-than-004	https://github.com/w3c/qt3tests/blob/201a6e466940cdfc727f4babfedcde5332b9f578/op/string-greater-than.xml#L81	Unsupported function fn:current-time#0
op-string-less-than	cbcl-string-less-than-001	https://github.com/w3c/qt3tests/blob/201a6e466940cdfc727f4babfedcde5332b9f578/op/string-less-than.xml#L61	Unsupported function fn:current-time#0
op-string-less-than	cbcl-string-less-than-002	https://github.com/w3c/qt3tests/blob/201a6e466940cdfc727f4babfedcde5332b9f578/op/string-less-than.xml#L70	Unsupported function fn:current-time#0
op-string-less-than	cbcl-string-less-than-003	https://github.com/w3c/qt3tests/blob/201a6e466940cdfc727f4babfedcde5332b9f578/op/string-less-than.xml#L79	Unsupported function fn:current-time#0
op-string-less-than	cbcl-string-less-than-004	https://github.com/w3c/qt3tests/blob/201a6e466940cdfc727f4babfedcde5332b9f578/op/string-less-than.xml#L90	Unsupported function fn:current-time#0
op-subtract-dates	op-subtract-dates-yielding-DTD-6	https://github.com/w3c/qt3tests/blob/201a6e466940cdfc727f4babfedcde5332b9f578/op/subtract-dates.xml#L85	Unsupported function fn:number#1
op-subtract-dates	K-DatesSubtract-6	https://github.com/w3c/qt3tests/blob/201a6e466940cdfc727f4babfedcde5332b9f578/op/subtract-dates.xml#L397	Unsupported modOp
op-subtract-dates	cbcl-subtract-dates-003	https://github.com/w3c/qt3tests/blob/201a6e466940cdfc727f4babfedcde5332b9f578/op/subtract-dates.xml#L436	Unsupported function fn:implicit-timezone#0
op-subtract-dates	cbcl-subtract-dates-004	https://github.com/w3c/qt3tests/blob/201a6e466940cdfc727f4babfedcde5332b9f578/op/subtract-dates.xml#L447	Unsupported function fn:implicit-timezone#0
op-subtract-dateTimes	op-subtract-dateTimes-yielding-DTD-6	https://github.com/w3c/qt3tests/blob/201a6e466940cdfc727f4babfedcde5332b9f578/op/subtract-dateTimes.xml#L85	Unsupported function fn:number#1
op-subtract-dateTimes	K-dateTimesSubtract-5	https://github.com/w3c/qt3tests/blob/201a6e466940cdfc727f4babfedcde5332b9f578/op/subtract-dateTimes.xml#L382	Unsupported modOp
op-subtract-dateTimes	cbcl-subtract-dateTimes-003	https://github.com/w3c/qt3tests/blob/201a6e466940cdfc727f4babfedcde5332b9f578/op/subtract-dateTimes.xml#L436	Unsupported function fn:implicit-timezone#0
op-subtract-dateTimes	cbcl-subtract-dateTimes-004	https://github.com/w3c/qt3tests/blob/201a6e466940cdfc727f4babfedcde5332b9f578/op/subtract-dateTimes.xml#L447	Unsupported function fn:implicit-timezone#0
op-subtract-dayTimeDuration-from-date	op-subtract-dayTimeDuration-from-date-6	https://github.com/w3c/qt3tests/blob/201a6e466940cdfc727f4babfedcde5332b9f578/op/subtract-dayTimeDuration-from-date.xml#L176	Unsupported function fn:number#1
op-subtract-dayTimeDuration-from-date	cbcl-subtract-dayTimeDuration-from-date-001	https://github.com/w3c/qt3tests/blob/201a6e466940cdfc727f4babfedcde5332b9f578/op/subtract-dayTimeDuration-from-date.xml#L355	Unsupported dependencies spec XQ10+
op-subtract-dayTimeDuration-from-date	cbcl-subtract-dayTimeDuration-from-date-002	https://github.com/w3c/qt3tests/blob/201a6e466940cdfc727f4babfedcde5332b9f578/op/subtract-dayTimeDuration-from-date.xml#L367	Unsupported dependencies spec XQ10+
op-subtract-dayTimeDuration-from-dateTime	op-subtract-dayTimeDuration-from-dateTime-6	https://github.com/w3c/qt3tests/blob/201a6e466940cdfc727f4babfedcde5332b9f578/op/subtract-dayTimeDuration-from-dateTime.xml#L177	Unsupported function fn:number#1
op-subtract-dayTimeDuration-from-dateTime	cbcl-subtract-dayTimeDuration-from-dateTime-001	https://github.com/w3c/qt3tests/blob/201a6e466940cdfc727f4babfedcde5332b9f578/op/subtract-dayTimeDuration-from-dateTime.xml#L338	Unsupported dependencies spec XQ10+
op-subtract-dayTimeDuration-from-dateTime	cbcl-subtract-dayTimeDuration-from-dateTime-002	https://github.com/w3c/qt3tests/blob/201a6e466940cdfc727f4babfedcde5332b9f578/op/subtract-dayTimeDuration-from-dateTime.xml#L356	Unsupported dependencies spec XQ10+
op-subtract-dayTimeDuration-from-time	op-subtract-dayTimeDuration-from-time-6	https://github.com/w3c/qt3tests/blob/201a6e466940cdfc727f4babfedcde5332b9f578/op/subtract-dayTimeDuration-from-time.xml#L176	Unsupported function fn:number#1
op-subtract-dayTimeDuration-from-time	cbcl-subtract-dayTimeDuration-from-time-001	https://github.com/w3c/qt3tests/blob/201a6e466940cdfc727f4babfedcde5332b9f578/op/subtract-dayTimeDuration-from-time.xml#L429	Unsupported dependencies spec XQ10+
op-subtract-dayTimeDurations	op-subtract-dayTimeDurations-6	https://github.com/w3c/qt3tests/blob/201a6e466940cdfc727f4babfedcde5332b9f578/op/subtract-dayTimeDurations.xml#L177	Unsupported function fn:number#1
op-subtract-dayTimeDurations	K2-DayTimeDurationSubtract-1	https://github.com/w3c/qt3tests/blob/201a6e466940cdfc727f4babfedcde5332b9f578/op/subtract-dayTimeDurations.xml#L488	Unsupported function fn:current-time#0
op-subtract-dayTimeDurations	K2-DayTimeDurationSubtract-2	https://github.com/w3c/qt3tests/blob/201a6e466940cdfc727f4babfedcde5332b9f578/op/subtract-dayTimeDurations.xml#L503	Unsupported function fn:current-dateTime#0
op-subtract-dayTimeDurations	cbcl-subtract-dayTimeDurations-001	https://github.com/w3c/qt3tests/blob/201a6e466940cdfc727f4babfedcde5332b9f578/op/subtract-dayTimeDurations.xml#L520	Unsupported dependencies spec XQ10+
op-subtract-dayTimeDurations	cbcl-subtract-dayTimeDurations-002	https://github.com/w3c/qt3tests/blob/201a6e466940cdfc727f4babfedcde5332b9f578/op/subtract-dayTimeDurations.xml#L532	Unsupported dependencies spec XQ10+
op-subtract-dayTimeDurations	cbcl-subtract-dayTimeDurations-003	https://github.com/w3c/qt3tests/blob/201a6e466940cdfc727f4babfedcde5332b9f578/op/subtract-dayTimeDurations.xml#L544	Unsupported dependencies spec XQ10+
op-subtract-dayTimeDurations	cbcl-minus-001	https://github.com/w3c/qt3tests/blob/201a6e466940cdfc727f4babfedcde5332b9f578/op/subtract-dayTimeDurations.xml#L564	Unsupported dependencies spec XQ10+
op-subtract-dayTimeDurations	cbcl-minus-002	https://github.com/w3c/qt3tests/blob/201a6e466940cdfc727f4babfedcde5332b9f578/op/subtract-dayTimeDurations.xml#L576	Unsupported dependencies spec XQ10+
op-subtract-dayTimeDurations	cbcl-minus-003	https://github.com/w3c/qt3tests/blob/201a6e466940cdfc727f4babfedcde5332b9f578/op/subtract-dayTimeDurations.xml#L588	Unsupported dependencies spec XQ10+
op-subtract-dayTimeDurations	cbcl-minus-004	https://github.com/w3c/qt3tests/blob/201a6e466940cdfc727f4babfedcde5332b9f578/op/subtract-dayTimeDurations.xml#L600	Unsupported dependencies spec XQ10+
op-subtract-dayTimeDurations	cbcl-minus-005	https://github.com/w3c/qt3tests/blob/201a6e466940cdfc727f4babfedcde5332b9f578/op/subtract-dayTimeDurations.xml#L612	Unsupported dependencies spec XQ10+
op-subtract-dayTimeDurations	cbcl-minus-006	https://github.com/w3c/qt3tests/blob/201a6e466940cdfc727f4babfedcde5332b9f578/op/subtract-dayTimeDurations.xml#L624	Unsupported dependencies spec XQ10+
op-subtract-dayTimeDurations	cbcl-minus-007	https://github.com/w3c/qt3tests/blob/201a6e466940cdfc727f4babfedcde5332b9f578/op/subtract-dayTimeDurations.xml#L636	Unsupported dependencies spec XQ10+
op-subtract-dayTimeDurations	cbcl-minus-008	https://github.com/w3c/qt3tests/blob/201a6e466940cdfc727f4babfedcde5332b9f578/op/subtract-dayTimeDurations.xml#L648	Unsupported dependencies spec XQ10+
op-subtract-dayTimeDurations	cbcl-minus-009	https://github.com/w3c/qt3tests/blob/201a6e466940cdfc727f4babfedcde5332b9f578/op/subtract-dayTimeDurations.xml#L660	Unsupported dependencies spec XQ10+
op-subtract-dayTimeDurations	cbcl-minus-010	https://github.com/w3c/qt3tests/blob/201a6e466940cdfc727f4babfedcde5332b9f578/op/subtract-dayTimeDurations.xml#L672	Unsupported dependencies spec XQ10+
op-subtract-dayTimeDurations	cbcl-minus-011	https://github.com/w3c/qt3tests/blob/201a6e466940cdfc727f4babfedcde5332b9f578/op/subtract-dayTimeDurations.xml#L684	Unsupported dependencies spec XQ10+
op-subtract-dayTimeDurations	cbcl-minus-012	https://github.com/w3c/qt3tests/blob/201a6e466940cdfc727f4babfedcde5332b9f578/op/subtract-dayTimeDurations.xml#L696	Unsupported dependencies spec XQ10+
op-subtract-dayTimeDurations	cbcl-minus-013	https://github.com/w3c/qt3tests/blob/201a6e466940cdfc727f4babfedcde5332b9f578/op/subtract-dayTimeDurations.xml#L708	Unsupported dependencies spec XQ10+
op-subtract-dayTimeDurations	cbcl-minus-014	https://github.com/w3c/qt3tests/blob/201a6e466940cdfc727f4babfedcde5332b9f578/op/subtract-dayTimeDurations.xml#L720	Unsupported dependencies spec XQ10+
op-subtract-dayTimeDurations	cbcl-minus-015	https://github.com/w3c/qt3tests/blob/201a6e466940cdfc727f4babfedcde5332b9f578/op/subtract-dayTimeDurations.xml#L732	Unsupported dependencies spec XQ10+
op-subtract-dayTimeDurations	cbcl-minus-016	https://github.com/w3c/qt3tests/blob/201a6e466940cdfc727f4babfedcde5332b9f578/op/subtract-dayTimeDurations.xml#L744	Unsupported dependencies spec XQ10+
op-subtract-dayTimeDurations	cbcl-minus-017	https://github.com/w3c/qt3tests/blob/201a6e466940cdfc727f4babfedcde5332b9f578/op/subtract-dayTimeDurations.xml#L756	Unsupported dependencies spec XQ10+
op-subtract-dayTimeDurations	cbcl-minus-018	https://github.com/w3c/qt3tests/blob/201a6e466940cdfc727f4babfedcde5332b9f578/op/subtract-dayTimeDurations.xml#L768	Unsupported dependencies spec XQ10+
op-subtract-dayTimeDurations	cbcl-minus-019	https://github.com/w3c/qt3tests/blob/201a6e466940cdfc727f4babfedcde5332b9f578/op/subtract-dayTimeDurations.xml#L780	Unsupported dependencies spec XQ10+
op-subtract-dayTimeDurations	cbcl-minus-020	https://github.com/w3c/qt3tests/blob/201a6e466940cdfc727f4babfedcde5332b9f578/op/subtract-dayTimeDurations.xml#L792	Unsupported dependencies spec XQ10+
op-subtract-dayTimeDurations	cbcl-minus-021	https://github.com/w3c/qt3tests/blob/201a6e466940cdfc727f4babfedcde5332b9f578/op/subtract-dayTimeDurations.xml#L804	Unsupported dependencies spec XQ10+
op-subtract-dayTimeDurations	cbcl-minus-022	https://github.com/w3c/qt3tests/blob/201a6e466940cdfc727f4babfedcde5332b9f578/op/subtract-dayTimeDurations.xml#L816	Unsupported dependencies spec XQ10+
op-subtract-dayTimeDurations	cbcl-minus-023	https://github.com/w3c/qt3tests/blob/201a6e466940cdfc727f4babfedcde5332b9f578/op/subtract-dayTimeDurations.xml#L828	Unsupported dependencies spec XQ10+
op-subtract-dayTimeDurations	cbcl-minus-024	https://github.com/w3c/qt3tests/blob/201a6e466940cdfc727f4babfedcde5332b9f578/op/subtract-dayTimeDurations.xml#L841	Unsupported dependencies spec XQ10+
op-subtract-dayTimeDurations	cbcl-minus-025	https://github.com/w3c/qt3tests/blob/201a6e466940cdfc727f4babfedcde5332b9f578/op/subtract-dayTimeDurations.xml#L853	Unsupported dependencies spec XQ10+
op-subtract-dayTimeDurations	cbcl-minus-026	https://github.com/w3c/qt3tests/blob/201a6e466940cdfc727f4babfedcde5332b9f578/op/subtract-dayTimeDurations.xml#L865	Unsupported dependencies spec XQ10+
op-subtract-dayTimeDurations	cbcl-minus-027	https://github.com/w3c/qt3tests/blob/201a6e466940cdfc727f4babfedcde5332b9f578/op/subtract-dayTimeDurations.xml#L877	Unsupported dependencies spec XQ10+
op-subtract-dayTimeDurations	cbcl-minus-028	https://github.com/w3c/qt3tests/blob/201a6e466940cdfc727f4babfedcde5332b9f578/op/subtract-dayTimeDurations.xml#L889	Unsupported dependencies spec XQ10+
op-subtract-dayTimeDurations	cbcl-minus-029	https://github.com/w3c/qt3tests/blob/201a6e466940cdfc727f4babfedcde5332b9f578/op/subtract-dayTimeDurations.xml#L901	Unsupported dependencies spec XQ10+
op-subtract-dayTimeDurations	cbcl-minus-030	https://github.com/w3c/qt3tests/blob/201a6e466940cdfc727f4babfedcde5332b9f578/op/subtract-dayTimeDurations.xml#L913	Unsupported dependencies spec XQ10+
op-subtract-dayTimeDurations	cbcl-minus-031	https://github.com/w3c/qt3tests/blob/201a6e466940cdfc727f4babfedcde5332b9f578/op/subtract-dayTimeDurations.xml#L925	Unsupported dependencies spec XQ10+
op-subtract-dayTimeDurations	cbcl-minus-032	https://github.com/w3c/qt3tests/blob/201a6e466940cdfc727f4babfedcde5332b9f578/op/subtract-dayTimeDurations.xml#L937	Unsupported dependencies spec XQ10+
op-subtract-dayTimeDurations	cbcl-minus-033	https://github.com/w3c/qt3tests/blob/201a6e466940cdfc727f4babfedcde5332b9f578/op/subtract-dayTimeDurations.xml#L949	Unsupported dependencies spec XQ10+
op-subtract-dayTimeDurations	cbcl-minus-034	https://github.com/w3c/qt3tests/blob/201a6e466940cdfc727f4babfedcde5332b9f578/op/subtract-dayTimeDurations.xml#L961	Unsupported dependencies spec XQ10+
op-subtract-times	op-subtract-times-6	https://github.com/w3c/qt3tests/blob/201a6e466940cdfc727f4babfedcde5332b9f578/op/subtract-times.xml#L178	Unsupported function fn:number#1
op-subtract-times	K-TimeSubtract-8	https://github.com/w3c/qt3tests/blob/201a6e466940cdfc727f4babfedcde5332b9f578/op/subtract-times.xml#L462	Unsupported modOp
op-subtract-times	cbcl-subtract-times-001	https://github.com/w3c/qt3tests/blob/201a6e466940cdfc727f4babfedcde5332b9f578/op/subtract-times.xml#L478	Unsupported function fn:implicit-timezone#0
op-subtract-times	cbcl-subtract-times-002	https://github.com/w3c/qt3tests/blob/201a6e466940cdfc727f4babfedcde5332b9f578/op/subtract-times.xml#L488	Unsupported function fn:implicit-timezone#0
op-subtract-times	cbcl-subtract-times-003	https://github.com/w3c/qt3tests/blob/201a6e466940cdfc727f4babfedcde5332b9f578/op/subtract-times.xml#L498	Unsupported function fn:adjust-time-to-timezone#1
op-subtract-times	cbcl-subtract-times-004	https://github.com/w3c/qt3tests/blob/201a6e466940cdfc727f4babfedcde5332b9f578/op/subtract-times.xml#L510	Unsupported function fn:adjust-time-to-timezone#2
op-subtract-yearMonthDuration-from-date	op-subtract-yearMonthDuration-from-date-6	https://github.com/w3c/qt3tests/blob/201a6e466940cdfc727f4babfedcde5332b9f578/op/subtract-yearMonthDuration-from-date.xml#L180	Unsupported function fn:number#1
op-subtract-yearMonthDuration-from-date	cbcl-subtract-yearMonthDuration-from-date-001	https://github.com/w3c/qt3tests/blob/201a6e466940cdfc727f4babfedcde5332b9f578/op/subtract-yearMonthDuration-from-date.xml#L387	Unsupported dependencies spec XQ10+
op-subtract-yearMonthDuration-from-date	cbcl-subtract-yearMonthDuration-from-date-002	https://github.com/w3c/qt3tests/blob/201a6e466940cdfc727f4babfedcde5332b9f578/op/subtract-yearMonthDuration-from-date.xml#L404	Unsupported dependencies spec XQ10+
op-subtract-yearMonthDuration-from-dateTime	op-subtract-yearMonthDuration-from-dateTime-6	https://github.com/w3c/qt3tests/blob/201a6e466940cdfc727f4babfedcde5332b9f578/op/subtract-yearMonthDuration-from-dateTime.xml#L179	Unsupported function fn:number#1
op-subtract-yearMonthDuration-from-dateTime	cbcl-subtract-yearMonthDuration-from-dateTime-001	https://github.com/w3c/qt3tests/blob/201a6e466940cdfc727f4babfedcde5332b9f578/op/subtract-yearMonthDuration-from-dateTime.xml#L355	Unsupported dependencies spec XQ10+
op-subtract-yearMonthDuration-from-dateTime	cbcl-subtract-yearMonthDuration-from-dateTime-002	https://github.com/w3c/qt3tests/blob/201a6e466940cdfc727f4babfedcde5332b9f578/op/subtract-yearMonthDuration-from-dateTime.xml#L367	Unsupported dependencies spec XQ10+
op-subtract-yearMonthDurations	op-subtract-yearMonthDurations-6	https://github.com/w3c/qt3tests/blob/201a6e466940cdfc727f4babfedcde5332b9f578/op/subtract-yearMonthDurations.xml#L181	Unsupported function fn:number#1
op-subtract-yearMonthDurations	cbcl-subtract-yearMonthDurations-001	https://github.com/w3c/qt3tests/blob/201a6e466940cdfc727f4babfedcde5332b9f578/op/subtract-yearMonthDurations.xml#L496	Unsupported dependencies spec XQ10+
op-subtract-yearMonthDurations	cbcl-subtract-yearMonthDurations-002	https://github.com/w3c/qt3tests/blob/201a6e466940cdfc727f4babfedcde5332b9f578/op/subtract-yearMonthDurations.xml#L508	Unsupported dependencies spec XQ10+
op-subtract-yearMonthDurations	cbcl-subtract-yearMonthDurations-003	https://github.com/w3c/qt3tests/blob/201a6e466940cdfc727f4babfedcde5332b9f578/op/subtract-yearMonthDurations.xml#L520	Unsupported dependencies spec XQ10+
op-time-equal	cbcl-time-equal-001	https://github.com/w3c/qt3tests/blob/201a6e466940cdfc727f4babfedcde5332b9f578/op/time-equal.xml#L682	Unsupported dependencies spec XQ10+
op-time-equal	cbcl-time-equal-006	https://github.com/w3c/qt3tests/blob/201a6e466940cdfc727f4babfedcde5332b9f578/op/time-equal.xml#L731	Unsupported dependencies spec XQ10+
op-time-equal	cbcl-time-equal-011	https://github.com/w3c/qt3tests/blob/201a6e466940cdfc727f4babfedcde5332b9f578/op/time-equal.xml#L780	Unsupported dependencies spec XQ10+
op-time-equal	cbcl-time-equal-012	https://github.com/w3c/qt3tests/blob/201a6e466940cdfc727f4babfedcde5332b9f578/op/time-equal.xml#L792	Unsupported dependencies spec XQ10+
op-time-equal	cbcl-time-equal-013	https://github.com/w3c/qt3tests/blob/201a6e466940cdfc727f4babfedcde5332b9f578/op/time-equal.xml#L804	Unsupported dependencies spec XQ10+
op-time-equal	cbcl-time-equal-014	https://github.com/w3c/qt3tests/blob/201a6e466940cdfc727f4babfedcde5332b9f578/op/time-equal.xml#L816	Unsupported dependencies spec XQ10+
op-time-equal	cbcl-time-equal-019	https://github.com/w3c/qt3tests/blob/201a6e466940cdfc727f4babfedcde5332b9f578/op/time-equal.xml#L846	Unsupported function fn:implicit-timezone#0
op-time-greater-than	cbcl-time-greater-than-001	https://github.com/w3c/qt3tests/blob/201a6e466940cdfc727f4babfedcde5332b9f578/op/time-greater-than.xml#L503	Unsupported dependencies spec XQ10+
op-time-greater-than	cbcl-time-greater-than-004	https://github.com/w3c/qt3tests/blob/201a6e466940cdfc727f4babfedcde5332b9f578/op/time-greater-than.xml#L534	Unsupported function fn:implicit-timezone#0
op-time-greater-than	cbcl-time-greater-than-005	https://github.com/w3c/qt3tests/blob/201a6e466940cdfc727f4babfedcde5332b9f578/op/time-greater-than.xml#L546	Unsupported function fn:implicit-timezone#0
op-time-greater-than	cbcl-time-greater-than-006	https://github.com/w3c/qt3tests/blob/201a6e466940cdfc727f4babfedcde5332b9f578/op/time-greater-than.xml#L558	Unsupported dependencies spec XQ10+
op-time-greater-than	cbcl-time-greater-than-009	https://github.com/w3c/qt3tests/blob/201a6e466940cdfc727f4babfedcde5332b9f578/op/time-greater-than.xml#L589	Unsupported function fn:implicit-timezone#0
op-time-greater-than	cbcl-time-greater-than-010	https://github.com/w3c/qt3tests/blob/201a6e466940cdfc727f4babfedcde5332b9f578/op/time-greater-than.xml#L601	Unsupported function fn:implicit-timezone#0
op-time-greater-than	cbcl-time-greater-than-011	https://github.com/w3c/qt3tests/blob/201a6e466940cdfc727f4babfedcde5332b9f578/op/time-greater-than.xml#L613	Unsupported dependencies spec XQ10+
op-time-greater-than	cbcl-time-greater-than-012	https://github.com/w3c/qt3tests/blob/201a6e466940cdfc727f4babfedcde5332b9f578/op/time-greater-than.xml#L625	Unsupported dependencies spec XQ10+
op-time-greater-than	cbcl-time-greater-than-013	https://github.com/w3c/qt3tests/blob/201a6e466940cdfc727f4babfedcde5332b9f578/op/time-greater-than.xml#L637	Unsupported dependencies spec XQ10+
op-time-greater-than	cbcl-time-greater-than-014	https://github.com/w3c/qt3tests/blob/201a6e466940cdfc727f4babfedcde5332b9f578/op/time-greater-than.xml#L649	Unsupported dependencies spec XQ10+
op-time-less-than	cbcl-time-less-than-001	https://github.com/w3c/qt3tests/blob/201a6e466940cdfc727f4babfedcde5332b9f578/op/time-less-than.xml#L501	Unsupported dependencies spec XQ10+
op-time-less-than	cbcl-time-less-than-004	https://github.com/w3c/qt3tests/blob/201a6e466940cdfc727f4babfedcde5332b9f578/op/time-less-than.xml#L532	Unsupported function fn:implicit-timezone#0
op-time-less-than	cbcl-time-less-than-005	https://github.com/w3c/qt3tests/blob/201a6e466940cdfc727f4babfedcde5332b9f578/op/time-less-than.xml#L544	Unsupported function fn:implicit-timezone#0
op-time-less-than	cbcl-time-less-than-006	https://github.com/w3c/qt3tests/blob/201a6e466940cdfc727f4babfedcde5332b9f578/op/time-less-than.xml#L556	Unsupported dependencies spec XQ10+
op-time-less-than	cbcl-time-less-than-009	https://github.com/w3c/qt3tests/blob/201a6e466940cdfc727f4babfedcde5332b9f578/op/time-less-than.xml#L587	Unsupported function fn:implicit-timezone#0
op-time-less-than	cbcl-time-less-than-010	https://github.com/w3c/qt3tests/blob/201a6e466940cdfc727f4babfedcde5332b9f578/op/time-less-than.xml#L599	Unsupported function fn:implicit-timezone#0
op-time-less-than	cbcl-time-less-than-011	https://github.com/w3c/qt3tests/blob/201a6e466940cdfc727f4babfedcde5332b9f578/op/time-less-than.xml#L611	Unsupported dependencies spec XQ10+
op-time-less-than	cbcl-time-less-than-012	https://github.com/w3c/qt3tests/blob/201a6e466940cdfc727f4babfedcde5332b9f578/op/time-less-than.xml#L623	Unsupported dependencies spec XQ10+
op-time-less-than	cbcl-time-less-than-013	https://github.com/w3c/qt3tests/blob/201a6e466940cdfc727f4babfedcde5332b9f578/op/time-less-than.xml#L635	Unsupported dependencies spec XQ10+
op-time-less-than	cbcl-time-less-than-014	https://github.com/w3c/qt3tests/blob/201a6e466940cdfc727f4babfedcde5332b9f578/op/time-less-than.xml#L647	Unsupported dependencies spec XQ10+
op-yearMonthDuration-greater-than	cbcl-yearMonthDuration-greater-than-001	https://github.com/w3c/qt3tests/blob/201a6e466940cdfc727f4babfedcde5332b9f578/op/yearMonthDuration-greater-than.xml#L471	Unsupported dependencies spec XQ10+
op-yearMonthDuration-greater-than	cbcl-yearMonthDuration-greater-than-002	https://github.com/w3c/qt3tests/blob/201a6e466940cdfc727f4babfedcde5332b9f578/op/yearMonthDuration-greater-than.xml#L483	Unsupported dependencies spec XQ10+
op-yearMonthDuration-greater-than	cbcl-yearMonthDuration-greater-than-003	https://github.com/w3c/qt3tests/blob/201a6e466940cdfc727f4babfedcde5332b9f578/op/yearMonthDuration-greater-than.xml#L495	Unsupported dependencies spec XQ10+
op-yearMonthDuration-greater-than	cbcl-yearMonthDuration-greater-than-004	https://github.com/w3c/qt3tests/blob/201a6e466940cdfc727f4babfedcde5332b9f578/op/yearMonthDuration-greater-than.xml#L507	Unsupported dependencies spec XQ10+
op-yearMonthDuration-greater-than	cbcl-yearMonthDuration-greater-than-005	https://github.com/w3c/qt3tests/blob/201a6e466940cdfc727f4babfedcde5332b9f578/op/yearMonthDuration-greater-than.xml#L519	Unsupported dependencies spec XQ10+
op-yearMonthDuration-greater-than	cbcl-yearMonthDuration-greater-than-006	https://github.com/w3c/qt3tests/blob/201a6e466940cdfc727f4babfedcde5332b9f578/op/yearMonthDuration-greater-than.xml#L531	Unsupported dependencies spec XQ10+
op-yearMonthDuration-less-than	cbcl-yearMonthDuration-less-than-001	https://github.com/w3c/qt3tests/blob/201a6e466940cdfc727f4babfedcde5332b9f578/op/yearMonthDuration-less-than.xml#L471	Unsupported dependencies spec XQ10+
op-yearMonthDuration-less-than	cbcl-yearMonthDuration-less-than-002	https://github.com/w3c/qt3tests/blob/201a6e466940cdfc727f4babfedcde5332b9f578/op/yearMonthDuration-less-than.xml#L483	Unsupported dependencies spec XQ10+
op-yearMonthDuration-less-than	cbcl-yearMonthDuration-less-than-003	https://github.com/w3c/qt3tests/blob/201a6e466940cdfc727f4babfedcde5332b9f578/op/yearMonthDuration-less-than.xml#L495	Unsupported dependencies spec XQ10+
op-yearMonthDuration-less-than	cbcl-yearMonthDuration-less-than-004	https://github.com/w3c/qt3tests/blob/201a6e466940cdfc727f4babfedcde5332b9f578/op/yearMonthDuration-less-than.xml#L507	Unsupported dependencies spec XQ10+
op-yearMonthDuration-less-than	cbcl-yearMonthDuration-less-than-005	https://github.com/w3c/qt3tests/blob/201a6e466940cdfc727f4babfedcde5332b9f578/op/yearMonthDuration-less-than.xml#L519	Unsupported dependencies spec XQ10+
op-yearMonthDuration-less-than	cbcl-yearMonthDuration-less-than-006	https://github.com/w3c/qt3tests/blob/201a6e466940cdfc727f4babfedcde5332b9f578/op/yearMonthDuration-less-than.xml#L531	Unsupported dependencies spec XQ10+
prod-CastExpr	casthc43	https://github.com/w3c/qt3tests/blob/201a6e466940cdfc727f4babfedcde5332b9f578/prod/CastExpr.xml#L393	Unsupported cast type xs:NOTATION
prod-CastExpr	CastAs001	https://github.com/w3c/qt3tests/blob/201a6e466940cdfc727f4babfedcde5332b9f578/prod/CastExpr.xml#L402	Unsupported cast type xs:untypedAtomic
prod-CastExpr	CastAs002	https://github.com/w3c/qt3tests/blob/201a6e466940cdfc727f4babfedcde5332b9f578/prod/CastExpr.xml#L411	Unsupported cast type xs:untypedAtomic
prod-CastExpr	CastAs003	https://github.com/w3c/qt3tests/blob/201a6e466940cdfc727f4babfedcde5332b9f578/prod/CastExpr.xml#L420	Unsupported cast type xs:untypedAtomic
prod-CastExpr	CastAs004	https://github.com/w3c/qt3tests/blob/201a6e466940cdfc727f4babfedcde5332b9f578/prod/CastExpr.xml#L429	Unsupported cast type xs:untypedAtomic
prod-CastExpr	CastAs005	https://github.com/w3c/qt3tests/blob/201a6e466940cdfc727f4babfedcde5332b9f578/prod/CastExpr.xml#L438	Unsupported cast type xs:untypedAtomic
prod-CastExpr	CastAs006	https://github.com/w3c/qt3tests/blob/201a6e466940cdfc727f4babfedcde5332b9f578/prod/CastExpr.xml#L447	Unsupported cast type xs:untypedAtomic
prod-CastExpr	CastAs007	https://github.com/w3c/qt3tests/blob/201a6e466940cdfc727f4babfedcde5332b9f578/prod/CastExpr.xml#L456	Unsupported cast type xs:untypedAtomic
prod-CastExpr	CastAs008	https://github.com/w3c/qt3tests/blob/201a6e466940cdfc727f4babfedcde5332b9f578/prod/CastExpr.xml#L465	Unsupported cast type xs:untypedAtomic
prod-CastExpr	CastAs009	https://github.com/w3c/qt3tests/blob/201a6e466940cdfc727f4babfedcde5332b9f578/prod/CastExpr.xml#L474	Unsupported cast type xs:untypedAtomic
prod-CastExpr	CastAs010	https://github.com/w3c/qt3tests/blob/201a6e466940cdfc727f4babfedcde5332b9f578/prod/CastExpr.xml#L483	Unsupported cast type xs:untypedAtomic
prod-CastExpr	CastAs011	https://github.com/w3c/qt3tests/blob/201a6e466940cdfc727f4babfedcde5332b9f578/prod/CastExpr.xml#L492	Unsupported cast type xs:untypedAtomic
prod-CastExpr	CastAs012	https://github.com/w3c/qt3tests/blob/201a6e466940cdfc727f4babfedcde5332b9f578/prod/CastExpr.xml#L501	Unsupported cast type xs:untypedAtomic
prod-CastExpr	CastAs013	https://github.com/w3c/qt3tests/blob/201a6e466940cdfc727f4babfedcde5332b9f578/prod/CastExpr.xml#L510	Unsupported cast type xs:untypedAtomic
prod-CastExpr	CastAs014	https://github.com/w3c/qt3tests/blob/201a6e466940cdfc727f4babfedcde5332b9f578/prod/CastExpr.xml#L519	Unsupported cast type xs:untypedAtomic
prod-CastExpr	CastAs015	https://github.com/w3c/qt3tests/blob/201a6e466940cdfc727f4babfedcde5332b9f578/prod/CastExpr.xml#L528	Unsupported cast type xs:untypedAtomic
prod-CastExpr	CastAs016	https://github.com/w3c/qt3tests/blob/201a6e466940cdfc727f4babfedcde5332b9f578/prod/CastExpr.xml#L537	Unsupported cast type xs:untypedAtomic
prod-CastExpr	CastAs017	https://github.com/w3c/qt3tests/blob/201a6e466940cdfc727f4babfedcde5332b9f578/prod/CastExpr.xml#L546	Unsupported cast type xs:untypedAtomic
prod-CastExpr	CastAs018	https://github.com/w3c/qt3tests/blob/201a6e466940cdfc727f4babfedcde5332b9f578/prod/CastExpr.xml#L555	Unsupported cast type xs:untypedAtomic
prod-CastExpr	CastAs019	https://github.com/w3c/qt3tests/blob/201a6e466940cdfc727f4babfedcde5332b9f578/prod/CastExpr.xml#L564	Unsupported cast type xs:untypedAtomic
prod-CastExpr	CastAs020	https://github.com/w3c/qt3tests/blob/201a6e466940cdfc727f4babfedcde5332b9f578/prod/CastExpr.xml#L573	Unsupported cast type xs:untypedAtomic
prod-CastExpr	CastAs021	https://github.com/w3c/qt3tests/blob/201a6e466940cdfc727f4babfedcde5332b9f578/prod/CastExpr.xml#L582	Unsupported cast type xs:untypedAtomic
prod-CastExpr	CastAs022	https://github.com/w3c/qt3tests/blob/201a6e466940cdfc727f4babfedcde5332b9f578/prod/CastExpr.xml#L591	Unsupported cast type xs:untypedAtomic
prod-CastExpr	CastAs023	https://github.com/w3c/qt3tests/blob/201a6e466940cdfc727f4babfedcde5332b9f578/prod/CastExpr.xml#L600	Unsupported cast type xs:untypedAtomic
prod-CastExpr	CastAs024	https://github.com/w3c/qt3tests/blob/201a6e466940cdfc727f4babfedcde5332b9f578/prod/CastExpr.xml#L609	Unsupported cast type xs:untypedAtomic
prod-CastExpr	CastAs025	https://github.com/w3c/qt3tests/blob/201a6e466940cdfc727f4babfedcde5332b9f578/prod/CastExpr.xml#L618	Unsupported cast type xs:untypedAtomic
prod-CastExpr	CastAs026	https://github.com/w3c/qt3tests/blob/201a6e466940cdfc727f4babfedcde5332b9f578/prod/CastExpr.xml#L627	Unsupported cast type xs:untypedAtomic
prod-CastExpr	CastAs027	https://github.com/w3c/qt3tests/blob/201a6e466940cdfc727f4babfedcde5332b9f578/prod/CastExpr.xml#L636	Unsupported cast type xs:untypedAtomic
prod-CastExpr	CastAs028	https://github.com/w3c/qt3tests/blob/201a6e466940cdfc727f4babfedcde5332b9f578/prod/CastExpr.xml#L645	Unsupported cast type xs:untypedAtomic
prod-CastExpr	CastAs029	https://github.com/w3c/qt3tests/blob/201a6e466940cdfc727f4babfedcde5332b9f578/prod/CastExpr.xml#L654	Unsupported cast type xs:untypedAtomic
prod-CastExpr	CastAs030	https://github.com/w3c/qt3tests/blob/201a6e466940cdfc727f4babfedcde5332b9f578/prod/CastExpr.xml#L663	Unsupported cast type xs:untypedAtomic
prod-CastExpr	CastAs031	https://github.com/w3c/qt3tests/blob/201a6e466940cdfc727f4babfedcde5332b9f578/prod/CastExpr.xml#L672	Unsupported cast type xs:untypedAtomic
prod-CastExpr	CastAs032	https://github.com/w3c/qt3tests/blob/201a6e466940cdfc727f4babfedcde5332b9f578/prod/CastExpr.xml#L681	Unsupported cast type xs:untypedAtomic
prod-CastExpr	CastAs033	https://github.com/w3c/qt3tests/blob/201a6e466940cdfc727f4babfedcde5332b9f578/prod/CastExpr.xml#L690	Unsupported cast type xs:untypedAtomic
prod-CastExpr	CastAs034	https://github.com/w3c/qt3tests/blob/201a6e466940cdfc727f4babfedcde5332b9f578/prod/CastExpr.xml#L699	Unsupported cast type xs:untypedAtomic
prod-CastExpr	CastAs035	https://github.com/w3c/qt3tests/blob/201a6e466940cdfc727f4babfedcde5332b9f578/prod/CastExpr.xml#L708	Unsupported cast type xs:untypedAtomic
prod-CastExpr	CastAs036	https://github.com/w3c/qt3tests/blob/201a6e466940cdfc727f4babfedcde5332b9f578/prod/CastExpr.xml#L717	Unsupported cast type xs:untypedAtomic
prod-CastExpr	CastAs037	https://github.com/w3c/qt3tests/blob/201a6e466940cdfc727f4babfedcde5332b9f578/prod/CastExpr.xml#L726	Unsupported cast type xs:untypedAtomic
prod-CastExpr	CastAs038	https://github.com/w3c/qt3tests/blob/201a6e466940cdfc727f4babfedcde5332b9f578/prod/CastExpr.xml#L735	Unsupported cast type xs:untypedAtomic
prod-CastExpr	CastAs039	https://github.com/w3c/qt3tests/blob/201a6e466940cdfc727f4babfedcde5332b9f578/prod/CastExpr.xml#L744	Unsupported cast type xs:untypedAtomic
prod-CastExpr	CastAs040	https://github.com/w3c/qt3tests/blob/201a6e466940cdfc727f4babfedcde5332b9f578/prod/CastExpr.xml#L753	Unsupported cast type xs:untypedAtomic
prod-CastExpr	CastAs041	https://github.com/w3c/qt3tests/blob/201a6e466940cdfc727f4babfedcde5332b9f578/prod/CastExpr.xml#L762	Unsupported cast type xs:untypedAtomic
prod-CastExpr	CastAs042	https://github.com/w3c/qt3tests/blob/201a6e466940cdfc727f4babfedcde5332b9f578/prod/CastExpr.xml#L771	Unsupported cast type xs:untypedAtomic
prod-CastExpr	CastAs043	https://github.com/w3c/qt3tests/blob/201a6e466940cdfc727f4babfedcde5332b9f578/prod/CastExpr.xml#L780	Unsupported cast type xs:untypedAtomic
prod-CastExpr	CastAs044	https://github.com/w3c/qt3tests/blob/201a6e466940cdfc727f4babfedcde5332b9f578/prod/CastExpr.xml#L789	Unsupported cast type xs:untypedAtomic
prod-CastExpr	CastAs045	https://github.com/w3c/qt3tests/blob/201a6e466940cdfc727f4babfedcde5332b9f578/prod/CastExpr.xml#L798	Unsupported cast type xs:untypedAtomic
prod-CastExpr	CastAs046	https://github.com/w3c/qt3tests/blob/201a6e466940cdfc727f4babfedcde5332b9f578/prod/CastExpr.xml#L807	Unsupported cast type xs:untypedAtomic
prod-CastExpr	CastAs047	https://github.com/w3c/qt3tests/blob/201a6e466940cdfc727f4babfedcde5332b9f578/prod/CastExpr.xml#L816	Unsupported cast type xs:untypedAtomic
prod-CastExpr	CastAs048	https://github.com/w3c/qt3tests/blob/201a6e466940cdfc727f4babfedcde5332b9f578/prod/CastExpr.xml#L825	Unsupported cast type xs:untypedAtomic
prod-CastExpr	CastAs049	https://github.com/w3c/qt3tests/blob/201a6e466940cdfc727f4babfedcde5332b9f578/prod/CastExpr.xml#L834	Unsupported cast type xs:untypedAtomic
prod-CastExpr	CastAs050	https://github.com/w3c/qt3tests/blob/201a6e466940cdfc727f4babfedcde5332b9f578/prod/CastExpr.xml#L843	Unsupported cast type xs:untypedAtomic
prod-CastExpr	CastAs051	https://github.com/w3c/qt3tests/blob/201a6e466940cdfc727f4babfedcde5332b9f578/prod/CastExpr.xml#L852	Unsupported cast type xs:untypedAtomic
prod-CastExpr	CastAs052	https://github.com/w3c/qt3tests/blob/201a6e466940cdfc727f4babfedcde5332b9f578/prod/CastExpr.xml#L861	Unsupported cast type xs:untypedAtomic
prod-CastExpr	CastAs053	https://github.com/w3c/qt3tests/blob/201a6e466940cdfc727f4babfedcde5332b9f578/prod/CastExpr.xml#L870	Unsupported cast type xs:untypedAtomic
prod-CastExpr	CastAs054	https://github.com/w3c/qt3tests/blob/201a6e466940cdfc727f4babfedcde5332b9f578/prod/CastExpr.xml#L879	Unsupported cast type xs:untypedAtomic
prod-CastExpr	CastAs055	https://github.com/w3c/qt3tests/blob/201a6e466940cdfc727f4babfedcde5332b9f578/prod/CastExpr.xml#L888	Unsupported cast type xs:untypedAtomic
prod-CastExpr	CastAs056	https://github.com/w3c/qt3tests/blob/201a6e466940cdfc727f4babfedcde5332b9f578/prod/CastExpr.xml#L897	Unsupported cast type xs:untypedAtomic
prod-CastExpr	CastAs057	https://github.com/w3c/qt3tests/blob/201a6e466940cdfc727f4babfedcde5332b9f578/prod/CastExpr.xml#L906	Unsupported cast type xs:untypedAtomic
prod-CastExpr	CastAs058	https://github.com/w3c/qt3tests/blob/201a6e466940cdfc727f4babfedcde5332b9f578/prod/CastExpr.xml#L915	Unsupported cast type xs:untypedAtomic
prod-CastExpr	CastAs059	https://github.com/w3c/qt3tests/blob/201a6e466940cdfc727f4babfedcde5332b9f578/prod/CastExpr.xml#L924	Unsupported cast type xs:untypedAtomic
prod-CastExpr	CastAs060	https://github.com/w3c/qt3tests/blob/201a6e466940cdfc727f4babfedcde5332b9f578/prod/CastExpr.xml#L933	Unsupported cast type xs:untypedAtomic
prod-CastExpr	CastAs061	https://github.com/w3c/qt3tests/blob/201a6e466940cdfc727f4babfedcde5332b9f578/prod/CastExpr.xml#L942	Unsupported cast type xs:untypedAtomic
prod-CastExpr	CastAs062	https://github.com/w3c/qt3tests/blob/201a6e466940cdfc727f4babfedcde5332b9f578/prod/CastExpr.xml#L951	Unsupported cast type xs:untypedAtomic
prod-CastExpr	CastAs063	https://github.com/w3c/qt3tests/blob/201a6e466940cdfc727f4babfedcde5332b9f578/prod/CastExpr.xml#L960	Unsupported cast type xs:untypedAtomic
prod-CastExpr	CastAs064	https://github.com/w3c/qt3tests/blob/201a6e466940cdfc727f4babfedcde5332b9f578/prod/CastExpr.xml#L969	Unsupported cast type xs:untypedAtomic
prod-CastExpr	CastAs065	https://github.com/w3c/qt3tests/blob/201a6e466940cdfc727f4babfedcde5332b9f578/prod/CastExpr.xml#L978	Unsupported cast type xs:untypedAtomic
prod-CastExpr	CastAs066	https://github.com/w3c/qt3tests/blob/201a6e466940cdfc727f4babfedcde5332b9f578/prod/CastExpr.xml#L987	Unsupported cast type xs:untypedAtomic
prod-CastExpr	CastAs067	https://github.com/w3c/qt3tests/blob/201a6e466940cdfc727f4babfedcde5332b9f578/prod/CastExpr.xml#L996	Unsupported cast type xs:untypedAtomic
prod-CastExpr	CastAs068	https://github.com/w3c/qt3tests/blob/201a6e466940cdfc727f4babfedcde5332b9f578/prod/CastExpr.xml#L1005	Unsupported cast type xs:untypedAtomic
prod-CastExpr	CastAs069	https://github.com/w3c/qt3tests/blob/201a6e466940cdfc727f4babfedcde5332b9f578/prod/CastExpr.xml#L1014	Unsupported cast type xs:untypedAtomic
prod-CastExpr	CastAs070	https://github.com/w3c/qt3tests/blob/201a6e466940cdfc727f4babfedcde5332b9f578/prod/CastExpr.xml#L1023	Unsupported cast type xs:untypedAtomic
prod-CastExpr	CastAs071	https://github.com/w3c/qt3tests/blob/201a6e466940cdfc727f4babfedcde5332b9f578/prod/CastExpr.xml#L1032	Unsupported cast type xs:untypedAtomic
prod-CastExpr	CastAs072	https://github.com/w3c/qt3tests/blob/201a6e466940cdfc727f4babfedcde5332b9f578/prod/CastExpr.xml#L1041	Unsupported cast type xs:untypedAtomic
prod-CastExpr	CastAs073	https://github.com/w3c/qt3tests/blob/201a6e466940cdfc727f4babfedcde5332b9f578/prod/CastExpr.xml#L1050	Unsupported cast type xs:untypedAtomic
prod-CastExpr	CastAs074	https://github.com/w3c/qt3tests/blob/201a6e466940cdfc727f4babfedcde5332b9f578/prod/CastExpr.xml#L1059	Unsupported cast type xs:untypedAtomic
prod-CastExpr	CastAs075	https://github.com/w3c/qt3tests/blob/201a6e466940cdfc727f4babfedcde5332b9f578/prod/CastExpr.xml#L1068	Unsupported cast type xs:untypedAtomic
prod-CastExpr	CastAs076	https://github.com/w3c/qt3tests/blob/201a6e466940cdfc727f4babfedcde5332b9f578/prod/CastExpr.xml#L1077	Unsupported cast type xs:untypedAtomic
prod-CastExpr	CastAs077	https://github.com/w3c/qt3tests/blob/201a6e466940cdfc727f4babfedcde5332b9f578/prod/CastExpr.xml#L1086	Unsupported cast type xs:untypedAtomic
prod-CastExpr	CastAs078	https://github.com/w3c/qt3tests/blob/201a6e466940cdfc727f4babfedcde5332b9f578/prod/CastExpr.xml#L1095	Unsupported cast type xs:untypedAtomic
prod-CastExpr	CastAs079	https://github.com/w3c/qt3tests/blob/201a6e466940cdfc727f4babfedcde5332b9f578/prod/CastExpr.xml#L1104	Unsupported cast type xs:untypedAtomic
prod-CastExpr	CastAs080	https://github.com/w3c/qt3tests/blob/201a6e466940cdfc727f4babfedcde5332b9f578/prod/CastExpr.xml#L1113	Unsupported cast type xs:untypedAtomic
prod-CastExpr	CastAs081	https://github.com/w3c/qt3tests/blob/201a6e466940cdfc727f4babfedcde5332b9f578/prod/CastExpr.xml#L1122	Unsupported cast type xs:untypedAtomic
prod-CastExpr	CastAs082	https://github.com/w3c/qt3tests/blob/201a6e466940cdfc727f4babfedcde5332b9f578/prod/CastExpr.xml#L1131	Unsupported cast type xs:untypedAtomic
prod-CastExpr	CastAs083	https://github.com/w3c/qt3tests/blob/201a6e466940cdfc727f4babfedcde5332b9f578/prod/CastExpr.xml#L1140	Unsupported cast type xs:untypedAtomic
prod-CastExpr	CastAs084	https://github.com/w3c/qt3tests/blob/201a6e466940cdfc727f4babfedcde5332b9f578/prod/CastExpr.xml#L1149	Unsupported cast type xs:untypedAtomic
prod-CastExpr	CastAs085	https://github.com/w3c/qt3tests/blob/201a6e466940cdfc727f4babfedcde5332b9f578/prod/CastExpr.xml#L1158	Unsupported cast type xs:untypedAtomic
prod-CastExpr	CastAs132	https://github.com/w3c/qt3tests/blob/201a6e466940cdfc727f4babfedcde5332b9f578/prod/CastExpr.xml#L1581	Unsupported cast type xs:gYearMonth
prod-CastExpr	CastAs133	https://github.com/w3c/qt3tests/blob/201a6e466940cdfc727f4babfedcde5332b9f578/prod/CastExpr.xml#L1590	Unsupported cast type xs:gYearMonth
prod-CastExpr	CastAs134	https://github.com/w3c/qt3tests/blob/201a6e466940cdfc727f4babfedcde5332b9f578/prod/CastExpr.xml#L1599	Unsupported cast type xs:gYearMonth
prod-CastExpr	CastAs135	https://github.com/w3c/qt3tests/blob/201a6e466940cdfc727f4babfedcde5332b9f578/prod/CastExpr.xml#L1608	Unsupported cast type xs:gYearMonth
prod-CastExpr	CastAs136	https://github.com/w3c/qt3tests/blob/201a6e466940cdfc727f4babfedcde5332b9f578/prod/CastExpr.xml#L1617	Unsupported cast type xs:gYear
prod-CastExpr	CastAs137	https://github.com/w3c/qt3tests/blob/201a6e466940cdfc727f4babfedcde5332b9f578/prod/CastExpr.xml#L1626	Unsupported cast type xs:gYear
prod-CastExpr	CastAs138	https://github.com/w3c/qt3tests/blob/201a6e466940cdfc727f4babfedcde5332b9f578/prod/CastExpr.xml#L1635	Unsupported cast type xs:gYear
prod-CastExpr	CastAs139	https://github.com/w3c/qt3tests/blob/201a6e466940cdfc727f4babfedcde5332b9f578/prod/CastExpr.xml#L1644	Unsupported cast type xs:gYear
prod-CastExpr	CastAs140	https://github.com/w3c/qt3tests/blob/201a6e466940cdfc727f4babfedcde5332b9f578/prod/CastExpr.xml#L1653	Unsupported cast type xs:gMonthDay
prod-CastExpr	CastAs141	https://github.com/w3c/qt3tests/blob/201a6e466940cdfc727f4babfedcde5332b9f578/prod/CastExpr.xml#L1662	Unsupported cast type xs:gMonthDay
prod-CastExpr	CastAs142	https://github.com/w3c/qt3tests/blob/201a6e466940cdfc727f4babfedcde5332b9f578/prod/CastExpr.xml#L1671	Unsupported cast type xs:gMonthDay
prod-CastExpr	CastAs143	https://github.com/w3c/qt3tests/blob/201a6e466940cdfc727f4babfedcde5332b9f578/prod/CastExpr.xml#L1680	Unsupported cast type xs:gMonthDay
prod-CastExpr	CastAs144	https://github.com/w3c/qt3tests/blob/201a6e466940cdfc727f4babfedcde5332b9f578/prod/CastExpr.xml#L1689	Unsupported cast type xs:gDay
prod-CastExpr	CastAs145	https://github.com/w3c/qt3tests/blob/201a6e466940cdfc727f4babfedcde5332b9f578/prod/CastExpr.xml#L1698	Unsupported cast type xs:gDay
prod-CastExpr	CastAs146	https://github.com/w3c/qt3tests/blob/201a6e466940cdfc727f4babfedcde5332b9f578/prod/CastExpr.xml#L1707	Unsupported cast type xs:gDay
prod-CastExpr	CastAs147	https://github.com/w3c/qt3tests/blob/201a6e466940cdfc727f4babfedcde5332b9f578/prod/CastExpr.xml#L1716	Unsupported cast type xs:gDay
prod-CastExpr	CastAs148	https://github.com/w3c/qt3tests/blob/201a6e466940cdfc727f4babfedcde5332b9f578/prod/CastExpr.xml#L1725	Unsupported cast type xs:gMonth
prod-CastExpr	CastAs149	https://github.com/w3c/qt3tests/blob/201a6e466940cdfc727f4babfedcde5332b9f578/prod/CastExpr.xml#L1734	Unsupported cast type xs:gMonth
prod-CastExpr	CastAs150	https://github.com/w3c/qt3tests/blob/201a6e466940cdfc727f4babfedcde5332b9f578/prod/CastExpr.xml#L1743	Unsupported cast type xs:gMonth
prod-CastExpr	CastAs151	https://github.com/w3c/qt3tests/blob/201a6e466940cdfc727f4babfedcde5332b9f578/prod/CastExpr.xml#L1752	Unsupported cast type xs:gMonth
prod-CastExpr	CastAs155	https://github.com/w3c/qt3tests/blob/201a6e466940cdfc727f4babfedcde5332b9f578/prod/CastExpr.xml#L1788	Unsupported cast type xs:base64Binary
prod-CastExpr	CastAs156	https://github.com/w3c/qt3tests/blob/201a6e466940cdfc727f4babfedcde5332b9f578/prod/CastExpr.xml#L1797	Unsupported cast type xs:base64Binary
prod-CastExpr	CastAs157	https://github.com/w3c/qt3tests/blob/201a6e466940cdfc727f4babfedcde5332b9f578/prod/CastExpr.xml#L1806	Unsupported cast type xs:base64Binary
prod-CastExpr	CastAs158	https://github.com/w3c/qt3tests/blob/201a6e466940cdfc727f4babfedcde5332b9f578/prod/CastExpr.xml#L1815	Unsupported cast type xs:hexBinary
prod-CastExpr	CastAs159	https://github.com/w3c/qt3tests/blob/201a6e466940cdfc727f4babfedcde5332b9f578/prod/CastExpr.xml#L1824	Unsupported cast type xs:hexBinary
prod-CastExpr	CastAs160	https://github.com/w3c/qt3tests/blob/201a6e466940cdfc727f4babfedcde5332b9f578/prod/CastExpr.xml#L1833	Unsupported cast type xs:hexBinary
prod-CastExpr	CastAs161	https://github.com/w3c/qt3tests/blob/201a6e466940cdfc727f4babfedcde5332b9f578/prod/CastExpr.xml#L1842	Unsupported cast type xs:hexBinary
prod-CastExpr	CastAs162	https://github.com/w3c/qt3tests/blob/201a6e466940cdfc727f4babfedcde5332b9f578/prod/CastExpr.xml#L1851	Unsupported cast type xs:anyURI
prod-CastExpr	CastAs163	https://github.com/w3c/qt3tests/blob/201a6e466940cdfc727f4babfedcde5332b9f578/prod/CastExpr.xml#L1860	Unsupported cast type xs:anyURI
prod-CastExpr	CastAs164	https://github.com/w3c/qt3tests/blob/201a6e466940cdfc727f4babfedcde5332b9f578/prod/CastExpr.xml#L1869	Unsupported cast type xs:anyURI
prod-CastExpr	CastAs165	https://github.com/w3c/qt3tests/blob/201a6e466940cdfc727f4babfedcde5332b9f578/prod/CastExpr.xml#L1878	Unsupported cast type xs:untypedAtomic
prod-CastExpr	CastAs166	https://github.com/w3c/qt3tests/blob/201a6e466940cdfc727f4babfedcde5332b9f578/prod/CastExpr.xml#L1887	Unsupported cast type xs:untypedAtomic
prod-CastExpr	CastAs177	https://github.com/w3c/qt3tests/blob/201a6e466940cdfc727f4babfedcde5332b9f578/prod/CastExpr.xml#L1989	Unsupported function fn:round-half-to-even#2
prod-CastExpr	CastAs187	https://github.com/w3c/qt3tests/blob/201a6e466940cdfc727f4babfedcde5332b9f578/prod/CastExpr.xml#L2094	Unsupported cast type xs:gYearMonth
prod-CastExpr	CastAs188	https://github.com/w3c/qt3tests/blob/201a6e466940cdfc727f4babfedcde5332b9f578/prod/CastExpr.xml#L2106	Unsupported cast type xs:gYear
prod-CastExpr	CastAs189	https://github.com/w3c/qt3tests/blob/201a6e466940cdfc727f4babfedcde5332b9f578/prod/CastExpr.xml#L2118	Unsupported cast type xs:gMonthDay
prod-CastExpr	CastAs190	https://github.com/w3c/qt3tests/blob/201a6e466940cdfc727f4babfedcde5332b9f578/prod/CastExpr.xml#L2130	Unsupported cast type xs:gDay
prod-CastExpr	CastAs191	https://github.com/w3c/qt3tests/blob/201a6e466940cdfc727f4babfedcde5332b9f578/prod/CastExpr.xml#L2142	Unsupported cast type xs:gMonth
prod-CastExpr	CastAs196	https://github.com/w3c/qt3tests/blob/201a6e466940cdfc727f4babfedcde5332b9f578/prod/CastExpr.xml#L2190	Unsupported cast type xs:base64Binary
prod-CastExpr	CastAs197	https://github.com/w3c/qt3tests/blob/201a6e466940cdfc727f4babfedcde5332b9f578/prod/CastExpr.xml#L2202	Unsupported cast type xs:hexBinary
prod-CastExpr	CastAs198	https://github.com/w3c/qt3tests/blob/201a6e466940cdfc727f4babfedcde5332b9f578/prod/CastExpr.xml#L2214	Unsupported cast type xs:anyURI
prod-CastExpr	CastAs199	https://github.com/w3c/qt3tests/blob/201a6e466940cdfc727f4babfedcde5332b9f578/prod/CastExpr.xml#L2226	Unsupported cast type xs:untypedAtomic
prod-CastExpr	CastAs200	https://github.com/w3c/qt3tests/blob/201a6e466940cdfc727f4babfedcde5332b9f578/prod/CastExpr.xml#L2235	Unsupported cast type xs:untypedAtomic
prod-CastExpr	CastAs212	https://github.com/w3c/qt3tests/blob/201a6e466940cdfc727f4babfedcde5332b9f578/prod/CastExpr.xml#L2346	Unsupported function fn:round-half-to-even#2
prod-CastExpr	CastAs225	https://github.com/w3c/qt3tests/blob/201a6e466940cdfc727f4babfedcde5332b9f578/prod/CastExpr.xml#L2466	Unsupported cast type xs:gYearMonth
prod-CastExpr	CastAs226	https://github.com/w3c/qt3tests/blob/201a6e466940cdfc727f4babfedcde5332b9f578/prod/CastExpr.xml#L2475	Unsupported cast type xs:gYear
prod-CastExpr	CastAs227	https://github.com/w3c/qt3tests/blob/201a6e466940cdfc727f4babfedcde5332b9f578/prod/CastExpr.xml#L2484	Unsupported cast type xs:gMonthDay
prod-CastExpr	CastAs228	https://github.com/w3c/qt3tests/blob/201a6e466940cdfc727f4babfedcde5332b9f578/prod/CastExpr.xml#L2493	Unsupported cast type xs:gDay
prod-CastExpr	CastAs229	https://github.com/w3c/qt3tests/blob/201a6e466940cdfc727f4babfedcde5332b9f578/prod/CastExpr.xml#L2502	Unsupported cast type xs:gMonth
prod-CastExpr	CastAs231	https://github.com/w3c/qt3tests/blob/201a6e466940cdfc727f4babfedcde5332b9f578/prod/CastExpr.xml#L2520	Unsupported cast type xs:base64Binary
prod-CastExpr	CastAs232	https://github.com/w3c/qt3tests/blob/201a6e466940cdfc727f4babfedcde5332b9f578/prod/CastExpr.xml#L2529	Unsupported cast type xs:hexBinary
prod-CastExpr	CastAs233	https://github.com/w3c/qt3tests/blob/201a6e466940cdfc727f4babfedcde5332b9f578/prod/CastExpr.xml#L2538	Unsupported cast type xs:anyURI
prod-CastExpr	CastAs234	https://github.com/w3c/qt3tests/blob/201a6e466940cdfc727f4babfedcde5332b9f578/prod/CastExpr.xml#L2547	Unsupported cast type xs:untypedAtomic
prod-CastExpr	CastAs247	https://github.com/w3c/qt3tests/blob/201a6e466940cdfc727f4babfedcde5332b9f578/prod/CastExpr.xml#L2664	Unsupported cast type xs:gYearMonth
prod-CastExpr	CastAs248	https://github.com/w3c/qt3tests/blob/201a6e466940cdfc727f4babfedcde5332b9f578/prod/CastExpr.xml#L2673	Unsupported cast type xs:gYear
prod-CastExpr	CastAs249	https://github.com/w3c/qt3tests/blob/201a6e466940cdfc727f4babfedcde5332b9f578/prod/CastExpr.xml#L2682	Unsupported cast type xs:gMonthDay
prod-CastExpr	CastAs250	https://github.com/w3c/qt3tests/blob/201a6e466940cdfc727f4babfedcde5332b9f578/prod/CastExpr.xml#L2691	Unsupported cast type xs:gDay
prod-CastExpr	CastAs251	https://github.com/w3c/qt3tests/blob/201a6e466940cdfc727f4babfedcde5332b9f578/prod/CastExpr.xml#L2700	Unsupported cast type xs:gMonth
prod-CastExpr	CastAs253	https://github.com/w3c/qt3tests/blob/201a6e466940cdfc727f4babfedcde5332b9f578/prod/CastExpr.xml#L2718	Unsupported cast type xs:base64Binary
prod-CastExpr	CastAs254	https://github.com/w3c/qt3tests/blob/201a6e466940cdfc727f4babfedcde5332b9f578/prod/CastExpr.xml#L2727	Unsupported cast type xs:hexBinary
prod-CastExpr	CastAs255	https://github.com/w3c/qt3tests/blob/201a6e466940cdfc727f4babfedcde5332b9f578/prod/CastExpr.xml#L2736	Unsupported cast type xs:anyURI
prod-CastExpr	CastAs256	https://github.com/w3c/qt3tests/blob/201a6e466940cdfc727f4babfedcde5332b9f578/prod/CastExpr.xml#L2745	Unsupported cast type xs:untypedAtomic
prod-CastExpr	CastAs268	https://github.com/w3c/qt3tests/blob/201a6e466940cdfc727f4babfedcde5332b9f578/prod/CastExpr.xml#L2853	Unsupported cast type xs:gYearMonth
prod-CastExpr	CastAs269	https://github.com/w3c/qt3tests/blob/201a6e466940cdfc727f4babfedcde5332b9f578/prod/CastExpr.xml#L2862	Unsupported cast type xs:gYear
prod-CastExpr	CastAs270	https://github.com/w3c/qt3tests/blob/201a6e466940cdfc727f4babfedcde5332b9f578/prod/CastExpr.xml#L2871	Unsupported cast type xs:gMonthDay
prod-CastExpr	CastAs271	https://github.com/w3c/qt3tests/blob/201a6e466940cdfc727f4babfedcde5332b9f578/prod/CastExpr.xml#L2880	Unsupported cast type xs:gDay
prod-CastExpr	CastAs272	https://github.com/w3c/qt3tests/blob/201a6e466940cdfc727f4babfedcde5332b9f578/prod/CastExpr.xml#L2889	Unsupported cast type xs:gMonth
prod-CastExpr	CastAs274	https://github.com/w3c/qt3tests/blob/201a6e466940cdfc727f4babfedcde5332b9f578/prod/CastExpr.xml#L2907	Unsupported cast type xs:base64Binary
prod-CastExpr	CastAs275	https://github.com/w3c/qt3tests/blob/201a6e466940cdfc727f4babfedcde5332b9f578/prod/CastExpr.xml#L2916	Unsupported cast type xs:hexBinary
prod-CastExpr	CastAs276	https://github.com/w3c/qt3tests/blob/201a6e466940cdfc727f4babfedcde5332b9f578/prod/CastExpr.xml#L2925	Unsupported cast type xs:anyURI
prod-CastExpr	CastAs277	https://github.com/w3c/qt3tests/blob/201a6e466940cdfc727f4babfedcde5332b9f578/prod/CastExpr.xml#L2934	Unsupported cast type xs:untypedAtomic
prod-CastExpr	CastAs294	https://github.com/w3c/qt3tests/blob/201a6e466940cdfc727f4babfedcde5332b9f578/prod/CastExpr.xml#L3087	Unsupported cast type xs:gYearMonth
prod-CastExpr	CastAs295	https://github.com/w3c/qt3tests/blob/201a6e466940cdfc727f4babfedcde5332b9f578/prod/CastExpr.xml#L3096	Unsupported cast type xs:gYear
prod-CastExpr	CastAs296	https://github.com/w3c/qt3tests/blob/201a6e466940cdfc727f4babfedcde5332b9f578/prod/CastExpr.xml#L3105	Unsupported cast type xs:gMonthDay
prod-CastExpr	CastAs297	https://github.com/w3c/qt3tests/blob/201a6e466940cdfc727f4babfedcde5332b9f578/prod/CastExpr.xml#L3114	Unsupported cast type xs:gDay
prod-CastExpr	CastAs298	https://github.com/w3c/qt3tests/blob/201a6e466940cdfc727f4babfedcde5332b9f578/prod/CastExpr.xml#L3123	Unsupported cast type xs:gMonth
prod-CastExpr	CastAs300	https://github.com/w3c/qt3tests/blob/201a6e466940cdfc727f4babfedcde5332b9f578/prod/CastExpr.xml#L3141	Unsupported cast type xs:base64Binary
prod-CastExpr	CastAs301	https://github.com/w3c/qt3tests/blob/201a6e466940cdfc727f4babfedcde5332b9f578/prod/CastExpr.xml#L3150	Unsupported cast type xs:hexBinary
prod-CastExpr	CastAs302	https://github.com/w3c/qt3tests/blob/201a6e466940cdfc727f4babfedcde5332b9f578/prod/CastExpr.xml#L3159	Unsupported cast type xs:anyURI
prod-CastExpr	CastAs303	https://github.com/w3c/qt3tests/blob/201a6e466940cdfc727f4babfedcde5332b9f578/prod/CastExpr.xml#L3168	Unsupported cast type xs:untypedAtomic
prod-CastExpr	CastAs316	https://github.com/w3c/qt3tests/blob/201a6e466940cdfc727f4babfedcde5332b9f578/prod/CastExpr.xml#L3285	Unsupported cast type xs:gYearMonth
prod-CastExpr	CastAs317	https://github.com/w3c/qt3tests/blob/201a6e466940cdfc727f4babfedcde5332b9f578/prod/CastExpr.xml#L3294	Unsupported cast type xs:gYear
prod-CastExpr	CastAs318	https://github.com/w3c/qt3tests/blob/201a6e466940cdfc727f4babfedcde5332b9f578/prod/CastExpr.xml#L3303	Unsupported cast type xs:gMonthDay
prod-CastExpr	CastAs319	https://github.com/w3c/qt3tests/blob/201a6e466940cdfc727f4babfedcde5332b9f578/prod/CastExpr.xml#L3312	Unsupported cast type xs:gDay
prod-CastExpr	CastAs320	https://github.com/w3c/qt3tests/blob/201a6e466940cdfc727f4babfedcde5332b9f578/prod/CastExpr.xml#L3321	Unsupported cast type xs:gMonth
prod-CastExpr	CastAs322	https://github.com/w3c/qt3tests/blob/201a6e466940cdfc727f4babfedcde5332b9f578/prod/CastExpr.xml#L3339	Unsupported cast type xs:base64Binary
prod-CastExpr	CastAs323	https://github.com/w3c/qt3tests/blob/201a6e466940cdfc727f4babfedcde5332b9f578/prod/CastExpr.xml#L3348	Unsupported cast type xs:hexBinary
prod-CastExpr	CastAs324	https://github.com/w3c/qt3tests/blob/201a6e466940cdfc727f4babfedcde5332b9f578/prod/CastExpr.xml#L3357	Unsupported cast type xs:anyURI
prod-CastExpr	CastAs325	https://github.com/w3c/qt3tests/blob/201a6e466940cdfc727f4babfedcde5332b9f578/prod/CastExpr.xml#L3366	Unsupported cast type xs:untypedAtomic
prod-CastExpr	CastAs326	https://github.com/w3c/qt3tests/blob/201a6e466940cdfc727f4babfedcde5332b9f578/prod/CastExpr.xml#L3375	Unsupported cast type xs:untypedAtomic
prod-CastExpr	CastAs343	https://github.com/w3c/qt3tests/blob/201a6e466940cdfc727f4babfedcde5332b9f578/prod/CastExpr.xml#L3528	Unsupported cast type xs:gYearMonth
prod-CastExpr	CastAs344	https://github.com/w3c/qt3tests/blob/201a6e466940cdfc727f4babfedcde5332b9f578/prod/CastExpr.xml#L3537	Unsupported cast type xs:gYear
prod-CastExpr	CastAs345	https://github.com/w3c/qt3tests/blob/201a6e466940cdfc727f4babfedcde5332b9f578/prod/CastExpr.xml#L3546	Unsupported cast type xs:gMonthDay
prod-CastExpr	CastAs346	https://github.com/w3c/qt3tests/blob/201a6e466940cdfc727f4babfedcde5332b9f578/prod/CastExpr.xml#L3555	Unsupported cast type xs:gDay
prod-CastExpr	CastAs347	https://github.com/w3c/qt3tests/blob/201a6e466940cdfc727f4babfedcde5332b9f578/prod/CastExpr.xml#L3564	Unsupported cast type xs:gMonth
prod-CastExpr	CastAs349	https://github.com/w3c/qt3tests/blob/201a6e466940cdfc727f4babfedcde5332b9f578/prod/CastExpr.xml#L3582	Unsupported cast type xs:base64Binary
prod-CastExpr	CastAs350	https://github.com/w3c/qt3tests/blob/201a6e466940cdfc727f4babfedcde5332b9f578/prod/CastExpr.xml#L3591	Unsupported cast type xs:hexBinary
prod-CastExpr	CastAs351	https://github.com/w3c/qt3tests/blob/201a6e466940cdfc727f4babfedcde5332b9f578/prod/CastExpr.xml#L3600	Unsupported cast type xs:anyURI
prod-CastExpr	CastAs352	https://github.com/w3c/qt3tests/blob/201a6e466940cdfc727f4babfedcde5332b9f578/prod/CastExpr.xml#L3609	Unsupported cast type xs:untypedAtomic
prod-CastExpr	CastAs353	https://github.com/w3c/qt3tests/blob/201a6e466940cdfc727f4babfedcde5332b9f578/prod/CastExpr.xml#L3618	Unsupported cast type xs:untypedAtomic
prod-CastExpr	CastAs368	https://github.com/w3c/qt3tests/blob/201a6e466940cdfc727f4babfedcde5332b9f578/prod/CastExpr.xml#L3753	Unsupported cast type xs:gYearMonth
prod-CastExpr	CastAs369	https://github.com/w3c/qt3tests/blob/201a6e466940cdfc727f4babfedcde5332b9f578/prod/CastExpr.xml#L3762	Unsupported cast type xs:gYearMonth
prod-CastExpr	CastAs370	https://github.com/w3c/qt3tests/blob/201a6e466940cdfc727f4babfedcde5332b9f578/prod/CastExpr.xml#L3771	Unsupported cast type xs:gYear
prod-CastExpr	CastAs371	https://github.com/w3c/qt3tests/blob/201a6e466940cdfc727f4babfedcde5332b9f578/prod/CastExpr.xml#L3780	Unsupported cast type xs:gYear
prod-CastExpr	CastAs372	https://github.com/w3c/qt3tests/blob/201a6e466940cdfc727f4babfedcde5332b9f578/prod/CastExpr.xml#L3789	Unsupported cast type xs:gMonthDay
prod-CastExpr	CastAs373	https://github.com/w3c/qt3tests/blob/201a6e466940cdfc727f4babfedcde5332b9f578/prod/CastExpr.xml#L3798	Unsupported cast type xs:gMonthDay
prod-CastExpr	CastAs374	https://github.com/w3c/qt3tests/blob/201a6e466940cdfc727f4babfedcde5332b9f578/prod/CastExpr.xml#L3807	Unsupported cast type xs:gDay
prod-CastExpr	CastAs375	https://github.com/w3c/qt3tests/blob/201a6e466940cdfc727f4babfedcde5332b9f578/prod/CastExpr.xml#L3816	Unsupported cast type xs:gDay
prod-CastExpr	CastAs376	https://github.com/w3c/qt3tests/blob/201a6e466940cdfc727f4babfedcde5332b9f578/prod/CastExpr.xml#L3825	Unsupported cast type xs:gMonth
prod-CastExpr	CastAs377	https://github.com/w3c/qt3tests/blob/201a6e466940cdfc727f4babfedcde5332b9f578/prod/CastExpr.xml#L3834	Unsupported cast type xs:gMonth
prod-CastExpr	CastAs379	https://github.com/w3c/qt3tests/blob/201a6e466940cdfc727f4babfedcde5332b9f578/prod/CastExpr.xml#L3852	Unsupported cast type xs:base64Binary
prod-CastExpr	CastAs380	https://github.com/w3c/qt3tests/blob/201a6e466940cdfc727f4babfedcde5332b9f578/prod/CastExpr.xml#L3861	Unsupported cast type xs:hexBinary
prod-CastExpr	CastAs381	https://github.com/w3c/qt3tests/blob/201a6e466940cdfc727f4babfedcde5332b9f578/prod/CastExpr.xml#L3870	Unsupported cast type xs:anyURI
prod-CastExpr	CastAs382	https://github.com/w3c/qt3tests/blob/201a6e466940cdfc727f4babfedcde5332b9f578/prod/CastExpr.xml#L3879	Unsupported cast type xs:untypedAtomic
prod-CastExpr	CastAs396	https://github.com/w3c/qt3tests/blob/201a6e466940cdfc727f4babfedcde5332b9f578/prod/CastExpr.xml#L4005	Unsupported cast type xs:gYearMonth
prod-CastExpr	CastAs397	https://github.com/w3c/qt3tests/blob/201a6e466940cdfc727f4babfedcde5332b9f578/prod/CastExpr.xml#L4014	Unsupported cast type xs:gYear
prod-CastExpr	CastAs398	https://github.com/w3c/qt3tests/blob/201a6e466940cdfc727f4babfedcde5332b9f578/prod/CastExpr.xml#L4023	Unsupported cast type xs:gMonthDay
prod-CastExpr	CastAs399	https://github.com/w3c/qt3tests/blob/201a6e466940cdfc727f4babfedcde5332b9f578/prod/CastExpr.xml#L4032	Unsupported cast type xs:gDay
prod-CastExpr	CastAs400	https://github.com/w3c/qt3tests/blob/201a6e466940cdfc727f4babfedcde5332b9f578/prod/CastExpr.xml#L4041	Unsupported cast type xs:gMonth
prod-CastExpr	CastAs402	https://github.com/w3c/qt3tests/blob/201a6e466940cdfc727f4babfedcde5332b9f578/prod/CastExpr.xml#L4059	Unsupported cast type xs:base64Binary
prod-CastExpr	CastAs403	https://github.com/w3c/qt3tests/blob/201a6e466940cdfc727f4babfedcde5332b9f578/prod/CastExpr.xml#L4068	Unsupported cast type xs:hexBinary
prod-CastExpr	CastAs404	https://github.com/w3c/qt3tests/blob/201a6e466940cdfc727f4babfedcde5332b9f578/prod/CastExpr.xml#L4077	Unsupported cast type xs:anyURI
prod-CastExpr	CastAs405	https://github.com/w3c/qt3tests/blob/201a6e466940cdfc727f4babfedcde5332b9f578/prod/CastExpr.xml#L4086	Unsupported cast type xs:untypedAtomic
prod-CastExpr	CastAs406	https://github.com/w3c/qt3tests/blob/201a6e466940cdfc727f4babfedcde5332b9f578/prod/CastExpr.xml#L4095	Unsupported cast type xs:untypedAtomic
prod-CastExpr	CastAs421	https://github.com/w3c/qt3tests/blob/201a6e466940cdfc727f4babfedcde5332b9f578/prod/CastExpr.xml#L4242	Unsupported cast type xs:gYearMonth
prod-CastExpr	CastAs422	https://github.com/w3c/qt3tests/blob/201a6e466940cdfc727f4babfedcde5332b9f578/prod/CastExpr.xml#L4251	Unsupported cast type xs:gYear
prod-CastExpr	CastAs423	https://github.com/w3c/qt3tests/blob/201a6e466940cdfc727f4babfedcde5332b9f578/prod/CastExpr.xml#L4260	Unsupported cast type xs:gYear
prod-CastExpr	CastAs424	https://github.com/w3c/qt3tests/blob/201a6e466940cdfc727f4babfedcde5332b9f578/prod/CastExpr.xml#L4273	Unsupported cast type xs:gYear
prod-CastExpr	CastAs425	https://github.com/w3c/qt3tests/blob/201a6e466940cdfc727f4babfedcde5332b9f578/prod/CastExpr.xml#L4282	Unsupported cast type xs:gMonthDay
prod-CastExpr	CastAs426	https://github.com/w3c/qt3tests/blob/201a6e466940cdfc727f4babfedcde5332b9f578/prod/CastExpr.xml#L4291	Unsupported cast type xs:gMonthDay
prod-CastExpr	CastAs427	https://github.com/w3c/qt3tests/blob/201a6e466940cdfc727f4babfedcde5332b9f578/prod/CastExpr.xml#L4304	Unsupported cast type xs:gMonthDay
prod-CastExpr	CastAs428	https://github.com/w3c/qt3tests/blob/201a6e466940cdfc727f4babfedcde5332b9f578/prod/CastExpr.xml#L4313	Unsupported cast type xs:gDay
prod-CastExpr	CastAs429	https://github.com/w3c/qt3tests/blob/201a6e466940cdfc727f4babfedcde5332b9f578/prod/CastExpr.xml#L4322	Unsupported cast type xs:gMonth
prod-CastExpr	CastAs430	https://github.com/w3c/qt3tests/blob/201a6e466940cdfc727f4babfedcde5332b9f578/prod/CastExpr.xml#L4335	Unsupported cast type xs:gMonth
prod-CastExpr	CastAs432	https://github.com/w3c/qt3tests/blob/201a6e466940cdfc727f4babfedcde5332b9f578/prod/CastExpr.xml#L4353	Unsupported cast type xs:base64Binary
prod-CastExpr	CastAs433	https://github.com/w3c/qt3tests/blob/201a6e466940cdfc727f4babfedcde5332b9f578/prod/CastExpr.xml#L4362	Unsupported cast type xs:hexBinary
prod-CastExpr	CastAs434	https://github.com/w3c/qt3tests/blob/201a6e466940cdfc727f4babfedcde5332b9f578/prod/CastExpr.xml#L4371	Unsupported cast type xs:anyURI
prod-CastExpr	CastAs435	https://github.com/w3c/qt3tests/blob/201a6e466940cdfc727f4babfedcde5332b9f578/prod/CastExpr.xml#L4380	Unsupported cast type xs:gYearMonth
prod-CastExpr	CastAs436	https://github.com/w3c/qt3tests/blob/201a6e466940cdfc727f4babfedcde5332b9f578/prod/CastExpr.xml#L4389	Unsupported cast type xs:gYearMonth
prod-CastExpr	CastAs437	https://github.com/w3c/qt3tests/blob/201a6e466940cdfc727f4babfedcde5332b9f578/prod/CastExpr.xml#L4398	Unsupported cast type xs:gYearMonth
prod-CastExpr	CastAs438	https://github.com/w3c/qt3tests/blob/201a6e466940cdfc727f4babfedcde5332b9f578/prod/CastExpr.xml#L4407	Unsupported cast type xs:gYearMonth
prod-CastExpr	CastAs439	https://github.com/w3c/qt3tests/blob/201a6e466940cdfc727f4babfedcde5332b9f578/prod/CastExpr.xml#L4416	Unsupported cast type xs:gYearMonth
prod-CastExpr	CastAs440	https://github.com/w3c/qt3tests/blob/201a6e466940cdfc727f4babfedcde5332b9f578/prod/CastExpr.xml#L4425	Unsupported cast type xs:gYearMonth
prod-CastExpr	CastAs441	https://github.com/w3c/qt3tests/blob/201a6e466940cdfc727f4babfedcde5332b9f578/prod/CastExpr.xml#L4434	Unsupported cast type xs:gYearMonth
prod-CastExpr	CastAs442	https://github.com/w3c/qt3tests/blob/201a6e466940cdfc727f4babfedcde5332b9f578/prod/CastExpr.xml#L4443	Unsupported cast type xs:gYearMonth
prod-CastExpr	CastAs443	https://github.com/w3c/qt3tests/blob/201a6e466940cdfc727f4babfedcde5332b9f578/prod/CastExpr.xml#L4452	Unsupported cast type xs:gYearMonth
prod-CastExpr	CastAs444	https://github.com/w3c/qt3tests/blob/201a6e466940cdfc727f4babfedcde5332b9f578/prod/CastExpr.xml#L4461	Unsupported cast type xs:gYearMonth
prod-CastExpr	CastAs445	https://github.com/w3c/qt3tests/blob/201a6e466940cdfc727f4babfedcde5332b9f578/prod/CastExpr.xml#L4470	Unsupported cast type xs:gYearMonth
prod-CastExpr	CastAs446	https://github.com/w3c/qt3tests/blob/201a6e466940cdfc727f4babfedcde5332b9f578/prod/CastExpr.xml#L4479	Unsupported cast type xs:gYearMonth
prod-CastExpr	CastAs447	https://github.com/w3c/qt3tests/blob/201a6e466940cdfc727f4babfedcde5332b9f578/prod/CastExpr.xml#L4488	Unsupported cast type xs:gYearMonth
prod-CastExpr	CastAs448	https://github.com/w3c/qt3tests/blob/201a6e466940cdfc727f4babfedcde5332b9f578/prod/CastExpr.xml#L4497	Unsupported cast type xs:gYearMonth
prod-CastExpr	CastAs449	https://github.com/w3c/qt3tests/blob/201a6e466940cdfc727f4babfedcde5332b9f578/prod/CastExpr.xml#L4506	Unsupported cast type xs:gYearMonth
prod-CastExpr	CastAs450	https://github.com/w3c/qt3tests/blob/201a6e466940cdfc727f4babfedcde5332b9f578/prod/CastExpr.xml#L4515	Unsupported cast type xs:gYearMonth
prod-CastExpr	CastAs451	https://github.com/w3c/qt3tests/blob/201a6e466940cdfc727f4babfedcde5332b9f578/prod/CastExpr.xml#L4524	Unsupported cast type xs:gYearMonth
prod-CastExpr	CastAs452	https://github.com/w3c/qt3tests/blob/201a6e466940cdfc727f4babfedcde5332b9f578/prod/CastExpr.xml#L4533	Unsupported cast type xs:gYearMonth
prod-CastExpr	CastAs453	https://github.com/w3c/qt3tests/blob/201a6e466940cdfc727f4babfedcde5332b9f578/prod/CastExpr.xml#L4542	Unsupported cast type xs:gYearMonth
prod-CastExpr	CastAs454	https://github.com/w3c/qt3tests/blob/201a6e466940cdfc727f4babfedcde5332b9f578/prod/CastExpr.xml#L4551	Unsupported cast type xs:gYearMonth
prod-CastExpr	CastAs455	https://github.com/w3c/qt3tests/blob/201a6e466940cdfc727f4babfedcde5332b9f578/prod/CastExpr.xml#L4560	Unsupported cast type xs:gYearMonth
prod-CastExpr	CastAs456	https://github.com/w3c/qt3tests/blob/201a6e466940cdfc727f4babfedcde5332b9f578/prod/CastExpr.xml#L4569	Unsupported cast type xs:gYearMonth
prod-CastExpr	CastAs457	https://github.com/w3c/qt3tests/blob/201a6e466940cdfc727f4babfedcde5332b9f578/prod/CastExpr.xml#L4578	Unsupported cast type xs:gYearMonth
prod-CastExpr	CastAs458	https://github.com/w3c/qt3tests/blob/201a6e466940cdfc727f4babfedcde5332b9f578/prod/CastExpr.xml#L4587	Unsupported cast type xs:gYearMonth
prod-CastExpr	CastAs459	https://github.com/w3c/qt3tests/blob/201a6e466940cdfc727f4babfedcde5332b9f578/prod/CastExpr.xml#L4596	Unsupported cast type xs:gYear
prod-CastExpr	CastAs460	https://github.com/w3c/qt3tests/blob/201a6e466940cdfc727f4babfedcde5332b9f578/prod/CastExpr.xml#L4605	Unsupported cast type xs:gYear
prod-CastExpr	CastAs461	https://github.com/w3c/qt3tests/blob/201a6e466940cdfc727f4babfedcde5332b9f578/prod/CastExpr.xml#L4614	Unsupported cast type xs:gYear
prod-CastExpr	CastAs462	https://github.com/w3c/qt3tests/blob/201a6e466940cdfc727f4babfedcde5332b9f578/prod/CastExpr.xml#L4623	Unsupported cast type xs:gYear
prod-CastExpr	CastAs463	https://github.com/w3c/qt3tests/blob/201a6e466940cdfc727f4babfedcde5332b9f578/prod/CastExpr.xml#L4632	Unsupported cast type xs:gYear
prod-CastExpr	CastAs464	https://github.com/w3c/qt3tests/blob/201a6e466940cdfc727f4babfedcde5332b9f578/prod/CastExpr.xml#L4641	Unsupported cast type xs:gYear
prod-CastExpr	CastAs465	https://github.com/w3c/qt3tests/blob/201a6e466940cdfc727f4babfedcde5332b9f578/prod/CastExpr.xml#L4650	Unsupported cast type xs:gYear
prod-CastExpr	CastAs466	https://github.com/w3c/qt3tests/blob/201a6e466940cdfc727f4babfedcde5332b9f578/prod/CastExpr.xml#L4659	Unsupported cast type xs:gYear
prod-CastExpr	CastAs467	https://github.com/w3c/qt3tests/blob/201a6e466940cdfc727f4babfedcde5332b9f578/prod/CastExpr.xml#L4668	Unsupported cast type xs:gYear
prod-CastExpr	CastAs468	https://github.com/w3c/qt3tests/blob/201a6e466940cdfc727f4babfedcde5332b9f578/prod/CastExpr.xml#L4677	Unsupported cast type xs:gYear
prod-CastExpr	CastAs469	https://github.com/w3c/qt3tests/blob/201a6e466940cdfc727f4babfedcde5332b9f578/prod/CastExpr.xml#L4686	Unsupported cast type xs:gYear
prod-CastExpr	CastAs470	https://github.com/w3c/qt3tests/blob/201a6e466940cdfc727f4babfedcde5332b9f578/prod/CastExpr.xml#L4695	Unsupported cast type xs:gYear
prod-CastExpr	CastAs471	https://github.com/w3c/qt3tests/blob/201a6e466940cdfc727f4babfedcde5332b9f578/prod/CastExpr.xml#L4704	Unsupported cast type xs:gYear
prod-CastExpr	CastAs472	https://github.com/w3c/qt3tests/blob/201a6e466940cdfc727f4babfedcde5332b9f578/prod/CastExpr.xml#L4713	Unsupported cast type xs:gYear
prod-CastExpr	CastAs473	https://github.com/w3c/qt3tests/blob/201a6e466940cdfc727f4babfedcde5332b9f578/prod/CastExpr.xml#L4722	Unsupported cast type xs:gYear
prod-CastExpr	CastAs474	https://github.com/w3c/qt3tests/blob/201a6e466940cdfc727f4babfedcde5332b9f578/prod/CastExpr.xml#L4731	Unsupported cast type xs:gYear
prod-CastExpr	CastAs475	https://github.com/w3c/qt3tests/blob/201a6e466940cdfc727f4babfedcde5332b9f578/prod/CastExpr.xml#L4740	Unsupported cast type xs:gYear
prod-CastExpr	CastAs476	https://github.com/w3c/qt3tests/blob/201a6e466940cdfc727f4babfedcde5332b9f578/prod/CastExpr.xml#L4749	Unsupported cast type xs:gYear
prod-CastExpr	CastAs477	https://github.com/w3c/qt3tests/blob/201a6e466940cdfc727f4babfedcde5332b9f578/prod/CastExpr.xml#L4758	Unsupported cast type xs:gYear
prod-CastExpr	CastAs478	https://github.com/w3c/qt3tests/blob/201a6e466940cdfc727f4babfedcde5332b9f578/prod/CastExpr.xml#L4767	Unsupported cast type xs:gYear
prod-CastExpr	CastAs479	https://github.com/w3c/qt3tests/blob/201a6e466940cdfc727f4babfedcde5332b9f578/prod/CastExpr.xml#L4776	Unsupported cast type xs:gYear
prod-CastExpr	CastAs480	https://github.com/w3c/qt3tests/blob/201a6e466940cdfc727f4babfedcde5332b9f578/prod/CastExpr.xml#L4785	Unsupported cast type xs:gYear
prod-CastExpr	CastAs481	https://github.com/w3c/qt3tests/blob/201a6e466940cdfc727f4babfedcde5332b9f578/prod/CastExpr.xml#L4794	Unsupported cast type xs:gMonthDay
prod-CastExpr	CastAs482	https://github.com/w3c/qt3tests/blob/201a6e466940cdfc727f4babfedcde5332b9f578/prod/CastExpr.xml#L4803	Unsupported cast type xs:gMonthDay
prod-CastExpr	CastAs483	https://github.com/w3c/qt3tests/blob/201a6e466940cdfc727f4babfedcde5332b9f578/prod/CastExpr.xml#L4812	Unsupported cast type xs:gMonthDay
prod-CastExpr	CastAs484	https://github.com/w3c/qt3tests/blob/201a6e466940cdfc727f4babfedcde5332b9f578/prod/CastExpr.xml#L4821	Unsupported cast type xs:gMonthDay
prod-CastExpr	CastAs485	https://github.com/w3c/qt3tests/blob/201a6e466940cdfc727f4babfedcde5332b9f578/prod/CastExpr.xml#L4830	Unsupported cast type xs:gMonthDay
prod-CastExpr	CastAs486	https://github.com/w3c/qt3tests/blob/201a6e466940cdfc727f4babfedcde5332b9f578/prod/CastExpr.xml#L4839	Unsupported cast type xs:gMonthDay
prod-CastExpr	CastAs487	https://github.com/w3c/qt3tests/blob/201a6e466940cdfc727f4babfedcde5332b9f578/prod/CastExpr.xml#L4848	Unsupported cast type xs:gMonthDay
prod-CastExpr	CastAs488	https://github.com/w3c/qt3tests/blob/201a6e466940cdfc727f4babfedcde5332b9f578/prod/CastExpr.xml#L4857	Unsupported cast type xs:gMonthDay
prod-CastExpr	CastAs489	https://github.com/w3c/qt3tests/blob/201a6e466940cdfc727f4babfedcde5332b9f578/prod/CastExpr.xml#L4866	Unsupported cast type xs:gMonthDay
prod-CastExpr	CastAs490	https://github.com/w3c/qt3tests/blob/201a6e466940cdfc727f4babfedcde5332b9f578/prod/CastExpr.xml#L4875	Unsupported cast type xs:gMonthDay
prod-CastExpr	CastAs491	https://github.com/w3c/qt3tests/blob/201a6e466940cdfc727f4babfedcde5332b9f578/prod/CastExpr.xml#L4884	Unsupported cast type xs:gMonthDay
prod-CastExpr	CastAs492	https://github.com/w3c/qt3tests/blob/201a6e466940cdfc727f4babfedcde5332b9f578/prod/CastExpr.xml#L4893	Unsupported cast type xs:gMonthDay
prod-CastExpr	CastAs493	https://github.com/w3c/qt3tests/blob/201a6e466940cdfc727f4babfedcde5332b9f578/prod/CastExpr.xml#L4902	Unsupported cast type xs:gMonthDay
prod-CastExpr	CastAs494	https://github.com/w3c/qt3tests/blob/201a6e466940cdfc727f4babfedcde5332b9f578/prod/CastExpr.xml#L4911	Unsupported cast type xs:gMonthDay
prod-CastExpr	CastAs495	https://github.com/w3c/qt3tests/blob/201a6e466940cdfc727f4babfedcde5332b9f578/prod/CastExpr.xml#L4920	Unsupported cast type xs:gMonthDay
prod-CastExpr	CastAs496	https://github.com/w3c/qt3tests/blob/201a6e466940cdfc727f4babfedcde5332b9f578/prod/CastExpr.xml#L4929	Unsupported cast type xs:gMonthDay
prod-CastExpr	CastAs497	https://github.com/w3c/qt3tests/blob/201a6e466940cdfc727f4babfedcde5332b9f578/prod/CastExpr.xml#L4938	Unsupported cast type xs:gMonthDay
prod-CastExpr	CastAs498	https://github.com/w3c/qt3tests/blob/201a6e466940cdfc727f4babfedcde5332b9f578/prod/CastExpr.xml#L4947	Unsupported cast type xs:gMonthDay
prod-CastExpr	CastAs499	https://github.com/w3c/qt3tests/blob/201a6e466940cdfc727f4babfedcde5332b9f578/prod/CastExpr.xml#L4956	Unsupported cast type xs:gMonthDay
prod-CastExpr	CastAs500	https://github.com/w3c/qt3tests/blob/201a6e466940cdfc727f4babfedcde5332b9f578/prod/CastExpr.xml#L4965	Unsupported cast type xs:gMonthDay
prod-CastExpr	CastAs501	https://github.com/w3c/qt3tests/blob/201a6e466940cdfc727f4babfedcde5332b9f578/prod/CastExpr.xml#L4974	Unsupported cast type xs:gMonthDay
prod-CastExpr	CastAs502	https://github.com/w3c/qt3tests/blob/201a6e466940cdfc727f4babfedcde5332b9f578/prod/CastExpr.xml#L4983	Unsupported cast type xs:gMonthDay
prod-CastExpr	CastAs503	https://github.com/w3c/qt3tests/blob/201a6e466940cdfc727f4babfedcde5332b9f578/prod/CastExpr.xml#L4992	Unsupported cast type xs:gMonthDay
prod-CastExpr	CastAs504	https://github.com/w3c/qt3tests/blob/201a6e466940cdfc727f4babfedcde5332b9f578/prod/CastExpr.xml#L5001	Unsupported cast type xs:gDay
prod-CastExpr	CastAs505	https://github.com/w3c/qt3tests/blob/201a6e466940cdfc727f4babfedcde5332b9f578/prod/CastExpr.xml#L5010	Unsupported cast type xs:gDay
prod-CastExpr	CastAs506	https://github.com/w3c/qt3tests/blob/201a6e466940cdfc727f4babfedcde5332b9f578/prod/CastExpr.xml#L5019	Unsupported cast type xs:gDay
prod-CastExpr	CastAs507	https://github.com/w3c/qt3tests/blob/201a6e466940cdfc727f4babfedcde5332b9f578/prod/CastExpr.xml#L5028	Unsupported cast type xs:gDay
prod-CastExpr	CastAs508	https://github.com/w3c/qt3tests/blob/201a6e466940cdfc727f4babfedcde5332b9f578/prod/CastExpr.xml#L5037	Unsupported cast type xs:gDay
prod-CastExpr	CastAs509	https://github.com/w3c/qt3tests/blob/201a6e466940cdfc727f4babfedcde5332b9f578/prod/CastExpr.xml#L5046	Unsupported cast type xs:gDay
prod-CastExpr	CastAs510	https://github.com/w3c/qt3tests/blob/201a6e466940cdfc727f4babfedcde5332b9f578/prod/CastExpr.xml#L5055	Unsupported cast type xs:gDay
prod-CastExpr	CastAs511	https://github.com/w3c/qt3tests/blob/201a6e466940cdfc727f4babfedcde5332b9f578/prod/CastExpr.xml#L5064	Unsupported cast type xs:gDay
prod-CastExpr	CastAs512	https://github.com/w3c/qt3tests/blob/201a6e466940cdfc727f4babfedcde5332b9f578/prod/CastExpr.xml#L5073	Unsupported cast type xs:gDay
prod-CastExpr	CastAs513	https://github.com/w3c/qt3tests/blob/201a6e466940cdfc727f4babfedcde5332b9f578/prod/CastExpr.xml#L5082	Unsupported cast type xs:gDay
prod-CastExpr	CastAs514	https://github.com/w3c/qt3tests/blob/201a6e466940cdfc727f4babfedcde5332b9f578/prod/CastExpr.xml#L5091	Unsupported cast type xs:gDay
prod-CastExpr	CastAs515	https://github.com/w3c/qt3tests/blob/201a6e466940cdfc727f4babfedcde5332b9f578/prod/CastExpr.xml#L5100	Unsupported cast type xs:gDay
prod-CastExpr	CastAs516	https://github.com/w3c/qt3tests/blob/201a6e466940cdfc727f4babfedcde5332b9f578/prod/CastExpr.xml#L5109	Unsupported cast type xs:gDay
prod-CastExpr	CastAs517	https://github.com/w3c/qt3tests/blob/201a6e466940cdfc727f4babfedcde5332b9f578/prod/CastExpr.xml#L5118	Unsupported cast type xs:gDay
prod-CastExpr	CastAs518	https://github.com/w3c/qt3tests/blob/201a6e466940cdfc727f4babfedcde5332b9f578/prod/CastExpr.xml#L5127	Unsupported cast type xs:gDay
prod-CastExpr	CastAs519	https://github.com/w3c/qt3tests/blob/201a6e466940cdfc727f4babfedcde5332b9f578/prod/CastExpr.xml#L5136	Unsupported cast type xs:gDay
prod-CastExpr	CastAs520	https://github.com/w3c/qt3tests/blob/201a6e466940cdfc727f4babfedcde5332b9f578/prod/CastExpr.xml#L5145	Unsupported cast type xs:gDay
prod-CastExpr	CastAs521	https://github.com/w3c/qt3tests/blob/201a6e466940cdfc727f4babfedcde5332b9f578/prod/CastExpr.xml#L5154	Unsupported cast type xs:gDay
prod-CastExpr	CastAs522	https://github.com/w3c/qt3tests/blob/201a6e466940cdfc727f4babfedcde5332b9f578/prod/CastExpr.xml#L5163	Unsupported cast type xs:gDay
prod-CastExpr	CastAs523	https://github.com/w3c/qt3tests/blob/201a6e466940cdfc727f4babfedcde5332b9f578/prod/CastExpr.xml#L5172	Unsupported cast type xs:gDay
prod-CastExpr	CastAs524	https://github.com/w3c/qt3tests/blob/201a6e466940cdfc727f4babfedcde5332b9f578/prod/CastExpr.xml#L5181	Unsupported cast type xs:gDay
prod-CastExpr	CastAs525	https://github.com/w3c/qt3tests/blob/201a6e466940cdfc727f4babfedcde5332b9f578/prod/CastExpr.xml#L5190	Unsupported cast type xs:gDay
prod-CastExpr	CastAs526	https://github.com/w3c/qt3tests/blob/201a6e466940cdfc727f4babfedcde5332b9f578/prod/CastExpr.xml#L5199	Unsupported cast type xs:gDay
prod-CastExpr	CastAs527	https://github.com/w3c/qt3tests/blob/201a6e466940cdfc727f4babfedcde5332b9f578/prod/CastExpr.xml#L5208	Unsupported cast type xs:gMonth
prod-CastExpr	CastAs528	https://github.com/w3c/qt3tests/blob/201a6e466940cdfc727f4babfedcde5332b9f578/prod/CastExpr.xml#L5217	Unsupported cast type xs:gMonth
prod-CastExpr	CastAs529	https://github.com/w3c/qt3tests/blob/201a6e466940cdfc727f4babfedcde5332b9f578/prod/CastExpr.xml#L5226	Unsupported cast type xs:gMonth
prod-CastExpr	CastAs530	https://github.com/w3c/qt3tests/blob/201a6e466940cdfc727f4babfedcde5332b9f578/prod/CastExpr.xml#L5235	Unsupported cast type xs:gMonth
prod-CastExpr	CastAs531	https://github.com/w3c/qt3tests/blob/201a6e466940cdfc727f4babfedcde5332b9f578/prod/CastExpr.xml#L5244	Unsupported cast type xs:gMonth
prod-CastExpr	CastAs532	https://github.com/w3c/qt3tests/blob/201a6e466940cdfc727f4babfedcde5332b9f578/prod/CastExpr.xml#L5253	Unsupported cast type xs:gMonth
prod-CastExpr	CastAs533	https://github.com/w3c/qt3tests/blob/201a6e466940cdfc727f4babfedcde5332b9f578/prod/CastExpr.xml#L5262	Unsupported cast type xs:gMonth
prod-CastExpr	CastAs534	https://github.com/w3c/qt3tests/blob/201a6e466940cdfc727f4babfedcde5332b9f578/prod/CastExpr.xml#L5271	Unsupported cast type xs:gMonth
prod-CastExpr	CastAs535	https://github.com/w3c/qt3tests/blob/201a6e466940cdfc727f4babfedcde5332b9f578/prod/CastExpr.xml#L5280	Unsupported cast type xs:gMonth
prod-CastExpr	CastAs536	https://github.com/w3c/qt3tests/blob/201a6e466940cdfc727f4babfedcde5332b9f578/prod/CastExpr.xml#L5289	Unsupported cast type xs:gMonth
prod-CastExpr	CastAs537	https://github.com/w3c/qt3tests/blob/201a6e466940cdfc727f4babfedcde5332b9f578/prod/CastExpr.xml#L5298	Unsupported cast type xs:gMonth
prod-CastExpr	CastAs538	https://github.com/w3c/qt3tests/blob/201a6e466940cdfc727f4babfedcde5332b9f578/prod/CastExpr.xml#L5307	Unsupported cast type xs:gMonth
prod-CastExpr	CastAs539	https://github.com/w3c/qt3tests/blob/201a6e466940cdfc727f4babfedcde5332b9f578/prod/CastExpr.xml#L5316	Unsupported cast type xs:gMonth
prod-CastExpr	CastAs540	https://github.com/w3c/qt3tests/blob/201a6e466940cdfc727f4babfedcde5332b9f578/prod/CastExpr.xml#L5325	Unsupported cast type xs:gMonth
prod-CastExpr	CastAs541	https://github.com/w3c/qt3tests/blob/201a6e466940cdfc727f4babfedcde5332b9f578/prod/CastExpr.xml#L5334	Unsupported cast type xs:gMonth
prod-CastExpr	CastAs542	https://github.com/w3c/qt3tests/blob/201a6e466940cdfc727f4babfedcde5332b9f578/prod/CastExpr.xml#L5343	Unsupported cast type xs:gMonth
prod-CastExpr	CastAs543	https://github.com/w3c/qt3tests/blob/201a6e466940cdfc727f4babfedcde5332b9f578/prod/CastExpr.xml#L5352	Unsupported cast type xs:gMonth
prod-CastExpr	CastAs544	https://github.com/w3c/qt3tests/blob/201a6e466940cdfc727f4babfedcde5332b9f578/prod/CastExpr.xml#L5361	Unsupported cast type xs:gMonth
prod-CastExpr	CastAs545	https://github.com/w3c/qt3tests/blob/201a6e466940cdfc727f4babfedcde5332b9f578/prod/CastExpr.xml#L5370	Unsupported cast type xs:gMonth
prod-CastExpr	CastAs546	https://github.com/w3c/qt3tests/blob/201a6e466940cdfc727f4babfedcde5332b9f578/prod/CastExpr.xml#L5379	Unsupported cast type xs:gMonth
prod-CastExpr	CastAs547	https://github.com/w3c/qt3tests/blob/201a6e466940cdfc727f4babfedcde5332b9f578/prod/CastExpr.xml#L5388	Unsupported cast type xs:gMonth
prod-CastExpr	CastAs548	https://github.com/w3c/qt3tests/blob/201a6e466940cdfc727f4babfedcde5332b9f578/prod/CastExpr.xml#L5397	Unsupported cast type xs:gMonth
prod-CastExpr	CastAs549	https://github.com/w3c/qt3tests/blob/201a6e466940cdfc727f4babfedcde5332b9f578/prod/CastExpr.xml#L5406	Unsupported cast type xs:gMonth
prod-CastExpr	CastAs550	https://github.com/w3c/qt3tests/blob/201a6e466940cdfc727f4babfedcde5332b9f578/prod/CastExpr.xml#L5415	Unsupported cast type xs:untypedAtomic
prod-CastExpr	CastAs566	https://github.com/w3c/qt3tests/blob/201a6e466940cdfc727f4babfedcde5332b9f578/prod/CastExpr.xml#L5559	Unsupported cast type xs:gYearMonth
prod-CastExpr	CastAs567	https://github.com/w3c/qt3tests/blob/201a6e466940cdfc727f4babfedcde5332b9f578/prod/CastExpr.xml#L5568	Unsupported cast type xs:gYear
prod-CastExpr	CastAs568	https://github.com/w3c/qt3tests/blob/201a6e466940cdfc727f4babfedcde5332b9f578/prod/CastExpr.xml#L5577	Unsupported cast type xs:gMonthDay
prod-CastExpr	CastAs569	https://github.com/w3c/qt3tests/blob/201a6e466940cdfc727f4babfedcde5332b9f578/prod/CastExpr.xml#L5586	Unsupported cast type xs:gDay
prod-CastExpr	CastAs570	https://github.com/w3c/qt3tests/blob/201a6e466940cdfc727f4babfedcde5332b9f578/prod/CastExpr.xml#L5595	Unsupported cast type xs:gMonth
prod-CastExpr	CastAs573	https://github.com/w3c/qt3tests/blob/201a6e466940cdfc727f4babfedcde5332b9f578/prod/CastExpr.xml#L5622	Unsupported cast type xs:base64Binary
prod-CastExpr	CastAs574	https://github.com/w3c/qt3tests/blob/201a6e466940cdfc727f4babfedcde5332b9f578/prod/CastExpr.xml#L5631	Unsupported cast type xs:hexBinary
prod-CastExpr	CastAs575	https://github.com/w3c/qt3tests/blob/201a6e466940cdfc727f4babfedcde5332b9f578/prod/CastExpr.xml#L5640	Unsupported cast type xs:anyURI
prod-CastExpr	CastAs576	https://github.com/w3c/qt3tests/blob/201a6e466940cdfc727f4babfedcde5332b9f578/prod/CastExpr.xml#L5649	Unsupported cast type xs:base64Binary
prod-CastExpr	CastAs577	https://github.com/w3c/qt3tests/blob/201a6e466940cdfc727f4babfedcde5332b9f578/prod/CastExpr.xml#L5658	Unsupported cast type xs:base64Binary
prod-CastExpr	CastAs578	https://github.com/w3c/qt3tests/blob/201a6e466940cdfc727f4babfedcde5332b9f578/prod/CastExpr.xml#L5667	Unsupported cast type xs:base64Binary
prod-CastExpr	CastAs579	https://github.com/w3c/qt3tests/blob/201a6e466940cdfc727f4babfedcde5332b9f578/prod/CastExpr.xml#L5676	Unsupported cast type xs:base64Binary
prod-CastExpr	CastAs580	https://github.com/w3c/qt3tests/blob/201a6e466940cdfc727f4babfedcde5332b9f578/prod/CastExpr.xml#L5685	Unsupported cast type xs:base64Binary
prod-CastExpr	CastAs581	https://github.com/w3c/qt3tests/blob/201a6e466940cdfc727f4babfedcde5332b9f578/prod/CastExpr.xml#L5694	Unsupported cast type xs:base64Binary
prod-CastExpr	CastAs582	https://github.com/w3c/qt3tests/blob/201a6e466940cdfc727f4babfedcde5332b9f578/prod/CastExpr.xml#L5703	Unsupported cast type xs:base64Binary
prod-CastExpr	CastAs583	https://github.com/w3c/qt3tests/blob/201a6e466940cdfc727f4babfedcde5332b9f578/prod/CastExpr.xml#L5712	Unsupported cast type xs:base64Binary
prod-CastExpr	CastAs584	https://github.com/w3c/qt3tests/blob/201a6e466940cdfc727f4babfedcde5332b9f578/prod/CastExpr.xml#L5721	Unsupported cast type xs:base64Binary
prod-CastExpr	CastAs585	https://github.com/w3c/qt3tests/blob/201a6e466940cdfc727f4babfedcde5332b9f578/prod/CastExpr.xml#L5730	Unsupported cast type xs:base64Binary
prod-CastExpr	CastAs586	https://github.com/w3c/qt3tests/blob/201a6e466940cdfc727f4babfedcde5332b9f578/prod/CastExpr.xml#L5739	Unsupported cast type xs:base64Binary
prod-CastExpr	CastAs587	https://github.com/w3c/qt3tests/blob/201a6e466940cdfc727f4babfedcde5332b9f578/prod/CastExpr.xml#L5748	Unsupported cast type xs:base64Binary
prod-CastExpr	CastAs588	https://github.com/w3c/qt3tests/blob/201a6e466940cdfc727f4babfedcde5332b9f578/prod/CastExpr.xml#L5757	Unsupported cast type xs:base64Binary
prod-CastExpr	CastAs589	https://github.com/w3c/qt3tests/blob/201a6e466940cdfc727f4babfedcde5332b9f578/prod/CastExpr.xml#L5766	Unsupported cast type xs:base64Binary
prod-CastExpr	CastAs590	https://github.com/w3c/qt3tests/blob/201a6e466940cdfc727f4babfedcde5332b9f578/prod/CastExpr.xml#L5775	Unsupported cast type xs:base64Binary
prod-CastExpr	CastAs591	https://github.com/w3c/qt3tests/blob/201a6e466940cdfc727f4babfedcde5332b9f578/prod/CastExpr.xml#L5784	Unsupported cast type xs:base64Binary
prod-CastExpr	CastAs592	https://github.com/w3c/qt3tests/blob/201a6e466940cdfc727f4babfedcde5332b9f578/prod/CastExpr.xml#L5793	Unsupported cast type xs:base64Binary
prod-CastExpr	CastAs593	https://github.com/w3c/qt3tests/blob/201a6e466940cdfc727f4babfedcde5332b9f578/prod/CastExpr.xml#L5802	Unsupported cast type xs:base64Binary
prod-CastExpr	CastAs594	https://github.com/w3c/qt3tests/blob/201a6e466940cdfc727f4babfedcde5332b9f578/prod/CastExpr.xml#L5811	Unsupported cast type xs:base64Binary
prod-CastExpr	CastAs595	https://github.com/w3c/qt3tests/blob/201a6e466940cdfc727f4babfedcde5332b9f578/prod/CastExpr.xml#L5820	Unsupported cast type xs:base64Binary
prod-CastExpr	CastAs596	https://github.com/w3c/qt3tests/blob/201a6e466940cdfc727f4babfedcde5332b9f578/prod/CastExpr.xml#L5829	Unsupported cast type xs:base64Binary
prod-CastExpr	CastAs597	https://github.com/w3c/qt3tests/blob/201a6e466940cdfc727f4babfedcde5332b9f578/prod/CastExpr.xml#L5838	Unsupported cast type xs:base64Binary
prod-CastExpr	CastAs598	https://github.com/w3c/qt3tests/blob/201a6e466940cdfc727f4babfedcde5332b9f578/prod/CastExpr.xml#L5847	Unsupported cast type xs:base64Binary
prod-CastExpr	CastAs599	https://github.com/w3c/qt3tests/blob/201a6e466940cdfc727f4babfedcde5332b9f578/prod/CastExpr.xml#L5856	Unsupported cast type xs:base64Binary
prod-CastExpr	CastAs600	https://github.com/w3c/qt3tests/blob/201a6e466940cdfc727f4babfedcde5332b9f578/prod/CastExpr.xml#L5865	Unsupported cast type xs:base64Binary
prod-CastExpr	CastAs601	https://github.com/w3c/qt3tests/blob/201a6e466940cdfc727f4babfedcde5332b9f578/prod/CastExpr.xml#L5874	Unsupported cast type xs:base64Binary
prod-CastExpr	CastAs602	https://github.com/w3c/qt3tests/blob/201a6e466940cdfc727f4babfedcde5332b9f578/prod/CastExpr.xml#L5883	Unsupported cast type xs:base64Binary
prod-CastExpr	CastAs603	https://github.com/w3c/qt3tests/blob/201a6e466940cdfc727f4babfedcde5332b9f578/prod/CastExpr.xml#L5892	Unsupported cast type xs:hexBinary
prod-CastExpr	CastAs604	https://github.com/w3c/qt3tests/blob/201a6e466940cdfc727f4babfedcde5332b9f578/prod/CastExpr.xml#L5901	Unsupported cast type xs:hexBinary
prod-CastExpr	CastAs605	https://github.com/w3c/qt3tests/blob/201a6e466940cdfc727f4babfedcde5332b9f578/prod/CastExpr.xml#L5910	Unsupported cast type xs:hexBinary
prod-CastExpr	CastAs606	https://github.com/w3c/qt3tests/blob/201a6e466940cdfc727f4babfedcde5332b9f578/prod/CastExpr.xml#L5919	Unsupported cast type xs:hexBinary
prod-CastExpr	CastAs607	https://github.com/w3c/qt3tests/blob/201a6e466940cdfc727f4babfedcde5332b9f578/prod/CastExpr.xml#L5928	Unsupported cast type xs:hexBinary
prod-CastExpr	CastAs608	https://github.com/w3c/qt3tests/blob/201a6e466940cdfc727f4babfedcde5332b9f578/prod/CastExpr.xml#L5937	Unsupported cast type xs:hexBinary
prod-CastExpr	CastAs609	https://github.com/w3c/qt3tests/blob/201a6e466940cdfc727f4babfedcde5332b9f578/prod/CastExpr.xml#L5946	Unsupported cast type xs:hexBinary
prod-CastExpr	CastAs610	https://github.com/w3c/qt3tests/blob/201a6e466940cdfc727f4babfedcde5332b9f578/prod/CastExpr.xml#L5955	Unsupported cast type xs:hexBinary
prod-CastExpr	CastAs611	https://github.com/w3c/qt3tests/blob/201a6e466940cdfc727f4babfedcde5332b9f578/prod/CastExpr.xml#L5964	Unsupported cast type xs:hexBinary
prod-CastExpr	CastAs612	https://github.com/w3c/qt3tests/blob/201a6e466940cdfc727f4babfedcde5332b9f578/prod/CastExpr.xml#L5973	Unsupported cast type xs:hexBinary
prod-CastExpr	CastAs613	https://github.com/w3c/qt3tests/blob/201a6e466940cdfc727f4babfedcde5332b9f578/prod/CastExpr.xml#L5982	Unsupported cast type xs:hexBinary
prod-CastExpr	CastAs614	https://github.com/w3c/qt3tests/blob/201a6e466940cdfc727f4babfedcde5332b9f578/prod/CastExpr.xml#L5991	Unsupported cast type xs:hexBinary
prod-CastExpr	CastAs615	https://github.com/w3c/qt3tests/blob/201a6e466940cdfc727f4babfedcde5332b9f578/prod/CastExpr.xml#L6000	Unsupported cast type xs:hexBinary
prod-CastExpr	CastAs616	https://github.com/w3c/qt3tests/blob/201a6e466940cdfc727f4babfedcde5332b9f578/prod/CastExpr.xml#L6009	Unsupported cast type xs:hexBinary
prod-CastExpr	CastAs617	https://github.com/w3c/qt3tests/blob/201a6e466940cdfc727f4babfedcde5332b9f578/prod/CastExpr.xml#L6018	Unsupported cast type xs:hexBinary
prod-CastExpr	CastAs618	https://github.com/w3c/qt3tests/blob/201a6e466940cdfc727f4babfedcde5332b9f578/prod/CastExpr.xml#L6027	Unsupported cast type xs:hexBinary
prod-CastExpr	CastAs619	https://github.com/w3c/qt3tests/blob/201a6e466940cdfc727f4babfedcde5332b9f578/prod/CastExpr.xml#L6036	Unsupported cast type xs:hexBinary
prod-CastExpr	CastAs620	https://github.com/w3c/qt3tests/blob/201a6e466940cdfc727f4babfedcde5332b9f578/prod/CastExpr.xml#L6045	Unsupported cast type xs:hexBinary
prod-CastExpr	CastAs621	https://github.com/w3c/qt3tests/blob/201a6e466940cdfc727f4babfedcde5332b9f578/prod/CastExpr.xml#L6054	Unsupported cast type xs:hexBinary
prod-CastExpr	CastAs622	https://github.com/w3c/qt3tests/blob/201a6e466940cdfc727f4babfedcde5332b9f578/prod/CastExpr.xml#L6063	Unsupported cast type xs:hexBinary
prod-CastExpr	CastAs623	https://github.com/w3c/qt3tests/blob/201a6e466940cdfc727f4babfedcde5332b9f578/prod/CastExpr.xml#L6072	Unsupported cast type xs:hexBinary
prod-CastExpr	CastAs624	https://github.com/w3c/qt3tests/blob/201a6e466940cdfc727f4babfedcde5332b9f578/prod/CastExpr.xml#L6081	Unsupported cast type xs:hexBinary
prod-CastExpr	CastAs625	https://github.com/w3c/qt3tests/blob/201a6e466940cdfc727f4babfedcde5332b9f578/prod/CastExpr.xml#L6090	Unsupported cast type xs:hexBinary
prod-CastExpr	CastAs626	https://github.com/w3c/qt3tests/blob/201a6e466940cdfc727f4babfedcde5332b9f578/prod/CastExpr.xml#L6099	Unsupported cast type xs:anyURI
prod-CastExpr	CastAs627	https://github.com/w3c/qt3tests/blob/201a6e466940cdfc727f4babfedcde5332b9f578/prod/CastExpr.xml#L6108	Unsupported cast type xs:anyURI
prod-CastExpr	CastAs628	https://github.com/w3c/qt3tests/blob/201a6e466940cdfc727f4babfedcde5332b9f578/prod/CastExpr.xml#L6117	Unsupported cast type xs:anyURI
prod-CastExpr	CastAs629	https://github.com/w3c/qt3tests/blob/201a6e466940cdfc727f4babfedcde5332b9f578/prod/CastExpr.xml#L6126	Unsupported cast type xs:anyURI
prod-CastExpr	CastAs630	https://github.com/w3c/qt3tests/blob/201a6e466940cdfc727f4babfedcde5332b9f578/prod/CastExpr.xml#L6135	Unsupported cast type xs:anyURI
prod-CastExpr	CastAs631	https://github.com/w3c/qt3tests/blob/201a6e466940cdfc727f4babfedcde5332b9f578/prod/CastExpr.xml#L6144	Unsupported cast type xs:anyURI
prod-CastExpr	CastAs632	https://github.com/w3c/qt3tests/blob/201a6e466940cdfc727f4babfedcde5332b9f578/prod/CastExpr.xml#L6153	Unsupported cast type xs:anyURI
prod-CastExpr	CastAs633	https://github.com/w3c/qt3tests/blob/201a6e466940cdfc727f4babfedcde5332b9f578/prod/CastExpr.xml#L6162	Unsupported cast type xs:anyURI
prod-CastExpr	CastAs634	https://github.com/w3c/qt3tests/blob/201a6e466940cdfc727f4babfedcde5332b9f578/prod/CastExpr.xml#L6171	Unsupported cast type xs:anyURI
prod-CastExpr	CastAs635	https://github.com/w3c/qt3tests/blob/201a6e466940cdfc727f4babfedcde5332b9f578/prod/CastExpr.xml#L6180	Unsupported cast type xs:anyURI
prod-CastExpr	CastAs636	https://github.com/w3c/qt3tests/blob/201a6e466940cdfc727f4babfedcde5332b9f578/prod/CastExpr.xml#L6189	Unsupported cast type xs:anyURI
prod-CastExpr	CastAs637	https://github.com/w3c/qt3tests/blob/201a6e466940cdfc727f4babfedcde5332b9f578/prod/CastExpr.xml#L6198	Unsupported cast type xs:anyURI
prod-CastExpr	CastAs638	https://github.com/w3c/qt3tests/blob/201a6e466940cdfc727f4babfedcde5332b9f578/prod/CastExpr.xml#L6207	Unsupported cast type xs:anyURI
prod-CastExpr	CastAs639	https://github.com/w3c/qt3tests/blob/201a6e466940cdfc727f4babfedcde5332b9f578/prod/CastExpr.xml#L6216	Unsupported cast type xs:anyURI
prod-CastExpr	CastAs640	https://github.com/w3c/qt3tests/blob/201a6e466940cdfc727f4babfedcde5332b9f578/prod/CastExpr.xml#L6225	Unsupported cast type xs:anyURI
prod-CastExpr	CastAs641	https://github.com/w3c/qt3tests/blob/201a6e466940cdfc727f4babfedcde5332b9f578/prod/CastExpr.xml#L6234	Unsupported cast type xs:anyURI
prod-CastExpr	CastAs642	https://github.com/w3c/qt3tests/blob/201a6e466940cdfc727f4babfedcde5332b9f578/prod/CastExpr.xml#L6243	Unsupported cast type xs:anyURI
prod-CastExpr	CastAs643	https://github.com/w3c/qt3tests/blob/201a6e466940cdfc727f4babfedcde5332b9f578/prod/CastExpr.xml#L6252	Unsupported cast type xs:anyURI
prod-CastExpr	CastAs644	https://github.com/w3c/qt3tests/blob/201a6e466940cdfc727f4babfedcde5332b9f578/prod/CastExpr.xml#L6261	Unsupported cast type xs:anyURI
prod-CastExpr	CastAs645	https://github.com/w3c/qt3tests/blob/201a6e466940cdfc727f4babfedcde5332b9f578/prod/CastExpr.xml#L6270	Unsupported cast type xs:anyURI
prod-CastExpr	CastAs646	https://github.com/w3c/qt3tests/blob/201a6e466940cdfc727f4babfedcde5332b9f578/prod/CastExpr.xml#L6279	Unsupported cast type xs:anyURI
prod-CastExpr	CastAs648	https://github.com/w3c/qt3tests/blob/201a6e466940cdfc727f4babfedcde5332b9f578/prod/CastExpr.xml#L6300	Unsupported cast type xs:nonPositiveInteger
prod-CastExpr	CastAs649	https://github.com/w3c/qt3tests/blob/201a6e466940cdfc727f4babfedcde5332b9f578/prod/CastExpr.xml#L6309	Unsupported cast type xs:long
prod-CastExpr	CastAs650	https://github.com/w3c/qt3tests/blob/201a6e466940cdfc727f4babfedcde5332b9f578/prod/CastExpr.xml#L6318	Unsupported cast type xs:nonNegativeInteger
prod-CastExpr	CastAs651	https://github.com/w3c/qt3tests/blob/201a6e466940cdfc727f4babfedcde5332b9f578/prod/CastExpr.xml#L6327	Unsupported cast type xs:negativeInteger
prod-CastExpr	CastAs652	https://github.com/w3c/qt3tests/blob/201a6e466940cdfc727f4babfedcde5332b9f578/prod/CastExpr.xml#L6336	Unsupported cast type xs:int
prod-CastExpr	CastAs653	https://github.com/w3c/qt3tests/blob/201a6e466940cdfc727f4babfedcde5332b9f578/prod/CastExpr.xml#L6345	Unsupported cast type xs:unsignedLong
prod-CastExpr	CastAs654	https://github.com/w3c/qt3tests/blob/201a6e466940cdfc727f4babfedcde5332b9f578/prod/CastExpr.xml#L6354	Unsupported cast type xs:positiveInteger
prod-CastExpr	CastAs655	https://github.com/w3c/qt3tests/blob/201a6e466940cdfc727f4babfedcde5332b9f578/prod/CastExpr.xml#L6363	Unsupported cast type xs:short
prod-CastExpr	CastAs656	https://github.com/w3c/qt3tests/blob/201a6e466940cdfc727f4babfedcde5332b9f578/prod/CastExpr.xml#L6372	Unsupported cast type xs:unsignedInt
prod-CastExpr	CastAs657	https://github.com/w3c/qt3tests/blob/201a6e466940cdfc727f4babfedcde5332b9f578/prod/CastExpr.xml#L6381	Unsupported cast type xs:byte
prod-CastExpr	CastAs658	https://github.com/w3c/qt3tests/blob/201a6e466940cdfc727f4babfedcde5332b9f578/prod/CastExpr.xml#L6390	Unsupported cast type xs:unsignedShort
prod-CastExpr	CastAs659	https://github.com/w3c/qt3tests/blob/201a6e466940cdfc727f4babfedcde5332b9f578/prod/CastExpr.xml#L6399	Unsupported cast type xs:unsignedByte
prod-CastExpr	CastAs660	https://github.com/w3c/qt3tests/blob/201a6e466940cdfc727f4babfedcde5332b9f578/prod/CastExpr.xml#L6408	Unsupported varName
prod-CastExpr	CastAs661	https://github.com/w3c/qt3tests/blob/201a6e466940cdfc727f4babfedcde5332b9f578/prod/CastExpr.xml#L6418	Unsupported varName
prod-CastExpr	CastAs662	https://github.com/w3c/qt3tests/blob/201a6e466940cdfc727f4babfedcde5332b9f578/prod/CastExpr.xml#L6428	Unsupported varName
prod-CastExpr	CastAs663	https://github.com/w3c/qt3tests/blob/201a6e466940cdfc727f4babfedcde5332b9f578/prod/CastExpr.xml#L6438	Unsupported varName
prod-CastExpr	CastAs664	https://github.com/w3c/qt3tests/blob/201a6e466940cdfc727f4babfedcde5332b9f578/prod/CastExpr.xml#L6448	Unsupported varName
prod-CastExpr	CastAs665	https://github.com/w3c/qt3tests/blob/201a6e466940cdfc727f4babfedcde5332b9f578/prod/CastExpr.xml#L6458	Unsupported varName
prod-CastExpr	CastAs666	https://github.com/w3c/qt3tests/blob/201a6e466940cdfc727f4babfedcde5332b9f578/prod/CastExpr.xml#L6468	Unsupported varName
prod-CastExpr	CastAs667	https://github.com/w3c/qt3tests/blob/201a6e466940cdfc727f4babfedcde5332b9f578/prod/CastExpr.xml#L6478	Unsupported varName
prod-CastExpr	CastAs668	https://github.com/w3c/qt3tests/blob/201a6e466940cdfc727f4babfedcde5332b9f578/prod/CastExpr.xml#L6488	Unsupported varName
prod-CastExpr	CastAs669	https://github.com/w3c/qt3tests/blob/201a6e466940cdfc727f4babfedcde5332b9f578/prod/CastExpr.xml#L6498	Unsupported varName
prod-CastExpr	CastAs670	https://github.com/w3c/qt3tests/blob/201a6e466940cdfc727f4babfedcde5332b9f578/prod/CastExpr.xml#L6508	Unsupported dependencies spec XQ10+
prod-CastExpr	CastAs671	https://github.com/w3c/qt3tests/blob/201a6e466940cdfc727f4babfedcde5332b9f578/prod/CastExpr.xml#L6521	Unsupported varName
prod-CastExpr	CastAs672	https://github.com/w3c/qt3tests/blob/201a6e466940cdfc727f4babfedcde5332b9f578/prod/CastExpr.xml#L6531	Unsupported varName
prod-CastExpr	CastAs673a	https://github.com/w3c/qt3tests/blob/201a6e466940cdfc727f4babfedcde5332b9f578/prod/CastExpr.xml#L6541	Unsupported dependencies spec XQ10
prod-CastExpr	CastAs673b	https://github.com/w3c/qt3tests/blob/201a6e466940cdfc727f4babfedcde5332b9f578/prod/CastExpr.xml#L6552	Unsupported varName
prod-CastExpr	CastAs674	https://github.com/w3c/qt3tests/blob/201a6e466940cdfc727f4babfedcde5332b9f578/prod/CastExpr.xml#L6563	Unsupported dependencies spec XQ10
prod-CastExpr	CastAs674a	https://github.com/w3c/qt3tests/blob/201a6e466940cdfc727f4babfedcde5332b9f578/prod/CastExpr.xml#L6575	Unsupported dependencies spec XQ30+
prod-CastExpr	CastAs675	https://github.com/w3c/qt3tests/blob/201a6e466940cdfc727f4babfedcde5332b9f578/prod/CastExpr.xml#L6593	Unsupported dependencies spec XQ10
prod-CastExpr	CastAs675a	https://github.com/w3c/qt3tests/blob/201a6e466940cdfc727f4babfedcde5332b9f578/prod/CastExpr.xml#L6612	Unsupported dependencies spec XQ30+
prod-CastExpr	CastAs677	https://github.com/w3c/qt3tests/blob/201a6e466940cdfc727f4babfedcde5332b9f578/prod/CastExpr.xml#L6645	Unsupported sequenceExpr
prod-CastExpr	CastAs678	https://github.com/w3c/qt3tests/blob/201a6e466940cdfc727f4babfedcde5332b9f578/prod/CastExpr.xml#L6654	Unsupported sequenceExpr
prod-CastExpr	CastAs682	https://github.com/w3c/qt3tests/blob/201a6e466940cdfc727f4babfedcde5332b9f578/prod/CastExpr.xml#L6690	Unsupported cast type xs:gYear
prod-CastExpr	CastAs683	https://github.com/w3c/qt3tests/blob/201a6e466940cdfc727f4babfedcde5332b9f578/prod/CastExpr.xml#L6699	Unsupported cast type xs:gYearMonth
prod-CastExpr	CastAs684	https://github.com/w3c/qt3tests/blob/201a6e466940cdfc727f4babfedcde5332b9f578/prod/CastExpr.xml#L6708	Unsupported cast type xs:gMonth
prod-CastExpr	CastAs685	https://github.com/w3c/qt3tests/blob/201a6e466940cdfc727f4babfedcde5332b9f578/prod/CastExpr.xml#L6717	Unsupported cast type xs:gMonthDay
prod-CastExpr	CastAs686	https://github.com/w3c/qt3tests/blob/201a6e466940cdfc727f4babfedcde5332b9f578/prod/CastExpr.xml#L6726	Unsupported cast type xs:gDay
prod-CastExpr	CastAsNamespaceSensitiveType-1	https://github.com/w3c/qt3tests/blob/201a6e466940cdfc727f4babfedcde5332b9f578/prod/CastExpr.xml#L6824	Unsupported dependencies spec XQ30+
prod-CastExpr	CastAsNamespaceSensitiveType-2	https://github.com/w3c/qt3tests/blob/201a6e466940cdfc727f4babfedcde5332b9f578/prod/CastExpr.xml#L6840	Unsupported dependencies spec XQ30+
prod-CastExpr	CastAsNamespaceSensitiveType-3	https://github.com/w3c/qt3tests/blob/201a6e466940cdfc727f4babfedcde5332b9f578/prod/CastExpr.xml#L6857	Unsupported dependencies spec XQ30+
prod-CastExpr	CastAsNamespaceSensitiveType-4	https://github.com/w3c/qt3tests/blob/201a6e466940cdfc727f4babfedcde5332b9f578/prod/CastExpr.xml#L6873	Unsupported dependencies spec XQ30+
prod-CastExpr	CastAsNamespaceSensitiveType-5	https://github.com/w3c/qt3tests/blob/201a6e466940cdfc727f4babfedcde5332b9f578/prod/CastExpr.xml#L6889	Unsupported dependencies spec XQ30+
prod-CastExpr	CastAsNamespaceSensitiveType-6	https://github.com/w3c/qt3tests/blob/201a6e466940cdfc727f4babfedcde5332b9f578/prod/CastExpr.xml#L6906	Unsupported dependencies spec XQ30+, feature schemaImport
prod-CastExpr	CastAsNamespaceSensitiveType-7	https://github.com/w3c/qt3tests/blob/201a6e466940cdfc727f4babfedcde5332b9f578/prod/CastExpr.xml#L6929	Unsupported dependencies spec XQ30+, feature schemaImport
prod-CastExpr	CastAsNamespaceSensitiveType-8	https://github.com/w3c/qt3tests/blob/201a6e466940cdfc727f4babfedcde5332b9f578/prod/CastExpr.xml#L6952	Unsupported dependencies spec XQ30+, feature schemaImport
prod-CastExpr	CastAsNamespaceSensitiveType-9	https://github.com/w3c/qt3tests/blob/201a6e466940cdfc727f4babfedcde5332b9f578/prod/CastExpr.xml#L6971	Unsupported dependencies spec XQ30+, feature schemaImport
prod-CastExpr	CastAsNamespaceSensitiveType-10	https://github.com/w3c/qt3tests/blob/201a6e466940cdfc727f4babfedcde5332b9f578/prod/CastExpr.xml#L6990	Unsupported dependencies spec XQ30+, feature schemaImport
prod-CastExpr	CastAsNamespaceSensitiveType-11	https://github.com/w3c/qt3tests/blob/201a6e466940cdfc727f4babfedcde5332b9f578/prod/CastExpr.xml#L7013	Unsupported dependencies spec XQ30+, feature schemaImport
prod-CastExpr	CastAsNamespaceSensitiveType-12	https://github.com/w3c/qt3tests/blob/201a6e466940cdfc727f4babfedcde5332b9f578/prod/CastExpr.xml#L7032	Unsupported dependencies spec XQ30+, feature schemaImport
prod-CastExpr	K-SeqExprCast-1	https://github.com/w3c/qt3tests/blob/201a6e466940cdfc727f4babfedcde5332b9f578/prod/CastExpr.xml#L7079	Invalid XPath: 1: 'string' cast as xs:string*\n                              ^\n\nError: XPST0003: Failed to parse script. Expected -,+,validate,(#,.,[0-9]+,",',$,(,Q,[A-Z_a-z\\xC0-\\xD6\\xD8-\\xF6\\xF8-\\u02FF\\u0370-\\u037D\\u037F-\\u1FFF\\u200C\\u200D\\u2070-\\u218F\\u2C00-\\u2FEF\\u3001-\\uD7FF\\uF900-\\uFDCF\\uFDF0-\\uFFFD],[\\uD800-\\uDB7F],<,<!--,<?,document,element,attribute,namespace,text,comment,processing-instruction,function,map,[,array,``[,?,parent::,ancestor::,preceding-sibling::,preceding::,ancestor-or-self::,..,child::,descendant::,attribute::,self::,descendant-or-self::,following-sibling::,following::,document-node(,schema-element,schema-attribute(,processing-instruction(,processing-instruction(),comment(),text(),namespace-node(),node(),*:,*,/,//\n  at <>:1:28 - 1:29
prod-CastExpr	K-SeqExprCast-2	https://github.com/w3c/qt3tests/blob/201a6e466940cdfc727f4babfedcde5332b9f578/prod/CastExpr.xml#L7088	Invalid XPath: 1: 'string' cast as xs:string+\n                              ^\n\nError: XPST0003: Failed to parse script. Expected -,+,validate,(#,.,[0-9]+,",',$,(,Q,[A-Z_a-z\\xC0-\\xD6\\xD8-\\xF6\\xF8-\\u02FF\\u0370-\\u037D\\u037F-\\u1FFF\\u200C\\u200D\\u2070-\\u218F\\u2C00-\\u2FEF\\u3001-\\uD7FF\\uF900-\\uFDCF\\uFDF0-\\uFFFD],[\\uD800-\\uDB7F],<,<!--,<?,document,element,attribute,namespace,text,comment,processing-instruction,function,map,[,array,``[,?,parent::,ancestor::,preceding-sibling::,preceding::,ancestor-or-self::,..,child::,descendant::,attribute::,self::,descendant-or-self::,following-sibling::,following::,document-node(,schema-element,schema-attribute(,processing-instruction(,processing-instruction(),comment(),text(),namespace-node(),node(),*:,*,/,//\n  at <>:1:28 - 1:29
prod-CastExpr	K-SeqExprCast-3	https://github.com/w3c/qt3tests/blob/201a6e466940cdfc727f4babfedcde5332b9f578/prod/CastExpr.xml#L7097	Unsupported dependencies spec XQ10
prod-CastExpr	K-SeqExprCast-3a	https://github.com/w3c/qt3tests/blob/201a6e466940cdfc727f4babfedcde5332b9f578/prod/CastExpr.xml#L7111	Unsupported dependencies spec XQ30+
prod-CastExpr	K-SeqExprCast-4	https://github.com/w3c/qt3tests/blob/201a6e466940cdfc727f4babfedcde5332b9f578/prod/CastExpr.xml#L7125	Unsupported dependencies spec XQ10
prod-CastExpr	K-SeqExprCast-4a	https://github.com/w3c/qt3tests/blob/201a6e466940cdfc727f4babfedcde5332b9f578/prod/CastExpr.xml#L7136	Unsupported dependencies spec XQ30+
prod-CastExpr	K-SeqExprCast-5	https://github.com/w3c/qt3tests/blob/201a6e466940cdfc727f4babfedcde5332b9f578/prod/CastExpr.xml#L7148	Unsupported dependencies spec XQ10
prod-CastExpr	K-SeqExprCast-5a	https://github.com/w3c/qt3tests/blob/201a6e466940cdfc727f4babfedcde5332b9f578/prod/CastExpr.xml#L7159	Unsupported dependencies spec XQ30+
prod-CastExpr	K-SeqExprCast-6	https://github.com/w3c/qt3tests/blob/201a6e466940cdfc727f4babfedcde5332b9f578/prod/CastExpr.xml#L7170	Unsupported cast type xs:anyAtomicType
prod-CastExpr	K-SeqExprCast-7	https://github.com/w3c/qt3tests/blob/201a6e466940cdfc727f4babfedcde5332b9f578/prod/CastExpr.xml#L7179	Unsupported dependencies spec XQ10
prod-CastExpr	K-SeqExprCast-7a	https://github.com/w3c/qt3tests/blob/201a6e466940cdfc727f4babfedcde5332b9f578/prod/CastExpr.xml#L7190	Unsupported dependencies spec XQ30+
prod-CastExpr	K-SeqExprCast-8	https://github.com/w3c/qt3tests/blob/201a6e466940cdfc727f4babfedcde5332b9f578/prod/CastExpr.xml#L7201	Unsupported cast type prefixDoesNotExist:integer
prod-CastExpr	K-SeqExprCast-9	https://github.com/w3c/qt3tests/blob/201a6e466940cdfc727f4babfedcde5332b9f578/prod/CastExpr.xml#L7210	Unsupported dependencies spec XQ10
prod-CastExpr	K-SeqExprCast-9a	https://github.com/w3c/qt3tests/blob/201a6e466940cdfc727f4babfedcde5332b9f578/prod/CastExpr.xml#L7221	Unsupported dependencies spec XQ30+
prod-CastExpr	K-SeqExprCast-10	https://github.com/w3c/qt3tests/blob/201a6e466940cdfc727f4babfedcde5332b9f578/prod/CastExpr.xml#L7232	Unsupported dependencies spec XQ10
prod-CastExpr	K-SeqExprCast-10a	https://github.com/w3c/qt3tests/blob/201a6e466940cdfc727f4babfedcde5332b9f578/prod/CastExpr.xml#L7246	Unsupported dependencies spec XQ30+
prod-CastExpr	K-SeqExprCast-11	https://github.com/w3c/qt3tests/blob/201a6e466940cdfc727f4babfedcde5332b9f578/prod/CastExpr.xml#L7260	Unsupported dependencies spec XQ10
prod-CastExpr	K-SeqExprCast-11a	https://github.com/w3c/qt3tests/blob/201a6e466940cdfc727f4babfedcde5332b9f578/prod/CastExpr.xml#L7274	Unsupported dependencies spec XQ30+
prod-CastExpr	K-SeqExprCast-12	https://github.com/w3c/qt3tests/blob/201a6e466940cdfc727f4babfedcde5332b9f578/prod/CastExpr.xml#L7288	Unsupported dependencies spec XQ10
prod-CastExpr	K-SeqExprCast-12a	https://github.com/w3c/qt3tests/blob/201a6e466940cdfc727f4babfedcde5332b9f578/prod/CastExpr.xml#L7302	Unsupported dependencies spec XQ30+
prod-CastExpr	K-SeqExprCast-13	https://github.com/w3c/qt3tests/blob/201a6e466940cdfc727f4babfedcde5332b9f578/prod/CastExpr.xml#L7316	Unsupported dependencies spec XQ10
prod-CastExpr	K-SeqExprCast-13a	https://github.com/w3c/qt3tests/blob/201a6e466940cdfc727f4babfedcde5332b9f578/prod/CastExpr.xml#L7330	Unsupported dependencies spec XQ30+
prod-CastExpr	K-SeqExprCast-42	https://github.com/w3c/qt3tests/blob/201a6e466940cdfc727f4babfedcde5332b9f578/prod/CastExpr.xml#L7596	Unsupported cast type xs:QName
prod-CastExpr	K-SeqExprCast-43	https://github.com/w3c/qt3tests/blob/201a6e466940cdfc727f4babfedcde5332b9f578/prod/CastExpr.xml#L7605	Unsupported cast type xs:QName
prod-CastExpr	K-SeqExprCast-44	https://github.com/w3c/qt3tests/blob/201a6e466940cdfc727f4babfedcde5332b9f578/prod/CastExpr.xml#L7614	Unsupported cast type xs:anyURI
prod-CastExpr	K-SeqExprCast-49	https://github.com/w3c/qt3tests/blob/201a6e466940cdfc727f4babfedcde5332b9f578/prod/CastExpr.xml#L7659	Unsupported cast type xs:untypedAtomic
prod-CastExpr	K-SeqExprCast-50	https://github.com/w3c/qt3tests/blob/201a6e466940cdfc727f4babfedcde5332b9f578/prod/CastExpr.xml#L7668	Unsupported cast type xs:untypedAtomic
prod-CastExpr	K-SeqExprCast-51	https://github.com/w3c/qt3tests/blob/201a6e466940cdfc727f4babfedcde5332b9f578/prod/CastExpr.xml#L7677	Unsupported cast type xs:untypedAtomic
prod-CastExpr	K-SeqExprCast-52	https://github.com/w3c/qt3tests/blob/201a6e466940cdfc727f4babfedcde5332b9f578/prod/CastExpr.xml#L7686	Unsupported cast type xs:untypedAtomic
prod-CastExpr	K-SeqExprCast-53	https://github.com/w3c/qt3tests/blob/201a6e466940cdfc727f4babfedcde5332b9f578/prod/CastExpr.xml#L7695	Unsupported cast type xs:untypedAtomic
prod-CastExpr	K-SeqExprCast-54	https://github.com/w3c/qt3tests/blob/201a6e466940cdfc727f4babfedcde5332b9f578/prod/CastExpr.xml#L7704	Unsupported cast type xs:QName
prod-CastExpr	K-SeqExprCast-55	https://github.com/w3c/qt3tests/blob/201a6e466940cdfc727f4babfedcde5332b9f578/prod/CastExpr.xml#L7713	Unsupported cast type xs:QName
prod-CastExpr	K-SeqExprCast-56	https://github.com/w3c/qt3tests/blob/201a6e466940cdfc727f4babfedcde5332b9f578/prod/CastExpr.xml#L7722	Unsupported cast type xs:anyURI
prod-CastExpr	K-SeqExprCast-57	https://github.com/w3c/qt3tests/blob/201a6e466940cdfc727f4babfedcde5332b9f578/prod/CastExpr.xml#L7731	Unsupported cast type xs:untypedAtomic
prod-CastExpr	K-SeqExprCast-58	https://github.com/w3c/qt3tests/blob/201a6e466940cdfc727f4babfedcde5332b9f578/prod/CastExpr.xml#L7740	Unsupported cast type xs:untypedAtomic
prod-CastExpr	K-SeqExprCast-59	https://github.com/w3c/qt3tests/blob/201a6e466940cdfc727f4babfedcde5332b9f578/prod/CastExpr.xml#L7749	Unsupported cast type xs:untypedAtomic
prod-CastExpr	K-SeqExprCast-60	https://github.com/w3c/qt3tests/blob/201a6e466940cdfc727f4babfedcde5332b9f578/prod/CastExpr.xml#L7758	Unsupported cast type xs:untypedAtomic
prod-CastExpr	K-SeqExprCast-61	https://github.com/w3c/qt3tests/blob/201a6e466940cdfc727f4babfedcde5332b9f578/prod/CastExpr.xml#L7767	Unsupported cast type xs:NOTATION
prod-CastExpr	K-SeqExprCast-62	https://github.com/w3c/qt3tests/blob/201a6e466940cdfc727f4babfedcde5332b9f578/prod/CastExpr.xml#L7776	Unsupported cast to an optional type
prod-CastExpr	K-SeqExprCast-63	https://github.com/w3c/qt3tests/blob/201a6e466940cdfc727f4babfedcde5332b9f578/prod/CastExpr.xml#L7785	Unsupported sequenceExpr
prod-CastExpr	K-SeqExprCast-64	https://github.com/w3c/qt3tests/blob/201a6e466940cdfc727f4babfedcde5332b9f578/prod/CastExpr.xml#L7797	Unsupported sequenceExpr
prod-CastExpr	K-SeqExprCast-65	https://github.com/w3c/qt3tests/blob/201a6e466940cdfc727f4babfedcde5332b9f578/prod/CastExpr.xml#L7810	Unsupported cast type xs:anyURI
prod-CastExpr	K-SeqExprCast-66	https://github.com/w3c/qt3tests/blob/201a6e466940cdfc727f4babfedcde5332b9f578/prod/CastExpr.xml#L7819	Unsupported function fn:QName#2
prod-CastExpr	K-SeqExprCast-67	https://github.com/w3c/qt3tests/blob/201a6e466940cdfc727f4babfedcde5332b9f578/prod/CastExpr.xml#L7828	Unsupported sequenceExpr
prod-CastExpr	K-SeqExprCast-68	https://github.com/w3c/qt3tests/blob/201a6e466940cdfc727f4babfedcde5332b9f578/prod/CastExpr.xml#L7840	Unsupported cast type xs:QName
prod-CastExpr	K-SeqExprCast-69	https://github.com/w3c/qt3tests/blob/201a6e466940cdfc727f4babfedcde5332b9f578/prod/CastExpr.xml#L7849	Unsupported contextItemExpr
prod-CastExpr	K-SeqExprCast-70	https://github.com/w3c/qt3tests/blob/201a6e466940cdfc727f4babfedcde5332b9f578/prod/CastExpr.xml#L7861	Unsupported cast type xs:QName
prod-CastExpr	K-SeqExprCast-71a	https://github.com/w3c/qt3tests/blob/201a6e466940cdfc727f4babfedcde5332b9f578/prod/CastExpr.xml#L7870	Unsupported dependencies spec XP20 XQ10
prod-CastExpr	K-SeqExprCast-71b	https://github.com/w3c/qt3tests/blob/201a6e466940cdfc727f4babfedcde5332b9f578/prod/CastExpr.xml#L7881	Unsupported cast type xs:untypedAtomic
prod-CastExpr	K-SeqExprCast-72	https://github.com/w3c/qt3tests/blob/201a6e466940cdfc727f4babfedcde5332b9f578/prod/CastExpr.xml#L7892	Unsupported cast type xs:anyURI
prod-CastExpr	K-SeqExprCast-73	https://github.com/w3c/qt3tests/blob/201a6e466940cdfc727f4babfedcde5332b9f578/prod/CastExpr.xml#L7901	Unsupported cast type xs:untypedAtomic
prod-CastExpr	K-SeqExprCast-74	https://github.com/w3c/qt3tests/blob/201a6e466940cdfc727f4babfedcde5332b9f578/prod/CastExpr.xml#L7910	Unsupported cast type xs:anyURI
prod-CastExpr	K-SeqExprCast-77	https://github.com/w3c/qt3tests/blob/201a6e466940cdfc727f4babfedcde5332b9f578/prod/CastExpr.xml#L7937	Unsupported sequenceType
prod-CastExpr	K-SeqExprCast-82	https://github.com/w3c/qt3tests/blob/201a6e466940cdfc727f4babfedcde5332b9f578/prod/CastExpr.xml#L7982	Unsupported sequenceType
prod-CastExpr	K-SeqExprCast-87	https://github.com/w3c/qt3tests/blob/201a6e466940cdfc727f4babfedcde5332b9f578/prod/CastExpr.xml#L8027	Unsupported sequenceType
prod-CastExpr	K-SeqExprCast-91	https://github.com/w3c/qt3tests/blob/201a6e466940cdfc727f4babfedcde5332b9f578/prod/CastExpr.xml#L8063	Unsupported sequenceType
prod-CastExpr	K-SeqExprCast-92	https://github.com/w3c/qt3tests/blob/201a6e466940cdfc727f4babfedcde5332b9f578/prod/CastExpr.xml#L8072	Unsupported sequenceType
prod-CastExpr	K-SeqExprCast-93	https://github.com/w3c/qt3tests/blob/201a6e466940cdfc727f4babfedcde5332b9f578/prod/CastExpr.xml#L8081	Unsupported cast type xs:hexBinary
prod-CastExpr	K-SeqExprCast-94	https://github.com/w3c/qt3tests/blob/201a6e466940cdfc727f4babfedcde5332b9f578/prod/CastExpr.xml#L8090	Unsupported cast type xs:hexBinary
prod-CastExpr	K-SeqExprCast-95	https://github.com/w3c/qt3tests/blob/201a6e466940cdfc727f4babfedcde5332b9f578/prod/CastExpr.xml#L8099	Unsupported cast type xs:hexBinary
prod-CastExpr	K-SeqExprCast-96	https://github.com/w3c/qt3tests/blob/201a6e466940cdfc727f4babfedcde5332b9f578/prod/CastExpr.xml#L8108	Unsupported cast type xs:hexBinary
prod-CastExpr	K-SeqExprCast-97	https://github.com/w3c/qt3tests/blob/201a6e466940cdfc727f4babfedcde5332b9f578/prod/CastExpr.xml#L8117	Unsupported cast type xs:hexBinary
prod-CastExpr	K-SeqExprCast-98	https://github.com/w3c/qt3tests/blob/201a6e466940cdfc727f4babfedcde5332b9f578/prod/CastExpr.xml#L8126	Unsupported cast type xs:hexBinary
prod-CastExpr	K-SeqExprCast-99	https://github.com/w3c/qt3tests/blob/201a6e466940cdfc727f4babfedcde5332b9f578/prod/CastExpr.xml#L8135	Unsupported cast type xs:hexBinary
prod-CastExpr	K-SeqExprCast-100	https://github.com/w3c/qt3tests/blob/201a6e466940cdfc727f4babfedcde5332b9f578/prod/CastExpr.xml#L8144	Unsupported cast type xs:hexBinary
prod-CastExpr	K-SeqExprCast-101	https://github.com/w3c/qt3tests/blob/201a6e466940cdfc727f4babfedcde5332b9f578/prod/CastExpr.xml#L8153	Unsupported cast type xs:hexBinary
prod-CastExpr	K-SeqExprCast-102	https://github.com/w3c/qt3tests/blob/201a6e466940cdfc727f4babfedcde5332b9f578/prod/CastExpr.xml#L8162	Unsupported cast type xs:hexBinary
prod-CastExpr	K-SeqExprCast-103	https://github.com/w3c/qt3tests/blob/201a6e466940cdfc727f4babfedcde5332b9f578/prod/CastExpr.xml#L8171	Unsupported cast type xs:hexBinary
prod-CastExpr	K-SeqExprCast-104	https://github.com/w3c/qt3tests/blob/201a6e466940cdfc727f4babfedcde5332b9f578/prod/CastExpr.xml#L8180	Unsupported cast type xs:hexBinary
prod-CastExpr	K-SeqExprCast-105	https://github.com/w3c/qt3tests/blob/201a6e466940cdfc727f4babfedcde5332b9f578/prod/CastExpr.xml#L8189	Unsupported cast type xs:hexBinary
prod-CastExpr	K-SeqExprCast-106	https://github.com/w3c/qt3tests/blob/201a6e466940cdfc727f4babfedcde5332b9f578/prod/CastExpr.xml#L8198	Unsupported cast type xs:hexBinary
prod-CastExpr	K-SeqExprCast-107	https://github.com/w3c/qt3tests/blob/201a6e466940cdfc727f4babfedcde5332b9f578/prod/CastExpr.xml#L8207	Unsupported cast type xs:hexBinary
prod-CastExpr	K-SeqExprCast-108	https://github.com/w3c/qt3tests/blob/201a6e466940cdfc727f4babfedcde5332b9f578/prod/CastExpr.xml#L8216	Unsupported cast type xs:hexBinary
prod-CastExpr	K-SeqExprCast-109	https://github.com/w3c/qt3tests/blob/201a6e466940cdfc727f4babfedcde5332b9f578/prod/CastExpr.xml#L8225	Unsupported cast type xs:hexBinary
prod-CastExpr	K-SeqExprCast-110	https://github.com/w3c/qt3tests/blob/201a6e466940cdfc727f4babfedcde5332b9f578/prod/CastExpr.xml#L8234	Unsupported cast type xs:hexBinary
prod-CastExpr	K-SeqExprCast-111	https://github.com/w3c/qt3tests/blob/201a6e466940cdfc727f4babfedcde5332b9f578/prod/CastExpr.xml#L8243	Unsupported cast type xs:hexBinary
prod-CastExpr	K-SeqExprCast-112	https://github.com/w3c/qt3tests/blob/201a6e466940cdfc727f4babfedcde5332b9f578/prod/CastExpr.xml#L8252	Unsupported cast type xs:hexBinary
prod-CastExpr	K-SeqExprCast-113	https://github.com/w3c/qt3tests/blob/201a6e466940cdfc727f4babfedcde5332b9f578/prod/CastExpr.xml#L8261	Unsupported cast type xs:hexBinary
prod-CastExpr	K-SeqExprCast-114	https://github.com/w3c/qt3tests/blob/201a6e466940cdfc727f4babfedcde5332b9f578/prod/CastExpr.xml#L8270	Unsupported cast type xs:hexBinary
prod-CastExpr	K-SeqExprCast-115	https://github.com/w3c/qt3tests/blob/201a6e466940cdfc727f4babfedcde5332b9f578/prod/CastExpr.xml#L8279	Unsupported cast type xs:base64Binary
prod-CastExpr	K-SeqExprCast-116	https://github.com/w3c/qt3tests/blob/201a6e466940cdfc727f4babfedcde5332b9f578/prod/CastExpr.xml#L8288	Unsupported cast type xs:base64Binary
prod-CastExpr	K-SeqExprCast-117	https://github.com/w3c/qt3tests/blob/201a6e466940cdfc727f4babfedcde5332b9f578/prod/CastExpr.xml#L8297	Unsupported cast type xs:base64Binary
prod-CastExpr	K-SeqExprCast-118	https://github.com/w3c/qt3tests/blob/201a6e466940cdfc727f4babfedcde5332b9f578/prod/CastExpr.xml#L8306	Unsupported cast type xs:base64Binary
prod-CastExpr	K-SeqExprCast-119	https://github.com/w3c/qt3tests/blob/201a6e466940cdfc727f4babfedcde5332b9f578/prod/CastExpr.xml#L8315	Unsupported cast type xs:base64Binary
prod-CastExpr	K-SeqExprCast-120	https://github.com/w3c/qt3tests/blob/201a6e466940cdfc727f4babfedcde5332b9f578/prod/CastExpr.xml#L8324	Unsupported cast type xs:base64Binary
prod-CastExpr	K-SeqExprCast-121	https://github.com/w3c/qt3tests/blob/201a6e466940cdfc727f4babfedcde5332b9f578/prod/CastExpr.xml#L8333	Unsupported cast type xs:base64Binary
prod-CastExpr	K-SeqExprCast-122	https://github.com/w3c/qt3tests/blob/201a6e466940cdfc727f4babfedcde5332b9f578/prod/CastExpr.xml#L8342	Unsupported cast type xs:base64Binary
prod-CastExpr	K-SeqExprCast-123	https://github.com/w3c/qt3tests/blob/201a6e466940cdfc727f4babfedcde5332b9f578/prod/CastExpr.xml#L8351	Unsupported cast type xs:base64Binary
prod-CastExpr	K-SeqExprCast-124	https://github.com/w3c/qt3tests/blob/201a6e466940cdfc727f4babfedcde5332b9f578/prod/CastExpr.xml#L8360	Unsupported cast type xs:base64Binary
prod-CastExpr	K-SeqExprCast-125	https://github.com/w3c/qt3tests/blob/201a6e466940cdfc727f4babfedcde5332b9f578/prod/CastExpr.xml#L8369	Unsupported cast type xs:base64Binary
prod-CastExpr	K-SeqExprCast-126	https://github.com/w3c/qt3tests/blob/201a6e466940cdfc727f4babfedcde5332b9f578/prod/CastExpr.xml#L8378	Unsupported cast type xs:base64Binary
prod-CastExpr	K-SeqExprCast-127	https://github.com/w3c/qt3tests/blob/201a6e466940cdfc727f4babfedcde5332b9f578/prod/CastExpr.xml#L8387	Unsupported cast type xs:base64Binary
prod-CastExpr	K-SeqExprCast-128	https://github.com/w3c/qt3tests/blob/201a6e466940cdfc727f4babfedcde5332b9f578/prod/CastExpr.xml#L8396	Unsupported cast type xs:base64Binary
prod-CastExpr	K-SeqExprCast-129	https://github.com/w3c/qt3tests/blob/201a6e466940cdfc727f4babfedcde5332b9f578/prod/CastExpr.xml#L8405	Unsupported cast type xs:base64Binary
prod-CastExpr	K-SeqExprCast-130	https://github.com/w3c/qt3tests/blob/201a6e466940cdfc727f4babfedcde5332b9f578/prod/CastExpr.xml#L8414	Unsupported cast type xs:hexBinary
prod-CastExpr	K-SeqExprCast-131	https://github.com/w3c/qt3tests/blob/201a6e466940cdfc727f4babfedcde5332b9f578/prod/CastExpr.xml#L8423	Unsupported cast type xs:hexBinary
prod-CastExpr	K-SeqExprCast-132	https://github.com/w3c/qt3tests/blob/201a6e466940cdfc727f4babfedcde5332b9f578/prod/CastExpr.xml#L8432	Unsupported cast type xs:hexBinary
prod-CastExpr	K-SeqExprCast-133	https://github.com/w3c/qt3tests/blob/201a6e466940cdfc727f4babfedcde5332b9f578/prod/CastExpr.xml#L8441	Unsupported cast type xs:hexBinary
prod-CastExpr	K-SeqExprCast-134	https://github.com/w3c/qt3tests/blob/201a6e466940cdfc727f4babfedcde5332b9f578/prod/CastExpr.xml#L8450	Unsupported cast type xs:hexBinary
prod-CastExpr	K-SeqExprCast-135	https://github.com/w3c/qt3tests/blob/201a6e466940cdfc727f4babfedcde5332b9f578/prod/CastExpr.xml#L8459	Unsupported cast type xs:hexBinary
prod-CastExpr	K-SeqExprCast-136	https://github.com/w3c/qt3tests/blob/201a6e466940cdfc727f4babfedcde5332b9f578/prod/CastExpr.xml#L8468	Unsupported cast type xs:hexBinary
prod-CastExpr	K-SeqExprCast-137	https://github.com/w3c/qt3tests/blob/201a6e466940cdfc727f4babfedcde5332b9f578/prod/CastExpr.xml#L8477	Unsupported cast type xs:hexBinary
prod-CastExpr	K-SeqExprCast-138	https://github.com/w3c/qt3tests/blob/201a6e466940cdfc727f4babfedcde5332b9f578/prod/CastExpr.xml#L8486	Unsupported cast type xs:hexBinary
prod-CastExpr	K-SeqExprCast-139	https://github.com/w3c/qt3tests/blob/201a6e466940cdfc727f4babfedcde5332b9f578/prod/CastExpr.xml#L8495	Unsupported cast type xs:hexBinary
prod-CastExpr	K-SeqExprCast-140	https://github.com/w3c/qt3tests/blob/201a6e466940cdfc727f4babfedcde5332b9f578/prod/CastExpr.xml#L8504	Unsupported cast type xs:base64Binary
prod-CastExpr	K-SeqExprCast-141	https://github.com/w3c/qt3tests/blob/201a6e466940cdfc727f4babfedcde5332b9f578/prod/CastExpr.xml#L8513	Unsupported cast type xs:base64Binary
prod-CastExpr	K-SeqExprCast-142	https://github.com/w3c/qt3tests/blob/201a6e466940cdfc727f4babfedcde5332b9f578/prod/CastExpr.xml#L8522	Unsupported cast type xs:base64Binary
prod-CastExpr	K-SeqExprCast-143	https://github.com/w3c/qt3tests/blob/201a6e466940cdfc727f4babfedcde5332b9f578/prod/CastExpr.xml#L8531	Unsupported sequenceExpr
prod-CastExpr	K-SeqExprCast-144	https://github.com/w3c/qt3tests/blob/201a6e466940cdfc727f4babfedcde5332b9f578/prod/CastExpr.xml#L8540	Unsupported sequenceExpr
prod-CastExpr	K-SeqExprCast-145	https://github.com/w3c/qt3tests/blob/201a6e466940cdfc727f4babfedcde5332b9f578/prod/CastExpr.xml#L8552	Unsupported sequenceExpr
prod-CastExpr	K-SeqExprCast-213	https://github.com/w3c/qt3tests/blob/201a6e466940cdfc727f4babfedcde5332b9f578/prod/CastExpr.xml#L9146	Unsupported cast type xs:gYear
prod-CastExpr	K-SeqExprCast-214	https://github.com/w3c/qt3tests/blob/201a6e466940cdfc727f4babfedcde5332b9f578/prod/CastExpr.xml#L9155	Unsupported cast type xs:gYear
prod-CastExpr	K-SeqExprCast-215	https://github.com/w3c/qt3tests/blob/201a6e466940cdfc727f4babfedcde5332b9f578/prod/CastExpr.xml#L9164	Unsupported cast type xs:gYear
prod-CastExpr	K-SeqExprCast-216	https://github.com/w3c/qt3tests/blob/201a6e466940cdfc727f4babfedcde5332b9f578/prod/CastExpr.xml#L9173	Unsupported cast type xs:gYear
prod-CastExpr	K-SeqExprCast-217	https://github.com/w3c/qt3tests/blob/201a6e466940cdfc727f4babfedcde5332b9f578/prod/CastExpr.xml#L9182	Unsupported cast type xs:gYear
prod-CastExpr	K-SeqExprCast-218	https://github.com/w3c/qt3tests/blob/201a6e466940cdfc727f4babfedcde5332b9f578/prod/CastExpr.xml#L9191	Unsupported cast type xs:gYear
prod-CastExpr	K-SeqExprCast-219	https://github.com/w3c/qt3tests/blob/201a6e466940cdfc727f4babfedcde5332b9f578/prod/CastExpr.xml#L9200	Unsupported cast type xs:gYear
prod-CastExpr	K-SeqExprCast-220	https://github.com/w3c/qt3tests/blob/201a6e466940cdfc727f4babfedcde5332b9f578/prod/CastExpr.xml#L9209	Unsupported cast type xs:gYear
prod-CastExpr	K-SeqExprCast-221	https://github.com/w3c/qt3tests/blob/201a6e466940cdfc727f4babfedcde5332b9f578/prod/CastExpr.xml#L9218	Unsupported cast type xs:gYear
prod-CastExpr	K-SeqExprCast-222	https://github.com/w3c/qt3tests/blob/201a6e466940cdfc727f4babfedcde5332b9f578/prod/CastExpr.xml#L9227	Unsupported cast type xs:gYear
prod-CastExpr	K-SeqExprCast-223	https://github.com/w3c/qt3tests/blob/201a6e466940cdfc727f4babfedcde5332b9f578/prod/CastExpr.xml#L9236	Unsupported cast type xs:gYear
prod-CastExpr	K-SeqExprCast-224	https://github.com/w3c/qt3tests/blob/201a6e466940cdfc727f4babfedcde5332b9f578/prod/CastExpr.xml#L9245	Unsupported cast type xs:gYear
prod-CastExpr	K-SeqExprCast-225	https://github.com/w3c/qt3tests/blob/201a6e466940cdfc727f4babfedcde5332b9f578/prod/CastExpr.xml#L9254	Unsupported cast type xs:gYear
prod-CastExpr	K-SeqExprCast-226	https://github.com/w3c/qt3tests/blob/201a6e466940cdfc727f4babfedcde5332b9f578/prod/CastExpr.xml#L9263	Unsupported cast type xs:gYear
prod-CastExpr	K-SeqExprCast-227	https://github.com/w3c/qt3tests/blob/201a6e466940cdfc727f4babfedcde5332b9f578/prod/CastExpr.xml#L9272	Unsupported cast type xs:gYear
prod-CastExpr	K-SeqExprCast-228	https://github.com/w3c/qt3tests/blob/201a6e466940cdfc727f4babfedcde5332b9f578/prod/CastExpr.xml#L9281	Unsupported cast type xs:gYear
prod-CastExpr	K-SeqExprCast-229	https://github.com/w3c/qt3tests/blob/201a6e466940cdfc727f4babfedcde5332b9f578/prod/CastExpr.xml#L9290	Unsupported cast type xs:gYear
prod-CastExpr	K-SeqExprCast-230	https://github.com/w3c/qt3tests/blob/201a6e466940cdfc727f4babfedcde5332b9f578/prod/CastExpr.xml#L9299	Unsupported cast type xs:gYear
prod-CastExpr	K-SeqExprCast-231	https://github.com/w3c/qt3tests/blob/201a6e466940cdfc727f4babfedcde5332b9f578/prod/CastExpr.xml#L9308	Unsupported cast type xs:gYear
prod-CastExpr	K-SeqExprCast-232	https://github.com/w3c/qt3tests/blob/201a6e466940cdfc727f4babfedcde5332b9f578/prod/CastExpr.xml#L9317	Unsupported cast type xs:gYear
prod-CastExpr	K-SeqExprCast-233	https://github.com/w3c/qt3tests/blob/201a6e466940cdfc727f4babfedcde5332b9f578/prod/CastExpr.xml#L9326	Unsupported cast type xs:gYear
prod-CastExpr	K-SeqExprCast-234	https://github.com/w3c/qt3tests/blob/201a6e466940cdfc727f4babfedcde5332b9f578/prod/CastExpr.xml#L9335	Unsupported cast type xs:gDay
prod-CastExpr	K-SeqExprCast-235	https://github.com/w3c/qt3tests/blob/201a6e466940cdfc727f4babfedcde5332b9f578/prod/CastExpr.xml#L9344	Unsupported cast type xs:gDay
prod-CastExpr	K-SeqExprCast-236	https://github.com/w3c/qt3tests/blob/201a6e466940cdfc727f4babfedcde5332b9f578/prod/CastExpr.xml#L9353	Unsupported cast type xs:gDay
prod-CastExpr	K-SeqExprCast-237	https://github.com/w3c/qt3tests/blob/201a6e466940cdfc727f4babfedcde5332b9f578/prod/CastExpr.xml#L9362	Unsupported cast type xs:gDay
prod-CastExpr	K-SeqExprCast-238	https://github.com/w3c/qt3tests/blob/201a6e466940cdfc727f4babfedcde5332b9f578/prod/CastExpr.xml#L9371	Unsupported cast type xs:gDay
prod-CastExpr	K-SeqExprCast-239	https://github.com/w3c/qt3tests/blob/201a6e466940cdfc727f4babfedcde5332b9f578/prod/CastExpr.xml#L9380	Unsupported cast type xs:gDay
prod-CastExpr	K-SeqExprCast-240	https://github.com/w3c/qt3tests/blob/201a6e466940cdfc727f4babfedcde5332b9f578/prod/CastExpr.xml#L9389	Unsupported cast type xs:gDay
prod-CastExpr	K-SeqExprCast-241	https://github.com/w3c/qt3tests/blob/201a6e466940cdfc727f4babfedcde5332b9f578/prod/CastExpr.xml#L9398	Unsupported cast type xs:gDay
prod-CastExpr	K-SeqExprCast-242	https://github.com/w3c/qt3tests/blob/201a6e466940cdfc727f4babfedcde5332b9f578/prod/CastExpr.xml#L9407	Unsupported cast type xs:gDay
prod-CastExpr	K-SeqExprCast-243	https://github.com/w3c/qt3tests/blob/201a6e466940cdfc727f4babfedcde5332b9f578/prod/CastExpr.xml#L9416	Unsupported cast type xs:gDay
prod-CastExpr	K-SeqExprCast-244	https://github.com/w3c/qt3tests/blob/201a6e466940cdfc727f4babfedcde5332b9f578/prod/CastExpr.xml#L9425	Unsupported cast type xs:gDay
prod-CastExpr	K-SeqExprCast-245	https://github.com/w3c/qt3tests/blob/201a6e466940cdfc727f4babfedcde5332b9f578/prod/CastExpr.xml#L9434	Unsupported cast type xs:gDay
prod-CastExpr	K-SeqExprCast-246	https://github.com/w3c/qt3tests/blob/201a6e466940cdfc727f4babfedcde5332b9f578/prod/CastExpr.xml#L9443	Unsupported cast type xs:gDay
prod-CastExpr	K-SeqExprCast-247	https://github.com/w3c/qt3tests/blob/201a6e466940cdfc727f4babfedcde5332b9f578/prod/CastExpr.xml#L9452	Unsupported cast type xs:gDay
prod-CastExpr	K-SeqExprCast-248	https://github.com/w3c/qt3tests/blob/201a6e466940cdfc727f4babfedcde5332b9f578/prod/CastExpr.xml#L9461	Unsupported cast type xs:gDay
prod-CastExpr	K-SeqExprCast-249	https://github.com/w3c/qt3tests/blob/201a6e466940cdfc727f4babfedcde5332b9f578/prod/CastExpr.xml#L9470	Unsupported cast type xs:gDay
prod-CastExpr	K-SeqExprCast-250	https://github.com/w3c/qt3tests/blob/201a6e466940cdfc727f4babfedcde5332b9f578/prod/CastExpr.xml#L9479	Unsupported cast type xs:gDay
prod-CastExpr	K-SeqExprCast-251	https://github.com/w3c/qt3tests/blob/201a6e466940cdfc727f4babfedcde5332b9f578/prod/CastExpr.xml#L9488	Unsupported cast type xs:gDay
prod-CastExpr	K-SeqExprCast-252	https://github.com/w3c/qt3tests/blob/201a6e466940cdfc727f4babfedcde5332b9f578/prod/CastExpr.xml#L9497	Unsupported cast type xs:gDay
prod-CastExpr	K-SeqExprCast-253	https://github.com/w3c/qt3tests/blob/201a6e466940cdfc727f4babfedcde5332b9f578/prod/CastExpr.xml#L9506	Unsupported cast type xs:gDay
prod-CastExpr	K-SeqExprCast-254	https://github.com/w3c/qt3tests/blob/201a6e466940cdfc727f4babfedcde5332b9f578/prod/CastExpr.xml#L9515	Unsupported cast type xs:gDay
prod-CastExpr	K-SeqExprCast-255	https://github.com/w3c/qt3tests/blob/201a6e466940cdfc727f4babfedcde5332b9f578/prod/CastExpr.xml#L9524	Unsupported cast type xs:gDay
prod-CastExpr	K-SeqExprCast-256	https://github.com/w3c/qt3tests/blob/201a6e466940cdfc727f4babfedcde5332b9f578/prod/CastExpr.xml#L9533	Unsupported cast type xs:gMonth
prod-CastExpr	K-SeqExprCast-257	https://github.com/w3c/qt3tests/blob/201a6e466940cdfc727f4babfedcde5332b9f578/prod/CastExpr.xml#L9542	Unsupported cast type xs:gMonth
prod-CastExpr	K-SeqExprCast-258	https://github.com/w3c/qt3tests/blob/201a6e466940cdfc727f4babfedcde5332b9f578/prod/CastExpr.xml#L9551	Unsupported cast type xs:gMonth
prod-CastExpr	K-SeqExprCast-259	https://github.com/w3c/qt3tests/blob/201a6e466940cdfc727f4babfedcde5332b9f578/prod/CastExpr.xml#L9560	Unsupported cast type xs:gMonth
prod-CastExpr	K-SeqExprCast-260	https://github.com/w3c/qt3tests/blob/201a6e466940cdfc727f4babfedcde5332b9f578/prod/CastExpr.xml#L9569	Unsupported cast type xs:gMonth
prod-CastExpr	K-SeqExprCast-261	https://github.com/w3c/qt3tests/blob/201a6e466940cdfc727f4babfedcde5332b9f578/prod/CastExpr.xml#L9578	Unsupported cast type xs:gMonth
prod-CastExpr	K-SeqExprCast-262	https://github.com/w3c/qt3tests/blob/201a6e466940cdfc727f4babfedcde5332b9f578/prod/CastExpr.xml#L9587	Unsupported cast type xs:gMonth
prod-CastExpr	K-SeqExprCast-263	https://github.com/w3c/qt3tests/blob/201a6e466940cdfc727f4babfedcde5332b9f578/prod/CastExpr.xml#L9596	Unsupported cast type xs:gMonth
prod-CastExpr	K-SeqExprCast-264	https://github.com/w3c/qt3tests/blob/201a6e466940cdfc727f4babfedcde5332b9f578/prod/CastExpr.xml#L9605	Unsupported cast type xs:gMonth
prod-CastExpr	K-SeqExprCast-265	https://github.com/w3c/qt3tests/blob/201a6e466940cdfc727f4babfedcde5332b9f578/prod/CastExpr.xml#L9614	Unsupported cast type xs:gMonth
prod-CastExpr	K-SeqExprCast-266	https://github.com/w3c/qt3tests/blob/201a6e466940cdfc727f4babfedcde5332b9f578/prod/CastExpr.xml#L9623	Unsupported cast type xs:gMonth
prod-CastExpr	K-SeqExprCast-267	https://github.com/w3c/qt3tests/blob/201a6e466940cdfc727f4babfedcde5332b9f578/prod/CastExpr.xml#L9632	Unsupported cast type xs:gMonth
prod-CastExpr	K-SeqExprCast-268	https://github.com/w3c/qt3tests/blob/201a6e466940cdfc727f4babfedcde5332b9f578/prod/CastExpr.xml#L9641	Unsupported cast type xs:gMonth
prod-CastExpr	K-SeqExprCast-269	https://github.com/w3c/qt3tests/blob/201a6e466940cdfc727f4babfedcde5332b9f578/prod/CastExpr.xml#L9650	Unsupported cast type xs:gMonth
prod-CastExpr	K-SeqExprCast-270	https://github.com/w3c/qt3tests/blob/201a6e466940cdfc727f4babfedcde5332b9f578/prod/CastExpr.xml#L9659	Unsupported cast type xs:gMonth
prod-CastExpr	K-SeqExprCast-271	https://github.com/w3c/qt3tests/blob/201a6e466940cdfc727f4babfedcde5332b9f578/prod/CastExpr.xml#L9668	Unsupported cast type xs:gYearMonth
prod-CastExpr	K-SeqExprCast-272	https://github.com/w3c/qt3tests/blob/201a6e466940cdfc727f4babfedcde5332b9f578/prod/CastExpr.xml#L9677	Unsupported cast type xs:gYearMonth
prod-CastExpr	K-SeqExprCast-273	https://github.com/w3c/qt3tests/blob/201a6e466940cdfc727f4babfedcde5332b9f578/prod/CastExpr.xml#L9686	Unsupported cast type xs:gYearMonth
prod-CastExpr	K-SeqExprCast-274	https://github.com/w3c/qt3tests/blob/201a6e466940cdfc727f4babfedcde5332b9f578/prod/CastExpr.xml#L9695	Unsupported cast type xs:gYearMonth
prod-CastExpr	K-SeqExprCast-275	https://github.com/w3c/qt3tests/blob/201a6e466940cdfc727f4babfedcde5332b9f578/prod/CastExpr.xml#L9704	Unsupported cast type xs:gYearMonth
prod-CastExpr	K-SeqExprCast-276	https://github.com/w3c/qt3tests/blob/201a6e466940cdfc727f4babfedcde5332b9f578/prod/CastExpr.xml#L9713	Unsupported cast type xs:gYearMonth
prod-CastExpr	K-SeqExprCast-277	https://github.com/w3c/qt3tests/blob/201a6e466940cdfc727f4babfedcde5332b9f578/prod/CastExpr.xml#L9722	Unsupported cast type xs:gYearMonth
prod-CastExpr	K-SeqExprCast-278	https://github.com/w3c/qt3tests/blob/201a6e466940cdfc727f4babfedcde5332b9f578/prod/CastExpr.xml#L9731	Unsupported cast type xs:gYearMonth
prod-CastExpr	K-SeqExprCast-279	https://github.com/w3c/qt3tests/blob/201a6e466940cdfc727f4babfedcde5332b9f578/prod/CastExpr.xml#L9740	Unsupported cast type xs:gYearMonth
prod-CastExpr	K-SeqExprCast-280	https://github.com/w3c/qt3tests/blob/201a6e466940cdfc727f4babfedcde5332b9f578/prod/CastExpr.xml#L9749	Unsupported cast type xs:gYearMonth
prod-CastExpr	K-SeqExprCast-281	https://github.com/w3c/qt3tests/blob/201a6e466940cdfc727f4babfedcde5332b9f578/prod/CastExpr.xml#L9758	Unsupported cast type xs:gYearMonth
prod-CastExpr	K-SeqExprCast-282	https://github.com/w3c/qt3tests/blob/201a6e466940cdfc727f4babfedcde5332b9f578/prod/CastExpr.xml#L9767	Unsupported cast type xs:gYearMonth
prod-CastExpr	K-SeqExprCast-283	https://github.com/w3c/qt3tests/blob/201a6e466940cdfc727f4babfedcde5332b9f578/prod/CastExpr.xml#L9776	Unsupported cast type xs:gYearMonth
prod-CastExpr	K-SeqExprCast-284	https://github.com/w3c/qt3tests/blob/201a6e466940cdfc727f4babfedcde5332b9f578/prod/CastExpr.xml#L9785	Unsupported cast type xs:gYearMonth
prod-CastExpr	K-SeqExprCast-285	https://github.com/w3c/qt3tests/blob/201a6e466940cdfc727f4babfedcde5332b9f578/prod/CastExpr.xml#L9794	Unsupported cast type xs:gYearMonth
prod-CastExpr	K-SeqExprCast-286	https://github.com/w3c/qt3tests/blob/201a6e466940cdfc727f4babfedcde5332b9f578/prod/CastExpr.xml#L9803	Unsupported cast type xs:gMonthDay
prod-CastExpr	K-SeqExprCast-287	https://github.com/w3c/qt3tests/blob/201a6e466940cdfc727f4babfedcde5332b9f578/prod/CastExpr.xml#L9812	Unsupported cast type xs:gMonthDay
prod-CastExpr	K-SeqExprCast-288	https://github.com/w3c/qt3tests/blob/201a6e466940cdfc727f4babfedcde5332b9f578/prod/CastExpr.xml#L9821	Unsupported cast type xs:gMonthDay
prod-CastExpr	K-SeqExprCast-289	https://github.com/w3c/qt3tests/blob/201a6e466940cdfc727f4babfedcde5332b9f578/prod/CastExpr.xml#L9830	Unsupported cast type xs:gMonthDay
prod-CastExpr	K-SeqExprCast-290	https://github.com/w3c/qt3tests/blob/201a6e466940cdfc727f4babfedcde5332b9f578/prod/CastExpr.xml#L9839	Unsupported cast type xs:gMonthDay
prod-CastExpr	K-SeqExprCast-291	https://github.com/w3c/qt3tests/blob/201a6e466940cdfc727f4babfedcde5332b9f578/prod/CastExpr.xml#L9848	Unsupported cast type xs:gMonthDay
prod-CastExpr	K-SeqExprCast-292	https://github.com/w3c/qt3tests/blob/201a6e466940cdfc727f4babfedcde5332b9f578/prod/CastExpr.xml#L9857	Unsupported cast type xs:gMonthDay
prod-CastExpr	K-SeqExprCast-293	https://github.com/w3c/qt3tests/blob/201a6e466940cdfc727f4babfedcde5332b9f578/prod/CastExpr.xml#L9866	Unsupported cast type xs:gMonthDay
prod-CastExpr	K-SeqExprCast-294	https://github.com/w3c/qt3tests/blob/201a6e466940cdfc727f4babfedcde5332b9f578/prod/CastExpr.xml#L9875	Unsupported cast type xs:gMonthDay
prod-CastExpr	K-SeqExprCast-295	https://github.com/w3c/qt3tests/blob/201a6e466940cdfc727f4babfedcde5332b9f578/prod/CastExpr.xml#L9884	Unsupported cast type xs:gMonthDay
prod-CastExpr	K-SeqExprCast-296	https://github.com/w3c/qt3tests/blob/201a6e466940cdfc727f4babfedcde5332b9f578/prod/CastExpr.xml#L9893	Unsupported cast type xs:gMonthDay
prod-CastExpr	K-SeqExprCast-297	https://github.com/w3c/qt3tests/blob/201a6e466940cdfc727f4babfedcde5332b9f578/prod/CastExpr.xml#L9902	Unsupported cast type xs:gMonthDay
prod-CastExpr	K-SeqExprCast-298	https://github.com/w3c/qt3tests/blob/201a6e466940cdfc727f4babfedcde5332b9f578/prod/CastExpr.xml#L9911	Unsupported cast type xs:gMonthDay
prod-CastExpr	K-SeqExprCast-299	https://github.com/w3c/qt3tests/blob/201a6e466940cdfc727f4babfedcde5332b9f578/prod/CastExpr.xml#L9920	Unsupported cast type xs:gMonthDay
prod-CastExpr	K-SeqExprCast-300	https://github.com/w3c/qt3tests/blob/201a6e466940cdfc727f4babfedcde5332b9f578/prod/CastExpr.xml#L9929	Unsupported cast type xs:gMonthDay
prod-CastExpr	K-SeqExprCast-301	https://github.com/w3c/qt3tests/blob/201a6e466940cdfc727f4babfedcde5332b9f578/prod/CastExpr.xml#L9938	Unsupported cast type xs:gMonthDay
prod-CastExpr	K-SeqExprCast-302	https://github.com/w3c/qt3tests/blob/201a6e466940cdfc727f4babfedcde5332b9f578/prod/CastExpr.xml#L9947	Unsupported cast type xs:gMonthDay
prod-CastExpr	K-SeqExprCast-303	https://github.com/w3c/qt3tests/blob/201a6e466940cdfc727f4babfedcde5332b9f578/prod/CastExpr.xml#L9956	Unsupported cast type xs:gMonthDay
prod-CastExpr	K-SeqExprCast-304	https://github.com/w3c/qt3tests/blob/201a6e466940cdfc727f4babfedcde5332b9f578/prod/CastExpr.xml#L9965	Unsupported cast type xs:gMonthDay
prod-CastExpr	K-SeqExprCast-305	https://github.com/w3c/qt3tests/blob/201a6e466940cdfc727f4babfedcde5332b9f578/prod/CastExpr.xml#L9974	Unsupported cast type xs:gMonthDay
prod-CastExpr	K-SeqExprCast-306	https://github.com/w3c/qt3tests/blob/201a6e466940cdfc727f4babfedcde5332b9f578/prod/CastExpr.xml#L9983	Unsupported cast type xs:gMonthDay
prod-CastExpr	K-SeqExprCast-307	https://github.com/w3c/qt3tests/blob/201a6e466940cdfc727f4babfedcde5332b9f578/prod/CastExpr.xml#L9992	Unsupported cast type xs:gMonthDay
prod-CastExpr	K-SeqExprCast-326	https://github.com/w3c/qt3tests/blob/201a6e466940cdfc727f4babfedcde5332b9f578/prod/CastExpr.xml#L10163	Unsupported cast type xs:gYear
prod-CastExpr	K-SeqExprCast-327	https://github.com/w3c/qt3tests/blob/201a6e466940cdfc727f4babfedcde5332b9f578/prod/CastExpr.xml#L10172	Unsupported cast type xs:gYear
prod-CastExpr	K-SeqExprCast-328	https://github.com/w3c/qt3tests/blob/201a6e466940cdfc727f4babfedcde5332b9f578/prod/CastExpr.xml#L10181	Unsupported cast type xs:gYearMonth
prod-CastExpr	K-SeqExprCast-329	https://github.com/w3c/qt3tests/blob/201a6e466940cdfc727f4babfedcde5332b9f578/prod/CastExpr.xml#L10190	Unsupported cast type xs:gYearMonth
prod-CastExpr	K-SeqExprCast-330	https://github.com/w3c/qt3tests/blob/201a6e466940cdfc727f4babfedcde5332b9f578/prod/CastExpr.xml#L10199	Unsupported cast type xs:gMonth
prod-CastExpr	K-SeqExprCast-331	https://github.com/w3c/qt3tests/blob/201a6e466940cdfc727f4babfedcde5332b9f578/prod/CastExpr.xml#L10208	Unsupported cast type xs:gMonth
prod-CastExpr	K-SeqExprCast-332	https://github.com/w3c/qt3tests/blob/201a6e466940cdfc727f4babfedcde5332b9f578/prod/CastExpr.xml#L10217	Unsupported cast type xs:gMonthDay
prod-CastExpr	K-SeqExprCast-333	https://github.com/w3c/qt3tests/blob/201a6e466940cdfc727f4babfedcde5332b9f578/prod/CastExpr.xml#L10226	Unsupported cast type xs:gMonthDay
prod-CastExpr	K-SeqExprCast-334	https://github.com/w3c/qt3tests/blob/201a6e466940cdfc727f4babfedcde5332b9f578/prod/CastExpr.xml#L10235	Unsupported cast type xs:gDay
prod-CastExpr	K-SeqExprCast-335	https://github.com/w3c/qt3tests/blob/201a6e466940cdfc727f4babfedcde5332b9f578/prod/CastExpr.xml#L10244	Unsupported cast type xs:gDay
prod-CastExpr	K-SeqExprCast-389	https://github.com/w3c/qt3tests/blob/201a6e466940cdfc727f4babfedcde5332b9f578/prod/CastExpr.xml#L10730	Unsupported cast type xs:gYear
prod-CastExpr	K-SeqExprCast-390	https://github.com/w3c/qt3tests/blob/201a6e466940cdfc727f4babfedcde5332b9f578/prod/CastExpr.xml#L10739	Unsupported cast type xs:gYear
prod-CastExpr	K-SeqExprCast-391	https://github.com/w3c/qt3tests/blob/201a6e466940cdfc727f4babfedcde5332b9f578/prod/CastExpr.xml#L10748	Unsupported cast type xs:gYearMonth
prod-CastExpr	K-SeqExprCast-392	https://github.com/w3c/qt3tests/blob/201a6e466940cdfc727f4babfedcde5332b9f578/prod/CastExpr.xml#L10757	Unsupported cast type xs:gYearMonth
prod-CastExpr	K-SeqExprCast-393	https://github.com/w3c/qt3tests/blob/201a6e466940cdfc727f4babfedcde5332b9f578/prod/CastExpr.xml#L10766	Unsupported cast type xs:gMonth
prod-CastExpr	K-SeqExprCast-394	https://github.com/w3c/qt3tests/blob/201a6e466940cdfc727f4babfedcde5332b9f578/prod/CastExpr.xml#L10775	Unsupported cast type xs:gMonth
prod-CastExpr	K-SeqExprCast-395	https://github.com/w3c/qt3tests/blob/201a6e466940cdfc727f4babfedcde5332b9f578/prod/CastExpr.xml#L10784	Unsupported cast type xs:gMonthDay
prod-CastExpr	K-SeqExprCast-396	https://github.com/w3c/qt3tests/blob/201a6e466940cdfc727f4babfedcde5332b9f578/prod/CastExpr.xml#L10793	Unsupported cast type xs:gMonthDay
prod-CastExpr	K-SeqExprCast-397	https://github.com/w3c/qt3tests/blob/201a6e466940cdfc727f4babfedcde5332b9f578/prod/CastExpr.xml#L10802	Unsupported cast type xs:gDay
prod-CastExpr	K-SeqExprCast-398	https://github.com/w3c/qt3tests/blob/201a6e466940cdfc727f4babfedcde5332b9f578/prod/CastExpr.xml#L10811	Unsupported cast type xs:gDay
prod-CastExpr	K-SeqExprCast-411	https://github.com/w3c/qt3tests/blob/201a6e466940cdfc727f4babfedcde5332b9f578/prod/CastExpr.xml#L10919	Unsupported function xs:untypedAtomic
prod-CastExpr	K-SeqExprCast-412	https://github.com/w3c/qt3tests/blob/201a6e466940cdfc727f4babfedcde5332b9f578/prod/CastExpr.xml#L10928	Unsupported function xs:untypedAtomic
prod-CastExpr	K-SeqExprCast-413	https://github.com/w3c/qt3tests/blob/201a6e466940cdfc727f4babfedcde5332b9f578/prod/CastExpr.xml#L10937	Unsupported cast type xs:untypedAtomic
prod-CastExpr	K-SeqExprCast-414	https://github.com/w3c/qt3tests/blob/201a6e466940cdfc727f4babfedcde5332b9f578/prod/CastExpr.xml#L10947	Unsupported cast type xs:untypedAtomic
prod-CastExpr	K-SeqExprCast-415	https://github.com/w3c/qt3tests/blob/201a6e466940cdfc727f4babfedcde5332b9f578/prod/CastExpr.xml#L10956	Unsupported cast type xs:untypedAtomic
prod-CastExpr	K-SeqExprCast-416	https://github.com/w3c/qt3tests/blob/201a6e466940cdfc727f4babfedcde5332b9f578/prod/CastExpr.xml#L10965	Unsupported cast type xs:untypedAtomic
prod-CastExpr	K-SeqExprCast-417	https://github.com/w3c/qt3tests/blob/201a6e466940cdfc727f4babfedcde5332b9f578/prod/CastExpr.xml#L10974	Unsupported cast type xs:untypedAtomic
prod-CastExpr	K-SeqExprCast-418	https://github.com/w3c/qt3tests/blob/201a6e466940cdfc727f4babfedcde5332b9f578/prod/CastExpr.xml#L10983	Unsupported cast type xs:untypedAtomic
prod-CastExpr	K-SeqExprCast-419	https://github.com/w3c/qt3tests/blob/201a6e466940cdfc727f4babfedcde5332b9f578/prod/CastExpr.xml#L10992	Unsupported cast type xs:untypedAtomic
prod-CastExpr	K-SeqExprCast-420	https://github.com/w3c/qt3tests/blob/201a6e466940cdfc727f4babfedcde5332b9f578/prod/CastExpr.xml#L11001	Unsupported cast type xs:untypedAtomic
prod-CastExpr	K-SeqExprCast-421	https://github.com/w3c/qt3tests/blob/201a6e466940cdfc727f4babfedcde5332b9f578/prod/CastExpr.xml#L11010	Unsupported cast type xs:untypedAtomic
prod-CastExpr	K-SeqExprCast-422	https://github.com/w3c/qt3tests/blob/201a6e466940cdfc727f4babfedcde5332b9f578/prod/CastExpr.xml#L11019	Unsupported dependencies spec XQ10 XP20
prod-CastExpr	K-SeqExprCast-422a	https://github.com/w3c/qt3tests/blob/201a6e466940cdfc727f4babfedcde5332b9f578/prod/CastExpr.xml#L11030	Unsupported cast type xs:untypedAtomic
prod-CastExpr	K-SeqExprCast-423	https://github.com/w3c/qt3tests/blob/201a6e466940cdfc727f4babfedcde5332b9f578/prod/CastExpr.xml#L11041	Unsupported cast type xs:untypedAtomic
prod-CastExpr	K-SeqExprCast-424	https://github.com/w3c/qt3tests/blob/201a6e466940cdfc727f4babfedcde5332b9f578/prod/CastExpr.xml#L11050	Unsupported cast type xs:untypedAtomic
prod-CastExpr	K-SeqExprCast-425	https://github.com/w3c/qt3tests/blob/201a6e466940cdfc727f4babfedcde5332b9f578/prod/CastExpr.xml#L11059	Unsupported function xs:string
prod-CastExpr	K-SeqExprCast-426	https://github.com/w3c/qt3tests/blob/201a6e466940cdfc727f4babfedcde5332b9f578/prod/CastExpr.xml#L11068	Unsupported function xs:string
prod-CastExpr	K-SeqExprCast-427	https://github.com/w3c/qt3tests/blob/201a6e466940cdfc727f4babfedcde5332b9f578/prod/CastExpr.xml#L11077	Unsupported sequenceExpr
prod-CastExpr	K-SeqExprCast-430	https://github.com/w3c/qt3tests/blob/201a6e466940cdfc727f4babfedcde5332b9f578/prod/CastExpr.xml#L11105	Unsupported cast type xs:untypedAtomic
prod-CastExpr	K-SeqExprCast-432	https://github.com/w3c/qt3tests/blob/201a6e466940cdfc727f4babfedcde5332b9f578/prod/CastExpr.xml#L11123	Unsupported cast type xs:untypedAtomic
prod-CastExpr	K-SeqExprCast-433	https://github.com/w3c/qt3tests/blob/201a6e466940cdfc727f4babfedcde5332b9f578/prod/CastExpr.xml#L11132	Unsupported castableExpr
prod-CastExpr	K-SeqExprCast-435	https://github.com/w3c/qt3tests/blob/201a6e466940cdfc727f4babfedcde5332b9f578/prod/CastExpr.xml#L11150	Unsupported castableExpr
prod-CastExpr	K-SeqExprCast-436	https://github.com/w3c/qt3tests/blob/201a6e466940cdfc727f4babfedcde5332b9f578/prod/CastExpr.xml#L11159	Unsupported castableExpr
prod-CastExpr	K-SeqExprCast-437	https://github.com/w3c/qt3tests/blob/201a6e466940cdfc727f4babfedcde5332b9f578/prod/CastExpr.xml#L11168	Unsupported function xs:float
prod-CastExpr	K-SeqExprCast-438	https://github.com/w3c/qt3tests/blob/201a6e466940cdfc727f4babfedcde5332b9f578/prod/CastExpr.xml#L11177	Unsupported function xs:float
prod-CastExpr	K-SeqExprCast-439	https://github.com/w3c/qt3tests/blob/201a6e466940cdfc727f4babfedcde5332b9f578/prod/CastExpr.xml#L11186	Unsupported sequenceExpr
prod-CastExpr	K-SeqExprCast-442	https://github.com/w3c/qt3tests/blob/201a6e466940cdfc727f4babfedcde5332b9f578/prod/CastExpr.xml#L11214	Unsupported cast type xs:untypedAtomic
prod-CastExpr	K-SeqExprCast-444	https://github.com/w3c/qt3tests/blob/201a6e466940cdfc727f4babfedcde5332b9f578/prod/CastExpr.xml#L11232	Unsupported cast type xs:untypedAtomic
prod-CastExpr	K-SeqExprCast-445	https://github.com/w3c/qt3tests/blob/201a6e466940cdfc727f4babfedcde5332b9f578/prod/CastExpr.xml#L11241	Unsupported castableExpr
prod-CastExpr	K-SeqExprCast-447	https://github.com/w3c/qt3tests/blob/201a6e466940cdfc727f4babfedcde5332b9f578/prod/CastExpr.xml#L11259	Unsupported castableExpr
prod-CastExpr	K-SeqExprCast-449	https://github.com/w3c/qt3tests/blob/201a6e466940cdfc727f4babfedcde5332b9f578/prod/CastExpr.xml#L11277	Unsupported castableExpr
prod-CastExpr	K-SeqExprCast-451	https://github.com/w3c/qt3tests/blob/201a6e466940cdfc727f4babfedcde5332b9f578/prod/CastExpr.xml#L11295	Unsupported castableExpr
prod-CastExpr	K-SeqExprCast-453	https://github.com/w3c/qt3tests/blob/201a6e466940cdfc727f4babfedcde5332b9f578/prod/CastExpr.xml#L11313	Unsupported castableExpr
prod-CastExpr	K-SeqExprCast-455	https://github.com/w3c/qt3tests/blob/201a6e466940cdfc727f4babfedcde5332b9f578/prod/CastExpr.xml#L11331	Unsupported castableExpr
prod-CastExpr	K-SeqExprCast-457	https://github.com/w3c/qt3tests/blob/201a6e466940cdfc727f4babfedcde5332b9f578/prod/CastExpr.xml#L11349	Unsupported castableExpr
prod-CastExpr	K-SeqExprCast-459	https://github.com/w3c/qt3tests/blob/201a6e466940cdfc727f4babfedcde5332b9f578/prod/CastExpr.xml#L11367	Unsupported castableExpr
prod-CastExpr	K-SeqExprCast-461	https://github.com/w3c/qt3tests/blob/201a6e466940cdfc727f4babfedcde5332b9f578/prod/CastExpr.xml#L11385	Unsupported castableExpr
prod-CastExpr	K-SeqExprCast-463	https://github.com/w3c/qt3tests/blob/201a6e466940cdfc727f4babfedcde5332b9f578/prod/CastExpr.xml#L11403	Unsupported castableExpr
prod-CastExpr	K-SeqExprCast-464	https://github.com/w3c/qt3tests/blob/201a6e466940cdfc727f4babfedcde5332b9f578/prod/CastExpr.xml#L11412	Unsupported cast type xs:gYearMonth
prod-CastExpr	K-SeqExprCast-465	https://github.com/w3c/qt3tests/blob/201a6e466940cdfc727f4babfedcde5332b9f578/prod/CastExpr.xml#L11421	Unsupported castableExpr
prod-CastExpr	K-SeqExprCast-466	https://github.com/w3c/qt3tests/blob/201a6e466940cdfc727f4babfedcde5332b9f578/prod/CastExpr.xml#L11430	Unsupported cast type xs:gYear
prod-CastExpr	K-SeqExprCast-467	https://github.com/w3c/qt3tests/blob/201a6e466940cdfc727f4babfedcde5332b9f578/prod/CastExpr.xml#L11439	Unsupported castableExpr
prod-CastExpr	K-SeqExprCast-468	https://github.com/w3c/qt3tests/blob/201a6e466940cdfc727f4babfedcde5332b9f578/prod/CastExpr.xml#L11448	Unsupported cast type xs:gMonthDay
prod-CastExpr	K-SeqExprCast-469	https://github.com/w3c/qt3tests/blob/201a6e466940cdfc727f4babfedcde5332b9f578/prod/CastExpr.xml#L11457	Unsupported castableExpr
prod-CastExpr	K-SeqExprCast-470	https://github.com/w3c/qt3tests/blob/201a6e466940cdfc727f4babfedcde5332b9f578/prod/CastExpr.xml#L11466	Unsupported cast type xs:gDay
prod-CastExpr	K-SeqExprCast-471	https://github.com/w3c/qt3tests/blob/201a6e466940cdfc727f4babfedcde5332b9f578/prod/CastExpr.xml#L11475	Unsupported castableExpr
prod-CastExpr	K-SeqExprCast-472	https://github.com/w3c/qt3tests/blob/201a6e466940cdfc727f4babfedcde5332b9f578/prod/CastExpr.xml#L11484	Unsupported cast type xs:gMonth
prod-CastExpr	K-SeqExprCast-473	https://github.com/w3c/qt3tests/blob/201a6e466940cdfc727f4babfedcde5332b9f578/prod/CastExpr.xml#L11493	Unsupported castableExpr
prod-CastExpr	K-SeqExprCast-475	https://github.com/w3c/qt3tests/blob/201a6e466940cdfc727f4babfedcde5332b9f578/prod/CastExpr.xml#L11511	Unsupported castableExpr
prod-CastExpr	K-SeqExprCast-476	https://github.com/w3c/qt3tests/blob/201a6e466940cdfc727f4babfedcde5332b9f578/prod/CastExpr.xml#L11520	Unsupported cast type xs:base64Binary
prod-CastExpr	K-SeqExprCast-477	https://github.com/w3c/qt3tests/blob/201a6e466940cdfc727f4babfedcde5332b9f578/prod/CastExpr.xml#L11529	Unsupported castableExpr
prod-CastExpr	K-SeqExprCast-478	https://github.com/w3c/qt3tests/blob/201a6e466940cdfc727f4babfedcde5332b9f578/prod/CastExpr.xml#L11538	Unsupported cast type xs:hexBinary
prod-CastExpr	K-SeqExprCast-479	https://github.com/w3c/qt3tests/blob/201a6e466940cdfc727f4babfedcde5332b9f578/prod/CastExpr.xml#L11547	Unsupported castableExpr
prod-CastExpr	K-SeqExprCast-480	https://github.com/w3c/qt3tests/blob/201a6e466940cdfc727f4babfedcde5332b9f578/prod/CastExpr.xml#L11556	Unsupported cast type xs:anyURI
prod-CastExpr	K-SeqExprCast-481	https://github.com/w3c/qt3tests/blob/201a6e466940cdfc727f4babfedcde5332b9f578/prod/CastExpr.xml#L11565	Unsupported castableExpr
prod-CastExpr	K-SeqExprCast-482	https://github.com/w3c/qt3tests/blob/201a6e466940cdfc727f4babfedcde5332b9f578/prod/CastExpr.xml#L11574	Unsupported cast type xs:QName
prod-CastExpr	K-SeqExprCast-483	https://github.com/w3c/qt3tests/blob/201a6e466940cdfc727f4babfedcde5332b9f578/prod/CastExpr.xml#L11583	Unsupported castableExpr
prod-CastExpr	K-SeqExprCast-484	https://github.com/w3c/qt3tests/blob/201a6e466940cdfc727f4babfedcde5332b9f578/prod/CastExpr.xml#L11592	Unsupported castableExpr
prod-CastExpr	K-SeqExprCast-485	https://github.com/w3c/qt3tests/blob/201a6e466940cdfc727f4babfedcde5332b9f578/prod/CastExpr.xml#L11601	Unsupported function xs:double
prod-CastExpr	K-SeqExprCast-486	https://github.com/w3c/qt3tests/blob/201a6e466940cdfc727f4babfedcde5332b9f578/prod/CastExpr.xml#L11610	Unsupported function xs:double
prod-CastExpr	K-SeqExprCast-487	https://github.com/w3c/qt3tests/blob/201a6e466940cdfc727f4babfedcde5332b9f578/prod/CastExpr.xml#L11619	Unsupported sequenceExpr
prod-CastExpr	K-SeqExprCast-490	https://github.com/w3c/qt3tests/blob/201a6e466940cdfc727f4babfedcde5332b9f578/prod/CastExpr.xml#L11647	Unsupported cast type xs:untypedAtomic
prod-CastExpr	K-SeqExprCast-492	https://github.com/w3c/qt3tests/blob/201a6e466940cdfc727f4babfedcde5332b9f578/prod/CastExpr.xml#L11665	Unsupported cast type xs:untypedAtomic
prod-CastExpr	K-SeqExprCast-493	https://github.com/w3c/qt3tests/blob/201a6e466940cdfc727f4babfedcde5332b9f578/prod/CastExpr.xml#L11674	Unsupported castableExpr
prod-CastExpr	K-SeqExprCast-495	https://github.com/w3c/qt3tests/blob/201a6e466940cdfc727f4babfedcde5332b9f578/prod/CastExpr.xml#L11692	Unsupported castableExpr
prod-CastExpr	K-SeqExprCast-497	https://github.com/w3c/qt3tests/blob/201a6e466940cdfc727f4babfedcde5332b9f578/prod/CastExpr.xml#L11710	Unsupported castableExpr
prod-CastExpr	K-SeqExprCast-499	https://github.com/w3c/qt3tests/blob/201a6e466940cdfc727f4babfedcde5332b9f578/prod/CastExpr.xml#L11728	Unsupported castableExpr
prod-CastExpr	K-SeqExprCast-501	https://github.com/w3c/qt3tests/blob/201a6e466940cdfc727f4babfedcde5332b9f578/prod/CastExpr.xml#L11746	Unsupported castableExpr
prod-CastExpr	K-SeqExprCast-503	https://github.com/w3c/qt3tests/blob/201a6e466940cdfc727f4babfedcde5332b9f578/prod/CastExpr.xml#L11764	Unsupported castableExpr
prod-CastExpr	K-SeqExprCast-505	https://github.com/w3c/qt3tests/blob/201a6e466940cdfc727f4babfedcde5332b9f578/prod/CastExpr.xml#L11782	Unsupported castableExpr
prod-CastExpr	K-SeqExprCast-507	https://github.com/w3c/qt3tests/blob/201a6e466940cdfc727f4babfedcde5332b9f578/prod/CastExpr.xml#L11800	Unsupported castableExpr
prod-CastExpr	K-SeqExprCast-509	https://github.com/w3c/qt3tests/blob/201a6e466940cdfc727f4babfedcde5332b9f578/prod/CastExpr.xml#L11818	Unsupported castableExpr
prod-CastExpr	K-SeqExprCast-511	https://github.com/w3c/qt3tests/blob/201a6e466940cdfc727f4babfedcde5332b9f578/prod/CastExpr.xml#L11836	Unsupported castableExpr
prod-CastExpr	K-SeqExprCast-512	https://github.com/w3c/qt3tests/blob/201a6e466940cdfc727f4babfedcde5332b9f578/prod/CastExpr.xml#L11845	Unsupported cast type xs:gYearMonth
prod-CastExpr	K-SeqExprCast-513	https://github.com/w3c/qt3tests/blob/201a6e466940cdfc727f4babfedcde5332b9f578/prod/CastExpr.xml#L11854	Unsupported castableExpr
prod-CastExpr	K-SeqExprCast-514	https://github.com/w3c/qt3tests/blob/201a6e466940cdfc727f4babfedcde5332b9f578/prod/CastExpr.xml#L11863	Unsupported cast type xs:gYear
prod-CastExpr	K-SeqExprCast-515	https://github.com/w3c/qt3tests/blob/201a6e466940cdfc727f4babfedcde5332b9f578/prod/CastExpr.xml#L11872	Unsupported castableExpr
prod-CastExpr	K-SeqExprCast-516	https://github.com/w3c/qt3tests/blob/201a6e466940cdfc727f4babfedcde5332b9f578/prod/CastExpr.xml#L11881	Unsupported cast type xs:gMonthDay
prod-CastExpr	K-SeqExprCast-517	https://github.com/w3c/qt3tests/blob/201a6e466940cdfc727f4babfedcde5332b9f578/prod/CastExpr.xml#L11890	Unsupported castableExpr
prod-CastExpr	K-SeqExprCast-518	https://github.com/w3c/qt3tests/blob/201a6e466940cdfc727f4babfedcde5332b9f578/prod/CastExpr.xml#L11899	Unsupported cast type xs:gDay
prod-CastExpr	K-SeqExprCast-519	https://github.com/w3c/qt3tests/blob/201a6e466940cdfc727f4babfedcde5332b9f578/prod/CastExpr.xml#L11908	Unsupported castableExpr
prod-CastExpr	K-SeqExprCast-520	https://github.com/w3c/qt3tests/blob/201a6e466940cdfc727f4babfedcde5332b9f578/prod/CastExpr.xml#L11917	Unsupported cast type xs:gMonth
prod-CastExpr	K-SeqExprCast-521	https://github.com/w3c/qt3tests/blob/201a6e466940cdfc727f4babfedcde5332b9f578/prod/CastExpr.xml#L11926	Unsupported castableExpr
prod-CastExpr	K-SeqExprCast-523	https://github.com/w3c/qt3tests/blob/201a6e466940cdfc727f4babfedcde5332b9f578/prod/CastExpr.xml#L11944	Unsupported castableExpr
prod-CastExpr	K-SeqExprCast-524	https://github.com/w3c/qt3tests/blob/201a6e466940cdfc727f4babfedcde5332b9f578/prod/CastExpr.xml#L11953	Unsupported cast type xs:base64Binary
prod-CastExpr	K-SeqExprCast-525	https://github.com/w3c/qt3tests/blob/201a6e466940cdfc727f4babfedcde5332b9f578/prod/CastExpr.xml#L11962	Unsupported castableExpr
prod-CastExpr	K-SeqExprCast-526	https://github.com/w3c/qt3tests/blob/201a6e466940cdfc727f4babfedcde5332b9f578/prod/CastExpr.xml#L11971	Unsupported cast type xs:hexBinary
prod-CastExpr	K-SeqExprCast-527	https://github.com/w3c/qt3tests/blob/201a6e466940cdfc727f4babfedcde5332b9f578/prod/CastExpr.xml#L11980	Unsupported castableExpr
prod-CastExpr	K-SeqExprCast-528	https://github.com/w3c/qt3tests/blob/201a6e466940cdfc727f4babfedcde5332b9f578/prod/CastExpr.xml#L11989	Unsupported cast type xs:anyURI
prod-CastExpr	K-SeqExprCast-529	https://github.com/w3c/qt3tests/blob/201a6e466940cdfc727f4babfedcde5332b9f578/prod/CastExpr.xml#L11998	Unsupported castableExpr
prod-CastExpr	K-SeqExprCast-530	https://github.com/w3c/qt3tests/blob/201a6e466940cdfc727f4babfedcde5332b9f578/prod/CastExpr.xml#L12007	Unsupported cast type xs:QName
prod-CastExpr	K-SeqExprCast-531	https://github.com/w3c/qt3tests/blob/201a6e466940cdfc727f4babfedcde5332b9f578/prod/CastExpr.xml#L12016	Unsupported castableExpr
prod-CastExpr	K-SeqExprCast-532	https://github.com/w3c/qt3tests/blob/201a6e466940cdfc727f4babfedcde5332b9f578/prod/CastExpr.xml#L12025	Unsupported castableExpr
prod-CastExpr	K-SeqExprCast-533	https://github.com/w3c/qt3tests/blob/201a6e466940cdfc727f4babfedcde5332b9f578/prod/CastExpr.xml#L12034	Unsupported function xs:decimal
prod-CastExpr	K-SeqExprCast-534	https://github.com/w3c/qt3tests/blob/201a6e466940cdfc727f4babfedcde5332b9f578/prod/CastExpr.xml#L12043	Unsupported function xs:decimal
prod-CastExpr	K-SeqExprCast-535	https://github.com/w3c/qt3tests/blob/201a6e466940cdfc727f4babfedcde5332b9f578/prod/CastExpr.xml#L12052	Unsupported sequenceExpr
prod-CastExpr	K-SeqExprCast-538	https://github.com/w3c/qt3tests/blob/201a6e466940cdfc727f4babfedcde5332b9f578/prod/CastExpr.xml#L12080	Unsupported cast type xs:untypedAtomic
prod-CastExpr	K-SeqExprCast-540	https://github.com/w3c/qt3tests/blob/201a6e466940cdfc727f4babfedcde5332b9f578/prod/CastExpr.xml#L12098	Unsupported cast type xs:untypedAtomic
prod-CastExpr	K-SeqExprCast-541	https://github.com/w3c/qt3tests/blob/201a6e466940cdfc727f4babfedcde5332b9f578/prod/CastExpr.xml#L12107	Unsupported castableExpr
prod-CastExpr	K-SeqExprCast-543	https://github.com/w3c/qt3tests/blob/201a6e466940cdfc727f4babfedcde5332b9f578/prod/CastExpr.xml#L12125	Unsupported castableExpr
prod-CastExpr	K-SeqExprCast-545	https://github.com/w3c/qt3tests/blob/201a6e466940cdfc727f4babfedcde5332b9f578/prod/CastExpr.xml#L12143	Unsupported castableExpr
prod-CastExpr	K-SeqExprCast-547	https://github.com/w3c/qt3tests/blob/201a6e466940cdfc727f4babfedcde5332b9f578/prod/CastExpr.xml#L12161	Unsupported castableExpr
prod-CastExpr	K-SeqExprCast-549	https://github.com/w3c/qt3tests/blob/201a6e466940cdfc727f4babfedcde5332b9f578/prod/CastExpr.xml#L12179	Unsupported castableExpr
prod-CastExpr	K-SeqExprCast-551	https://github.com/w3c/qt3tests/blob/201a6e466940cdfc727f4babfedcde5332b9f578/prod/CastExpr.xml#L12197	Unsupported castableExpr
prod-CastExpr	K-SeqExprCast-553	https://github.com/w3c/qt3tests/blob/201a6e466940cdfc727f4babfedcde5332b9f578/prod/CastExpr.xml#L12215	Unsupported castableExpr
prod-CastExpr	K-SeqExprCast-555	https://github.com/w3c/qt3tests/blob/201a6e466940cdfc727f4babfedcde5332b9f578/prod/CastExpr.xml#L12233	Unsupported castableExpr
prod-CastExpr	K-SeqExprCast-557	https://github.com/w3c/qt3tests/blob/201a6e466940cdfc727f4babfedcde5332b9f578/prod/CastExpr.xml#L12251	Unsupported castableExpr
prod-CastExpr	K-SeqExprCast-559	https://github.com/w3c/qt3tests/blob/201a6e466940cdfc727f4babfedcde5332b9f578/prod/CastExpr.xml#L12269	Unsupported castableExpr
prod-CastExpr	K-SeqExprCast-561	https://github.com/w3c/qt3tests/blob/201a6e466940cdfc727f4babfedcde5332b9f578/prod/CastExpr.xml#L12287	Unsupported castableExpr
prod-CastExpr	K-SeqExprCast-563	https://github.com/w3c/qt3tests/blob/201a6e466940cdfc727f4babfedcde5332b9f578/prod/CastExpr.xml#L12305	Unsupported castableExpr
prod-CastExpr	K-SeqExprCast-564	https://github.com/w3c/qt3tests/blob/201a6e466940cdfc727f4babfedcde5332b9f578/prod/CastExpr.xml#L12314	Unsupported cast type xs:gYearMonth
prod-CastExpr	K-SeqExprCast-565	https://github.com/w3c/qt3tests/blob/201a6e466940cdfc727f4babfedcde5332b9f578/prod/CastExpr.xml#L12323	Unsupported castableExpr
prod-CastExpr	K-SeqExprCast-566	https://github.com/w3c/qt3tests/blob/201a6e466940cdfc727f4babfedcde5332b9f578/prod/CastExpr.xml#L12332	Unsupported cast type xs:gYear
prod-CastExpr	K-SeqExprCast-567	https://github.com/w3c/qt3tests/blob/201a6e466940cdfc727f4babfedcde5332b9f578/prod/CastExpr.xml#L12341	Unsupported castableExpr
prod-CastExpr	K-SeqExprCast-568	https://github.com/w3c/qt3tests/blob/201a6e466940cdfc727f4babfedcde5332b9f578/prod/CastExpr.xml#L12350	Unsupported cast type xs:gMonthDay
prod-CastExpr	K-SeqExprCast-569	https://github.com/w3c/qt3tests/blob/201a6e466940cdfc727f4babfedcde5332b9f578/prod/CastExpr.xml#L12359	Unsupported castableExpr
prod-CastExpr	K-SeqExprCast-570	https://github.com/w3c/qt3tests/blob/201a6e466940cdfc727f4babfedcde5332b9f578/prod/CastExpr.xml#L12368	Unsupported cast type xs:gDay
prod-CastExpr	K-SeqExprCast-571	https://github.com/w3c/qt3tests/blob/201a6e466940cdfc727f4babfedcde5332b9f578/prod/CastExpr.xml#L12377	Unsupported castableExpr
prod-CastExpr	K-SeqExprCast-572	https://github.com/w3c/qt3tests/blob/201a6e466940cdfc727f4babfedcde5332b9f578/prod/CastExpr.xml#L12386	Unsupported cast type xs:gMonth
prod-CastExpr	K-SeqExprCast-573	https://github.com/w3c/qt3tests/blob/201a6e466940cdfc727f4babfedcde5332b9f578/prod/CastExpr.xml#L12395	Unsupported castableExpr
prod-CastExpr	K-SeqExprCast-575	https://github.com/w3c/qt3tests/blob/201a6e466940cdfc727f4babfedcde5332b9f578/prod/CastExpr.xml#L12413	Unsupported castableExpr
prod-CastExpr	K-SeqExprCast-576	https://github.com/w3c/qt3tests/blob/201a6e466940cdfc727f4babfedcde5332b9f578/prod/CastExpr.xml#L12422	Unsupported cast type xs:base64Binary
prod-CastExpr	K-SeqExprCast-577	https://github.com/w3c/qt3tests/blob/201a6e466940cdfc727f4babfedcde5332b9f578/prod/CastExpr.xml#L12431	Unsupported castableExpr
prod-CastExpr	K-SeqExprCast-578	https://github.com/w3c/qt3tests/blob/201a6e466940cdfc727f4babfedcde5332b9f578/prod/CastExpr.xml#L12440	Unsupported cast type xs:hexBinary
prod-CastExpr	K-SeqExprCast-579	https://github.com/w3c/qt3tests/blob/201a6e466940cdfc727f4babfedcde5332b9f578/prod/CastExpr.xml#L12449	Unsupported castableExpr
prod-CastExpr	K-SeqExprCast-580	https://github.com/w3c/qt3tests/blob/201a6e466940cdfc727f4babfedcde5332b9f578/prod/CastExpr.xml#L12458	Unsupported cast type xs:anyURI
prod-CastExpr	K-SeqExprCast-581	https://github.com/w3c/qt3tests/blob/201a6e466940cdfc727f4babfedcde5332b9f578/prod/CastExpr.xml#L12467	Unsupported castableExpr
prod-CastExpr	K-SeqExprCast-582	https://github.com/w3c/qt3tests/blob/201a6e466940cdfc727f4babfedcde5332b9f578/prod/CastExpr.xml#L12476	Unsupported cast type xs:QName
prod-CastExpr	K-SeqExprCast-583	https://github.com/w3c/qt3tests/blob/201a6e466940cdfc727f4babfedcde5332b9f578/prod/CastExpr.xml#L12485	Unsupported castableExpr
prod-CastExpr	K-SeqExprCast-584	https://github.com/w3c/qt3tests/blob/201a6e466940cdfc727f4babfedcde5332b9f578/prod/CastExpr.xml#L12494	Unsupported castableExpr
prod-CastExpr	K-SeqExprCast-585	https://github.com/w3c/qt3tests/blob/201a6e466940cdfc727f4babfedcde5332b9f578/prod/CastExpr.xml#L12503	Unsupported function xs:integer
prod-CastExpr	K-SeqExprCast-586	https://github.com/w3c/qt3tests/blob/201a6e466940cdfc727f4babfedcde5332b9f578/prod/CastExpr.xml#L12512	Unsupported function xs:integer
prod-CastExpr	K-SeqExprCast-587	https://github.com/w3c/qt3tests/blob/201a6e466940cdfc727f4babfedcde5332b9f578/prod/CastExpr.xml#L12521	Unsupported sequenceExpr
prod-CastExpr	K-SeqExprCast-590	https://github.com/w3c/qt3tests/blob/201a6e466940cdfc727f4babfedcde5332b9f578/prod/CastExpr.xml#L12549	Unsupported cast type xs:untypedAtomic
prod-CastExpr	K-SeqExprCast-592	https://github.com/w3c/qt3tests/blob/201a6e466940cdfc727f4babfedcde5332b9f578/prod/CastExpr.xml#L12567	Unsupported cast type xs:untypedAtomic
prod-CastExpr	K-SeqExprCast-593	https://github.com/w3c/qt3tests/blob/201a6e466940cdfc727f4babfedcde5332b9f578/prod/CastExpr.xml#L12576	Unsupported castableExpr
prod-CastExpr	K-SeqExprCast-595	https://github.com/w3c/qt3tests/blob/201a6e466940cdfc727f4babfedcde5332b9f578/prod/CastExpr.xml#L12594	Unsupported castableExpr
prod-CastExpr	K-SeqExprCast-597	https://github.com/w3c/qt3tests/blob/201a6e466940cdfc727f4babfedcde5332b9f578/prod/CastExpr.xml#L12612	Unsupported castableExpr
prod-CastExpr	K-SeqExprCast-599	https://github.com/w3c/qt3tests/blob/201a6e466940cdfc727f4babfedcde5332b9f578/prod/CastExpr.xml#L12630	Unsupported castableExpr
prod-CastExpr	K-SeqExprCast-601	https://github.com/w3c/qt3tests/blob/201a6e466940cdfc727f4babfedcde5332b9f578/prod/CastExpr.xml#L12648	Unsupported castableExpr
prod-CastExpr	K-SeqExprCast-603	https://github.com/w3c/qt3tests/blob/201a6e466940cdfc727f4babfedcde5332b9f578/prod/CastExpr.xml#L12666	Unsupported castableExpr
prod-CastExpr	K-SeqExprCast-605	https://github.com/w3c/qt3tests/blob/201a6e466940cdfc727f4babfedcde5332b9f578/prod/CastExpr.xml#L12684	Unsupported castableExpr
prod-CastExpr	K-SeqExprCast-607	https://github.com/w3c/qt3tests/blob/201a6e466940cdfc727f4babfedcde5332b9f578/prod/CastExpr.xml#L12702	Unsupported castableExpr
prod-CastExpr	K-SeqExprCast-609	https://github.com/w3c/qt3tests/blob/201a6e466940cdfc727f4babfedcde5332b9f578/prod/CastExpr.xml#L12720	Unsupported castableExpr
prod-CastExpr	K-SeqExprCast-611	https://github.com/w3c/qt3tests/blob/201a6e466940cdfc727f4babfedcde5332b9f578/prod/CastExpr.xml#L12738	Unsupported castableExpr
prod-CastExpr	K-SeqExprCast-613	https://github.com/w3c/qt3tests/blob/201a6e466940cdfc727f4babfedcde5332b9f578/prod/CastExpr.xml#L12756	Unsupported castableExpr
prod-CastExpr	K-SeqExprCast-615	https://github.com/w3c/qt3tests/blob/201a6e466940cdfc727f4babfedcde5332b9f578/prod/CastExpr.xml#L12774	Unsupported castableExpr
prod-CastExpr	K-SeqExprCast-616	https://github.com/w3c/qt3tests/blob/201a6e466940cdfc727f4babfedcde5332b9f578/prod/CastExpr.xml#L12783	Unsupported cast type xs:gYearMonth
prod-CastExpr	K-SeqExprCast-617	https://github.com/w3c/qt3tests/blob/201a6e466940cdfc727f4babfedcde5332b9f578/prod/CastExpr.xml#L12792	Unsupported castableExpr
prod-CastExpr	K-SeqExprCast-618	https://github.com/w3c/qt3tests/blob/201a6e466940cdfc727f4babfedcde5332b9f578/prod/CastExpr.xml#L12801	Unsupported cast type xs:gYear
prod-CastExpr	K-SeqExprCast-619	https://github.com/w3c/qt3tests/blob/201a6e466940cdfc727f4babfedcde5332b9f578/prod/CastExpr.xml#L12810	Unsupported castableExpr
prod-CastExpr	K-SeqExprCast-620	https://github.com/w3c/qt3tests/blob/201a6e466940cdfc727f4babfedcde5332b9f578/prod/CastExpr.xml#L12819	Unsupported cast type xs:gMonthDay
prod-CastExpr	K-SeqExprCast-621	https://github.com/w3c/qt3tests/blob/201a6e466940cdfc727f4babfedcde5332b9f578/prod/CastExpr.xml#L12828	Unsupported castableExpr
prod-CastExpr	K-SeqExprCast-622	https://github.com/w3c/qt3tests/blob/201a6e466940cdfc727f4babfedcde5332b9f578/prod/CastExpr.xml#L12837	Unsupported cast type xs:gDay
prod-CastExpr	K-SeqExprCast-623	https://github.com/w3c/qt3tests/blob/201a6e466940cdfc727f4babfedcde5332b9f578/prod/CastExpr.xml#L12846	Unsupported castableExpr
prod-CastExpr	K-SeqExprCast-624	https://github.com/w3c/qt3tests/blob/201a6e466940cdfc727f4babfedcde5332b9f578/prod/CastExpr.xml#L12855	Unsupported cast type xs:gMonth
prod-CastExpr	K-SeqExprCast-625	https://github.com/w3c/qt3tests/blob/201a6e466940cdfc727f4babfedcde5332b9f578/prod/CastExpr.xml#L12864	Unsupported castableExpr
prod-CastExpr	K-SeqExprCast-627	https://github.com/w3c/qt3tests/blob/201a6e466940cdfc727f4babfedcde5332b9f578/prod/CastExpr.xml#L12882	Unsupported castableExpr
prod-CastExpr	K-SeqExprCast-628	https://github.com/w3c/qt3tests/blob/201a6e466940cdfc727f4babfedcde5332b9f578/prod/CastExpr.xml#L12891	Unsupported cast type xs:base64Binary
prod-CastExpr	K-SeqExprCast-629	https://github.com/w3c/qt3tests/blob/201a6e466940cdfc727f4babfedcde5332b9f578/prod/CastExpr.xml#L12900	Unsupported castableExpr
prod-CastExpr	K-SeqExprCast-630	https://github.com/w3c/qt3tests/blob/201a6e466940cdfc727f4babfedcde5332b9f578/prod/CastExpr.xml#L12909	Unsupported cast type xs:hexBinary
prod-CastExpr	K-SeqExprCast-631	https://github.com/w3c/qt3tests/blob/201a6e466940cdfc727f4babfedcde5332b9f578/prod/CastExpr.xml#L12918	Unsupported castableExpr
prod-CastExpr	K-SeqExprCast-632	https://github.com/w3c/qt3tests/blob/201a6e466940cdfc727f4babfedcde5332b9f578/prod/CastExpr.xml#L12927	Unsupported cast type xs:anyURI
prod-CastExpr	K-SeqExprCast-633	https://github.com/w3c/qt3tests/blob/201a6e466940cdfc727f4babfedcde5332b9f578/prod/CastExpr.xml#L12936	Unsupported castableExpr
prod-CastExpr	K-SeqExprCast-634	https://github.com/w3c/qt3tests/blob/201a6e466940cdfc727f4babfedcde5332b9f578/prod/CastExpr.xml#L12945	Unsupported cast type xs:QName
prod-CastExpr	K-SeqExprCast-635	https://github.com/w3c/qt3tests/blob/201a6e466940cdfc727f4babfedcde5332b9f578/prod/CastExpr.xml#L12954	Unsupported castableExpr
prod-CastExpr	K-SeqExprCast-636	https://github.com/w3c/qt3tests/blob/201a6e466940cdfc727f4babfedcde5332b9f578/prod/CastExpr.xml#L12963	Unsupported castableExpr
prod-CastExpr	K-SeqExprCast-637	https://github.com/w3c/qt3tests/blob/201a6e466940cdfc727f4babfedcde5332b9f578/prod/CastExpr.xml#L12972	Unsupported function xs:duration
prod-CastExpr	K-SeqExprCast-638	https://github.com/w3c/qt3tests/blob/201a6e466940cdfc727f4babfedcde5332b9f578/prod/CastExpr.xml#L12981	Unsupported function xs:duration
prod-CastExpr	K-SeqExprCast-639	https://github.com/w3c/qt3tests/blob/201a6e466940cdfc727f4babfedcde5332b9f578/prod/CastExpr.xml#L12990	Unsupported sequenceExpr
prod-CastExpr	K-SeqExprCast-642	https://github.com/w3c/qt3tests/blob/201a6e466940cdfc727f4babfedcde5332b9f578/prod/CastExpr.xml#L13018	Unsupported cast type xs:untypedAtomic
prod-CastExpr	K-SeqExprCast-644	https://github.com/w3c/qt3tests/blob/201a6e466940cdfc727f4babfedcde5332b9f578/prod/CastExpr.xml#L13036	Unsupported cast type xs:untypedAtomic
prod-CastExpr	K-SeqExprCast-645	https://github.com/w3c/qt3tests/blob/201a6e466940cdfc727f4babfedcde5332b9f578/prod/CastExpr.xml#L13045	Unsupported castableExpr
prod-CastExpr	K-SeqExprCast-647	https://github.com/w3c/qt3tests/blob/201a6e466940cdfc727f4babfedcde5332b9f578/prod/CastExpr.xml#L13063	Unsupported castableExpr
prod-CastExpr	K-SeqExprCast-649	https://github.com/w3c/qt3tests/blob/201a6e466940cdfc727f4babfedcde5332b9f578/prod/CastExpr.xml#L13081	Unsupported castableExpr
prod-CastExpr	K-SeqExprCast-651	https://github.com/w3c/qt3tests/blob/201a6e466940cdfc727f4babfedcde5332b9f578/prod/CastExpr.xml#L13099	Unsupported castableExpr
prod-CastExpr	K-SeqExprCast-653	https://github.com/w3c/qt3tests/blob/201a6e466940cdfc727f4babfedcde5332b9f578/prod/CastExpr.xml#L13117	Unsupported castableExpr
prod-CastExpr	K-SeqExprCast-655	https://github.com/w3c/qt3tests/blob/201a6e466940cdfc727f4babfedcde5332b9f578/prod/CastExpr.xml#L13135	Unsupported castableExpr
prod-CastExpr	K-SeqExprCast-657	https://github.com/w3c/qt3tests/blob/201a6e466940cdfc727f4babfedcde5332b9f578/prod/CastExpr.xml#L13153	Unsupported castableExpr
prod-CastExpr	K-SeqExprCast-659	https://github.com/w3c/qt3tests/blob/201a6e466940cdfc727f4babfedcde5332b9f578/prod/CastExpr.xml#L13171	Unsupported castableExpr
prod-CastExpr	K-SeqExprCast-661	https://github.com/w3c/qt3tests/blob/201a6e466940cdfc727f4babfedcde5332b9f578/prod/CastExpr.xml#L13189	Unsupported castableExpr
prod-CastExpr	K-SeqExprCast-663	https://github.com/w3c/qt3tests/blob/201a6e466940cdfc727f4babfedcde5332b9f578/prod/CastExpr.xml#L13207	Unsupported castableExpr
prod-CastExpr	K-SeqExprCast-665	https://github.com/w3c/qt3tests/blob/201a6e466940cdfc727f4babfedcde5332b9f578/prod/CastExpr.xml#L13225	Unsupported castableExpr
prod-CastExpr	K-SeqExprCast-667	https://github.com/w3c/qt3tests/blob/201a6e466940cdfc727f4babfedcde5332b9f578/prod/CastExpr.xml#L13243	Unsupported castableExpr
prod-CastExpr	K-SeqExprCast-668	https://github.com/w3c/qt3tests/blob/201a6e466940cdfc727f4babfedcde5332b9f578/prod/CastExpr.xml#L13252	Unsupported cast type xs:gYearMonth
prod-CastExpr	K-SeqExprCast-669	https://github.com/w3c/qt3tests/blob/201a6e466940cdfc727f4babfedcde5332b9f578/prod/CastExpr.xml#L13261	Unsupported castableExpr
prod-CastExpr	K-SeqExprCast-670	https://github.com/w3c/qt3tests/blob/201a6e466940cdfc727f4babfedcde5332b9f578/prod/CastExpr.xml#L13270	Unsupported cast type xs:gYear
prod-CastExpr	K-SeqExprCast-671	https://github.com/w3c/qt3tests/blob/201a6e466940cdfc727f4babfedcde5332b9f578/prod/CastExpr.xml#L13279	Unsupported castableExpr
prod-CastExpr	K-SeqExprCast-672	https://github.com/w3c/qt3tests/blob/201a6e466940cdfc727f4babfedcde5332b9f578/prod/CastExpr.xml#L13288	Unsupported cast type xs:gMonthDay
prod-CastExpr	K-SeqExprCast-673	https://github.com/w3c/qt3tests/blob/201a6e466940cdfc727f4babfedcde5332b9f578/prod/CastExpr.xml#L13297	Unsupported castableExpr
prod-CastExpr	K-SeqExprCast-674	https://github.com/w3c/qt3tests/blob/201a6e466940cdfc727f4babfedcde5332b9f578/prod/CastExpr.xml#L13306	Unsupported cast type xs:gDay
prod-CastExpr	K-SeqExprCast-675	https://github.com/w3c/qt3tests/blob/201a6e466940cdfc727f4babfedcde5332b9f578/prod/CastExpr.xml#L13315	Unsupported castableExpr
prod-CastExpr	K-SeqExprCast-676	https://github.com/w3c/qt3tests/blob/201a6e466940cdfc727f4babfedcde5332b9f578/prod/CastExpr.xml#L13324	Unsupported cast type xs:gMonth
prod-CastExpr	K-SeqExprCast-677	https://github.com/w3c/qt3tests/blob/201a6e466940cdfc727f4babfedcde5332b9f578/prod/CastExpr.xml#L13333	Unsupported castableExpr
prod-CastExpr	K-SeqExprCast-679	https://github.com/w3c/qt3tests/blob/201a6e466940cdfc727f4babfedcde5332b9f578/prod/CastExpr.xml#L13351	Unsupported castableExpr
prod-CastExpr	K-SeqExprCast-680	https://github.com/w3c/qt3tests/blob/201a6e466940cdfc727f4babfedcde5332b9f578/prod/CastExpr.xml#L13360	Unsupported cast type xs:base64Binary
prod-CastExpr	K-SeqExprCast-681	https://github.com/w3c/qt3tests/blob/201a6e466940cdfc727f4babfedcde5332b9f578/prod/CastExpr.xml#L13369	Unsupported castableExpr
prod-CastExpr	K-SeqExprCast-682	https://github.com/w3c/qt3tests/blob/201a6e466940cdfc727f4babfedcde5332b9f578/prod/CastExpr.xml#L13378	Unsupported cast type xs:hexBinary
prod-CastExpr	K-SeqExprCast-683	https://github.com/w3c/qt3tests/blob/201a6e466940cdfc727f4babfedcde5332b9f578/prod/CastExpr.xml#L13387	Unsupported castableExpr
prod-CastExpr	K-SeqExprCast-684	https://github.com/w3c/qt3tests/blob/201a6e466940cdfc727f4babfedcde5332b9f578/prod/CastExpr.xml#L13396	Unsupported cast type xs:anyURI
prod-CastExpr	K-SeqExprCast-685	https://github.com/w3c/qt3tests/blob/201a6e466940cdfc727f4babfedcde5332b9f578/prod/CastExpr.xml#L13405	Unsupported castableExpr
prod-CastExpr	K-SeqExprCast-686	https://github.com/w3c/qt3tests/blob/201a6e466940cdfc727f4babfedcde5332b9f578/prod/CastExpr.xml#L13414	Unsupported cast type xs:QName
prod-CastExpr	K-SeqExprCast-687	https://github.com/w3c/qt3tests/blob/201a6e466940cdfc727f4babfedcde5332b9f578/prod/CastExpr.xml#L13423	Unsupported castableExpr
prod-CastExpr	K-SeqExprCast-688	https://github.com/w3c/qt3tests/blob/201a6e466940cdfc727f4babfedcde5332b9f578/prod/CastExpr.xml#L13432	Unsupported castableExpr
prod-CastExpr	K-SeqExprCast-689	https://github.com/w3c/qt3tests/blob/201a6e466940cdfc727f4babfedcde5332b9f578/prod/CastExpr.xml#L13441	Unsupported function xs:yearMonthDuration
prod-CastExpr	K-SeqExprCast-690	https://github.com/w3c/qt3tests/blob/201a6e466940cdfc727f4babfedcde5332b9f578/prod/CastExpr.xml#L13450	Unsupported function xs:yearMonthDuration
prod-CastExpr	K-SeqExprCast-691	https://github.com/w3c/qt3tests/blob/201a6e466940cdfc727f4babfedcde5332b9f578/prod/CastExpr.xml#L13459	Unsupported sequenceExpr
prod-CastExpr	K-SeqExprCast-694	https://github.com/w3c/qt3tests/blob/201a6e466940cdfc727f4babfedcde5332b9f578/prod/CastExpr.xml#L13487	Unsupported cast type xs:untypedAtomic
prod-CastExpr	K-SeqExprCast-696	https://github.com/w3c/qt3tests/blob/201a6e466940cdfc727f4babfedcde5332b9f578/prod/CastExpr.xml#L13505	Unsupported cast type xs:untypedAtomic
prod-CastExpr	K-SeqExprCast-697	https://github.com/w3c/qt3tests/blob/201a6e466940cdfc727f4babfedcde5332b9f578/prod/CastExpr.xml#L13514	Unsupported castableExpr
prod-CastExpr	K-SeqExprCast-699	https://github.com/w3c/qt3tests/blob/201a6e466940cdfc727f4babfedcde5332b9f578/prod/CastExpr.xml#L13532	Unsupported castableExpr
prod-CastExpr	K-SeqExprCast-701	https://github.com/w3c/qt3tests/blob/201a6e466940cdfc727f4babfedcde5332b9f578/prod/CastExpr.xml#L13550	Unsupported castableExpr
prod-CastExpr	K-SeqExprCast-703	https://github.com/w3c/qt3tests/blob/201a6e466940cdfc727f4babfedcde5332b9f578/prod/CastExpr.xml#L13568	Unsupported castableExpr
prod-CastExpr	K-SeqExprCast-705	https://github.com/w3c/qt3tests/blob/201a6e466940cdfc727f4babfedcde5332b9f578/prod/CastExpr.xml#L13586	Unsupported castableExpr
prod-CastExpr	K-SeqExprCast-707	https://github.com/w3c/qt3tests/blob/201a6e466940cdfc727f4babfedcde5332b9f578/prod/CastExpr.xml#L13604	Unsupported castableExpr
prod-CastExpr	K-SeqExprCast-709	https://github.com/w3c/qt3tests/blob/201a6e466940cdfc727f4babfedcde5332b9f578/prod/CastExpr.xml#L13622	Unsupported castableExpr
prod-CastExpr	K-SeqExprCast-711	https://github.com/w3c/qt3tests/blob/201a6e466940cdfc727f4babfedcde5332b9f578/prod/CastExpr.xml#L13640	Unsupported castableExpr
prod-CastExpr	K-SeqExprCast-713	https://github.com/w3c/qt3tests/blob/201a6e466940cdfc727f4babfedcde5332b9f578/prod/CastExpr.xml#L13658	Unsupported castableExpr
prod-CastExpr	K-SeqExprCast-715	https://github.com/w3c/qt3tests/blob/201a6e466940cdfc727f4babfedcde5332b9f578/prod/CastExpr.xml#L13676	Unsupported castableExpr
prod-CastExpr	K-SeqExprCast-717	https://github.com/w3c/qt3tests/blob/201a6e466940cdfc727f4babfedcde5332b9f578/prod/CastExpr.xml#L13694	Unsupported castableExpr
prod-CastExpr	K-SeqExprCast-719	https://github.com/w3c/qt3tests/blob/201a6e466940cdfc727f4babfedcde5332b9f578/prod/CastExpr.xml#L13712	Unsupported castableExpr
prod-CastExpr	K-SeqExprCast-720	https://github.com/w3c/qt3tests/blob/201a6e466940cdfc727f4babfedcde5332b9f578/prod/CastExpr.xml#L13721	Unsupported cast type xs:gYearMonth
prod-CastExpr	K-SeqExprCast-721	https://github.com/w3c/qt3tests/blob/201a6e466940cdfc727f4babfedcde5332b9f578/prod/CastExpr.xml#L13730	Unsupported castableExpr
prod-CastExpr	K-SeqExprCast-722	https://github.com/w3c/qt3tests/blob/201a6e466940cdfc727f4babfedcde5332b9f578/prod/CastExpr.xml#L13739	Unsupported cast type xs:gYear
prod-CastExpr	K-SeqExprCast-723	https://github.com/w3c/qt3tests/blob/201a6e466940cdfc727f4babfedcde5332b9f578/prod/CastExpr.xml#L13748	Unsupported castableExpr
prod-CastExpr	K-SeqExprCast-724	https://github.com/w3c/qt3tests/blob/201a6e466940cdfc727f4babfedcde5332b9f578/prod/CastExpr.xml#L13757	Unsupported cast type xs:gMonthDay
prod-CastExpr	K-SeqExprCast-725	https://github.com/w3c/qt3tests/blob/201a6e466940cdfc727f4babfedcde5332b9f578/prod/CastExpr.xml#L13766	Unsupported castableExpr
prod-CastExpr	K-SeqExprCast-726	https://github.com/w3c/qt3tests/blob/201a6e466940cdfc727f4babfedcde5332b9f578/prod/CastExpr.xml#L13775	Unsupported cast type xs:gDay
prod-CastExpr	K-SeqExprCast-727	https://github.com/w3c/qt3tests/blob/201a6e466940cdfc727f4babfedcde5332b9f578/prod/CastExpr.xml#L13784	Unsupported castableExpr
prod-CastExpr	K-SeqExprCast-728	https://github.com/w3c/qt3tests/blob/201a6e466940cdfc727f4babfedcde5332b9f578/prod/CastExpr.xml#L13793	Unsupported cast type xs:gMonth
prod-CastExpr	K-SeqExprCast-729	https://github.com/w3c/qt3tests/blob/201a6e466940cdfc727f4babfedcde5332b9f578/prod/CastExpr.xml#L13802	Unsupported castableExpr
prod-CastExpr	K-SeqExprCast-731	https://github.com/w3c/qt3tests/blob/201a6e466940cdfc727f4babfedcde5332b9f578/prod/CastExpr.xml#L13820	Unsupported castableExpr
prod-CastExpr	K-SeqExprCast-732	https://github.com/w3c/qt3tests/blob/201a6e466940cdfc727f4babfedcde5332b9f578/prod/CastExpr.xml#L13829	Unsupported cast type xs:base64Binary
prod-CastExpr	K-SeqExprCast-733	https://github.com/w3c/qt3tests/blob/201a6e466940cdfc727f4babfedcde5332b9f578/prod/CastExpr.xml#L13838	Unsupported castableExpr
prod-CastExpr	K-SeqExprCast-734	https://github.com/w3c/qt3tests/blob/201a6e466940cdfc727f4babfedcde5332b9f578/prod/CastExpr.xml#L13847	Unsupported cast type xs:hexBinary
prod-CastExpr	K-SeqExprCast-735	https://github.com/w3c/qt3tests/blob/201a6e466940cdfc727f4babfedcde5332b9f578/prod/CastExpr.xml#L13856	Unsupported castableExpr
prod-CastExpr	K-SeqExprCast-736	https://github.com/w3c/qt3tests/blob/201a6e466940cdfc727f4babfedcde5332b9f578/prod/CastExpr.xml#L13865	Unsupported cast type xs:anyURI
prod-CastExpr	K-SeqExprCast-737	https://github.com/w3c/qt3tests/blob/201a6e466940cdfc727f4babfedcde5332b9f578/prod/CastExpr.xml#L13874	Unsupported castableExpr
prod-CastExpr	K-SeqExprCast-738	https://github.com/w3c/qt3tests/blob/201a6e466940cdfc727f4babfedcde5332b9f578/prod/CastExpr.xml#L13883	Unsupported cast type xs:QName
prod-CastExpr	K-SeqExprCast-739	https://github.com/w3c/qt3tests/blob/201a6e466940cdfc727f4babfedcde5332b9f578/prod/CastExpr.xml#L13892	Unsupported castableExpr
prod-CastExpr	K-SeqExprCast-740	https://github.com/w3c/qt3tests/blob/201a6e466940cdfc727f4babfedcde5332b9f578/prod/CastExpr.xml#L13901	Unsupported castableExpr
prod-CastExpr	K-SeqExprCast-741	https://github.com/w3c/qt3tests/blob/201a6e466940cdfc727f4babfedcde5332b9f578/prod/CastExpr.xml#L13910	Unsupported function xs:dayTimeDuration
prod-CastExpr	K-SeqExprCast-742	https://github.com/w3c/qt3tests/blob/201a6e466940cdfc727f4babfedcde5332b9f578/prod/CastExpr.xml#L13919	Unsupported function xs:dayTimeDuration
prod-CastExpr	K-SeqExprCast-743	https://github.com/w3c/qt3tests/blob/201a6e466940cdfc727f4babfedcde5332b9f578/prod/CastExpr.xml#L13928	Unsupported sequenceExpr
prod-CastExpr	K-SeqExprCast-746	https://github.com/w3c/qt3tests/blob/201a6e466940cdfc727f4babfedcde5332b9f578/prod/CastExpr.xml#L13956	Unsupported cast type xs:untypedAtomic
prod-CastExpr	K-SeqExprCast-748	https://github.com/w3c/qt3tests/blob/201a6e466940cdfc727f4babfedcde5332b9f578/prod/CastExpr.xml#L13974	Unsupported cast type xs:untypedAtomic
prod-CastExpr	K-SeqExprCast-749	https://github.com/w3c/qt3tests/blob/201a6e466940cdfc727f4babfedcde5332b9f578/prod/CastExpr.xml#L13983	Unsupported castableExpr
prod-CastExpr	K-SeqExprCast-751	https://github.com/w3c/qt3tests/blob/201a6e466940cdfc727f4babfedcde5332b9f578/prod/CastExpr.xml#L14001	Unsupported castableExpr
prod-CastExpr	K-SeqExprCast-753	https://github.com/w3c/qt3tests/blob/201a6e466940cdfc727f4babfedcde5332b9f578/prod/CastExpr.xml#L14019	Unsupported castableExpr
prod-CastExpr	K-SeqExprCast-755	https://github.com/w3c/qt3tests/blob/201a6e466940cdfc727f4babfedcde5332b9f578/prod/CastExpr.xml#L14037	Unsupported castableExpr
prod-CastExpr	K-SeqExprCast-757	https://github.com/w3c/qt3tests/blob/201a6e466940cdfc727f4babfedcde5332b9f578/prod/CastExpr.xml#L14055	Unsupported castableExpr
prod-CastExpr	K-SeqExprCast-759	https://github.com/w3c/qt3tests/blob/201a6e466940cdfc727f4babfedcde5332b9f578/prod/CastExpr.xml#L14073	Unsupported castableExpr
prod-CastExpr	K-SeqExprCast-761	https://github.com/w3c/qt3tests/blob/201a6e466940cdfc727f4babfedcde5332b9f578/prod/CastExpr.xml#L14091	Unsupported castableExpr
prod-CastExpr	K-SeqExprCast-763	https://github.com/w3c/qt3tests/blob/201a6e466940cdfc727f4babfedcde5332b9f578/prod/CastExpr.xml#L14109	Unsupported castableExpr
prod-CastExpr	K-SeqExprCast-765	https://github.com/w3c/qt3tests/blob/201a6e466940cdfc727f4babfedcde5332b9f578/prod/CastExpr.xml#L14127	Unsupported castableExpr
prod-CastExpr	K-SeqExprCast-767	https://github.com/w3c/qt3tests/blob/201a6e466940cdfc727f4babfedcde5332b9f578/prod/CastExpr.xml#L14145	Unsupported castableExpr
prod-CastExpr	K-SeqExprCast-769	https://github.com/w3c/qt3tests/blob/201a6e466940cdfc727f4babfedcde5332b9f578/prod/CastExpr.xml#L14163	Unsupported castableExpr
prod-CastExpr	K-SeqExprCast-771	https://github.com/w3c/qt3tests/blob/201a6e466940cdfc727f4babfedcde5332b9f578/prod/CastExpr.xml#L14181	Unsupported castableExpr
prod-CastExpr	K-SeqExprCast-772	https://github.com/w3c/qt3tests/blob/201a6e466940cdfc727f4babfedcde5332b9f578/prod/CastExpr.xml#L14190	Unsupported cast type xs:gYearMonth
prod-CastExpr	K-SeqExprCast-773	https://github.com/w3c/qt3tests/blob/201a6e466940cdfc727f4babfedcde5332b9f578/prod/CastExpr.xml#L14199	Unsupported castableExpr
prod-CastExpr	K-SeqExprCast-774	https://github.com/w3c/qt3tests/blob/201a6e466940cdfc727f4babfedcde5332b9f578/prod/CastExpr.xml#L14208	Unsupported cast type xs:gYear
prod-CastExpr	K-SeqExprCast-775	https://github.com/w3c/qt3tests/blob/201a6e466940cdfc727f4babfedcde5332b9f578/prod/CastExpr.xml#L14217	Unsupported castableExpr
prod-CastExpr	K-SeqExprCast-776	https://github.com/w3c/qt3tests/blob/201a6e466940cdfc727f4babfedcde5332b9f578/prod/CastExpr.xml#L14226	Unsupported cast type xs:gMonthDay
prod-CastExpr	K-SeqExprCast-777	https://github.com/w3c/qt3tests/blob/201a6e466940cdfc727f4babfedcde5332b9f578/prod/CastExpr.xml#L14235	Unsupported castableExpr
prod-CastExpr	K-SeqExprCast-778	https://github.com/w3c/qt3tests/blob/201a6e466940cdfc727f4babfedcde5332b9f578/prod/CastExpr.xml#L14244	Unsupported cast type xs:gDay
prod-CastExpr	K-SeqExprCast-779	https://github.com/w3c/qt3tests/blob/201a6e466940cdfc727f4babfedcde5332b9f578/prod/CastExpr.xml#L14253	Unsupported castableExpr
prod-CastExpr	K-SeqExprCast-780	https://github.com/w3c/qt3tests/blob/201a6e466940cdfc727f4babfedcde5332b9f578/prod/CastExpr.xml#L14262	Unsupported cast type xs:gMonth
prod-CastExpr	K-SeqExprCast-781	https://github.com/w3c/qt3tests/blob/201a6e466940cdfc727f4babfedcde5332b9f578/prod/CastExpr.xml#L14271	Unsupported castableExpr
prod-CastExpr	K-SeqExprCast-783	https://github.com/w3c/qt3tests/blob/201a6e466940cdfc727f4babfedcde5332b9f578/prod/CastExpr.xml#L14289	Unsupported castableExpr
prod-CastExpr	K-SeqExprCast-784	https://github.com/w3c/qt3tests/blob/201a6e466940cdfc727f4babfedcde5332b9f578/prod/CastExpr.xml#L14298	Unsupported cast type xs:base64Binary
prod-CastExpr	K-SeqExprCast-785	https://github.com/w3c/qt3tests/blob/201a6e466940cdfc727f4babfedcde5332b9f578/prod/CastExpr.xml#L14307	Unsupported castableExpr
prod-CastExpr	K-SeqExprCast-786	https://github.com/w3c/qt3tests/blob/201a6e466940cdfc727f4babfedcde5332b9f578/prod/CastExpr.xml#L14316	Unsupported cast type xs:hexBinary
prod-CastExpr	K-SeqExprCast-787	https://github.com/w3c/qt3tests/blob/201a6e466940cdfc727f4babfedcde5332b9f578/prod/CastExpr.xml#L14325	Unsupported castableExpr
prod-CastExpr	K-SeqExprCast-788	https://github.com/w3c/qt3tests/blob/201a6e466940cdfc727f4babfedcde5332b9f578/prod/CastExpr.xml#L14334	Unsupported cast type xs:anyURI
prod-CastExpr	K-SeqExprCast-789	https://github.com/w3c/qt3tests/blob/201a6e466940cdfc727f4babfedcde5332b9f578/prod/CastExpr.xml#L14343	Unsupported castableExpr
prod-CastExpr	K-SeqExprCast-790	https://github.com/w3c/qt3tests/blob/201a6e466940cdfc727f4babfedcde5332b9f578/prod/CastExpr.xml#L14352	Unsupported cast type xs:QName
prod-CastExpr	K-SeqExprCast-791	https://github.com/w3c/qt3tests/blob/201a6e466940cdfc727f4babfedcde5332b9f578/prod/CastExpr.xml#L14361	Unsupported castableExpr
prod-CastExpr	K-SeqExprCast-792	https://github.com/w3c/qt3tests/blob/201a6e466940cdfc727f4babfedcde5332b9f578/prod/CastExpr.xml#L14370	Unsupported castableExpr
prod-CastExpr	K-SeqExprCast-793	https://github.com/w3c/qt3tests/blob/201a6e466940cdfc727f4babfedcde5332b9f578/prod/CastExpr.xml#L14379	Unsupported function xs:dateTime
prod-CastExpr	K-SeqExprCast-794	https://github.com/w3c/qt3tests/blob/201a6e466940cdfc727f4babfedcde5332b9f578/prod/CastExpr.xml#L14388	Unsupported function xs:dateTime
prod-CastExpr	K-SeqExprCast-795	https://github.com/w3c/qt3tests/blob/201a6e466940cdfc727f4babfedcde5332b9f578/prod/CastExpr.xml#L14397	Unsupported sequenceExpr
prod-CastExpr	K-SeqExprCast-798	https://github.com/w3c/qt3tests/blob/201a6e466940cdfc727f4babfedcde5332b9f578/prod/CastExpr.xml#L14425	Unsupported cast type xs:untypedAtomic
prod-CastExpr	K-SeqExprCast-800	https://github.com/w3c/qt3tests/blob/201a6e466940cdfc727f4babfedcde5332b9f578/prod/CastExpr.xml#L14443	Unsupported cast type xs:untypedAtomic
prod-CastExpr	K-SeqExprCast-801	https://github.com/w3c/qt3tests/blob/201a6e466940cdfc727f4babfedcde5332b9f578/prod/CastExpr.xml#L14452	Unsupported castableExpr
prod-CastExpr	K-SeqExprCast-803	https://github.com/w3c/qt3tests/blob/201a6e466940cdfc727f4babfedcde5332b9f578/prod/CastExpr.xml#L14470	Unsupported castableExpr
prod-CastExpr	K-SeqExprCast-805	https://github.com/w3c/qt3tests/blob/201a6e466940cdfc727f4babfedcde5332b9f578/prod/CastExpr.xml#L14488	Unsupported castableExpr
prod-CastExpr	K-SeqExprCast-807	https://github.com/w3c/qt3tests/blob/201a6e466940cdfc727f4babfedcde5332b9f578/prod/CastExpr.xml#L14506	Unsupported castableExpr
prod-CastExpr	K-SeqExprCast-809	https://github.com/w3c/qt3tests/blob/201a6e466940cdfc727f4babfedcde5332b9f578/prod/CastExpr.xml#L14524	Unsupported castableExpr
prod-CastExpr	K-SeqExprCast-811	https://github.com/w3c/qt3tests/blob/201a6e466940cdfc727f4babfedcde5332b9f578/prod/CastExpr.xml#L14542	Unsupported castableExpr
prod-CastExpr	K-SeqExprCast-813	https://github.com/w3c/qt3tests/blob/201a6e466940cdfc727f4babfedcde5332b9f578/prod/CastExpr.xml#L14560	Unsupported castableExpr
prod-CastExpr	K-SeqExprCast-815	https://github.com/w3c/qt3tests/blob/201a6e466940cdfc727f4babfedcde5332b9f578/prod/CastExpr.xml#L14578	Unsupported castableExpr
prod-CastExpr	K-SeqExprCast-817	https://github.com/w3c/qt3tests/blob/201a6e466940cdfc727f4babfedcde5332b9f578/prod/CastExpr.xml#L14596	Unsupported castableExpr
prod-CastExpr	K-SeqExprCast-819	https://github.com/w3c/qt3tests/blob/201a6e466940cdfc727f4babfedcde5332b9f578/prod/CastExpr.xml#L14614	Unsupported castableExpr
prod-CastExpr	K-SeqExprCast-821	https://github.com/w3c/qt3tests/blob/201a6e466940cdfc727f4babfedcde5332b9f578/prod/CastExpr.xml#L14632	Unsupported castableExpr
prod-CastExpr	K-SeqExprCast-823	https://github.com/w3c/qt3tests/blob/201a6e466940cdfc727f4babfedcde5332b9f578/prod/CastExpr.xml#L14650	Unsupported castableExpr
prod-CastExpr	K-SeqExprCast-824	https://github.com/w3c/qt3tests/blob/201a6e466940cdfc727f4babfedcde5332b9f578/prod/CastExpr.xml#L14659	Unsupported cast type xs:gYearMonth
prod-CastExpr	K-SeqExprCast-825	https://github.com/w3c/qt3tests/blob/201a6e466940cdfc727f4babfedcde5332b9f578/prod/CastExpr.xml#L14668	Unsupported castableExpr
prod-CastExpr	K-SeqExprCast-826	https://github.com/w3c/qt3tests/blob/201a6e466940cdfc727f4babfedcde5332b9f578/prod/CastExpr.xml#L14677	Unsupported cast type xs:gYear
prod-CastExpr	K-SeqExprCast-827	https://github.com/w3c/qt3tests/blob/201a6e466940cdfc727f4babfedcde5332b9f578/prod/CastExpr.xml#L14686	Unsupported castableExpr
prod-CastExpr	K-SeqExprCast-828	https://github.com/w3c/qt3tests/blob/201a6e466940cdfc727f4babfedcde5332b9f578/prod/CastExpr.xml#L14695	Unsupported cast type xs:gMonthDay
prod-CastExpr	K-SeqExprCast-829	https://github.com/w3c/qt3tests/blob/201a6e466940cdfc727f4babfedcde5332b9f578/prod/CastExpr.xml#L14704	Unsupported castableExpr
prod-CastExpr	K-SeqExprCast-830	https://github.com/w3c/qt3tests/blob/201a6e466940cdfc727f4babfedcde5332b9f578/prod/CastExpr.xml#L14713	Unsupported cast type xs:gDay
prod-CastExpr	K-SeqExprCast-831	https://github.com/w3c/qt3tests/blob/201a6e466940cdfc727f4babfedcde5332b9f578/prod/CastExpr.xml#L14722	Unsupported castableExpr
prod-CastExpr	K-SeqExprCast-832	https://github.com/w3c/qt3tests/blob/201a6e466940cdfc727f4babfedcde5332b9f578/prod/CastExpr.xml#L14731	Unsupported cast type xs:gMonth
prod-CastExpr	K-SeqExprCast-833	https://github.com/w3c/qt3tests/blob/201a6e466940cdfc727f4babfedcde5332b9f578/prod/CastExpr.xml#L14740	Unsupported castableExpr
prod-CastExpr	K-SeqExprCast-835	https://github.com/w3c/qt3tests/blob/201a6e466940cdfc727f4babfedcde5332b9f578/prod/CastExpr.xml#L14758	Unsupported castableExpr
prod-CastExpr	K-SeqExprCast-836	https://github.com/w3c/qt3tests/blob/201a6e466940cdfc727f4babfedcde5332b9f578/prod/CastExpr.xml#L14767	Unsupported cast type xs:base64Binary
prod-CastExpr	K-SeqExprCast-837	https://github.com/w3c/qt3tests/blob/201a6e466940cdfc727f4babfedcde5332b9f578/prod/CastExpr.xml#L14776	Unsupported castableExpr
prod-CastExpr	K-SeqExprCast-838	https://github.com/w3c/qt3tests/blob/201a6e466940cdfc727f4babfedcde5332b9f578/prod/CastExpr.xml#L14785	Unsupported cast type xs:hexBinary
prod-CastExpr	K-SeqExprCast-839	https://github.com/w3c/qt3tests/blob/201a6e466940cdfc727f4babfedcde5332b9f578/prod/CastExpr.xml#L14794	Unsupported castableExpr
prod-CastExpr	K-SeqExprCast-840	https://github.com/w3c/qt3tests/blob/201a6e466940cdfc727f4babfedcde5332b9f578/prod/CastExpr.xml#L14803	Unsupported cast type xs:anyURI
prod-CastExpr	K-SeqExprCast-841	https://github.com/w3c/qt3tests/blob/201a6e466940cdfc727f4babfedcde5332b9f578/prod/CastExpr.xml#L14812	Unsupported castableExpr
prod-CastExpr	K-SeqExprCast-842	https://github.com/w3c/qt3tests/blob/201a6e466940cdfc727f4babfedcde5332b9f578/prod/CastExpr.xml#L14821	Unsupported cast type xs:QName
prod-CastExpr	K-SeqExprCast-843	https://github.com/w3c/qt3tests/blob/201a6e466940cdfc727f4babfedcde5332b9f578/prod/CastExpr.xml#L14830	Unsupported castableExpr
prod-CastExpr	K-SeqExprCast-844	https://github.com/w3c/qt3tests/blob/201a6e466940cdfc727f4babfedcde5332b9f578/prod/CastExpr.xml#L14839	Unsupported castableExpr
prod-CastExpr	K-SeqExprCast-845	https://github.com/w3c/qt3tests/blob/201a6e466940cdfc727f4babfedcde5332b9f578/prod/CastExpr.xml#L14848	Unsupported function xs:time
prod-CastExpr	K-SeqExprCast-846	https://github.com/w3c/qt3tests/blob/201a6e466940cdfc727f4babfedcde5332b9f578/prod/CastExpr.xml#L14857	Unsupported function xs:time
prod-CastExpr	K-SeqExprCast-847	https://github.com/w3c/qt3tests/blob/201a6e466940cdfc727f4babfedcde5332b9f578/prod/CastExpr.xml#L14866	Unsupported sequenceExpr
prod-CastExpr	K-SeqExprCast-850	https://github.com/w3c/qt3tests/blob/201a6e466940cdfc727f4babfedcde5332b9f578/prod/CastExpr.xml#L14894	Unsupported cast type xs:untypedAtomic
prod-CastExpr	K-SeqExprCast-852	https://github.com/w3c/qt3tests/blob/201a6e466940cdfc727f4babfedcde5332b9f578/prod/CastExpr.xml#L14912	Unsupported cast type xs:untypedAtomic
prod-CastExpr	K-SeqExprCast-853	https://github.com/w3c/qt3tests/blob/201a6e466940cdfc727f4babfedcde5332b9f578/prod/CastExpr.xml#L14921	Unsupported castableExpr
prod-CastExpr	K-SeqExprCast-855	https://github.com/w3c/qt3tests/blob/201a6e466940cdfc727f4babfedcde5332b9f578/prod/CastExpr.xml#L14939	Unsupported castableExpr
prod-CastExpr	K-SeqExprCast-857	https://github.com/w3c/qt3tests/blob/201a6e466940cdfc727f4babfedcde5332b9f578/prod/CastExpr.xml#L14957	Unsupported castableExpr
prod-CastExpr	K-SeqExprCast-859	https://github.com/w3c/qt3tests/blob/201a6e466940cdfc727f4babfedcde5332b9f578/prod/CastExpr.xml#L14975	Unsupported castableExpr
prod-CastExpr	K-SeqExprCast-861	https://github.com/w3c/qt3tests/blob/201a6e466940cdfc727f4babfedcde5332b9f578/prod/CastExpr.xml#L14993	Unsupported castableExpr
prod-CastExpr	K-SeqExprCast-863	https://github.com/w3c/qt3tests/blob/201a6e466940cdfc727f4babfedcde5332b9f578/prod/CastExpr.xml#L15011	Unsupported castableExpr
prod-CastExpr	K-SeqExprCast-865	https://github.com/w3c/qt3tests/blob/201a6e466940cdfc727f4babfedcde5332b9f578/prod/CastExpr.xml#L15029	Unsupported castableExpr
prod-CastExpr	K-SeqExprCast-867	https://github.com/w3c/qt3tests/blob/201a6e466940cdfc727f4babfedcde5332b9f578/prod/CastExpr.xml#L15047	Unsupported castableExpr
prod-CastExpr	K-SeqExprCast-869	https://github.com/w3c/qt3tests/blob/201a6e466940cdfc727f4babfedcde5332b9f578/prod/CastExpr.xml#L15065	Unsupported castableExpr
prod-CastExpr	K-SeqExprCast-871	https://github.com/w3c/qt3tests/blob/201a6e466940cdfc727f4babfedcde5332b9f578/prod/CastExpr.xml#L15083	Unsupported castableExpr
prod-CastExpr	K-SeqExprCast-873	https://github.com/w3c/qt3tests/blob/201a6e466940cdfc727f4babfedcde5332b9f578/prod/CastExpr.xml#L15101	Unsupported castableExpr
prod-CastExpr	K-SeqExprCast-875	https://github.com/w3c/qt3tests/blob/201a6e466940cdfc727f4babfedcde5332b9f578/prod/CastExpr.xml#L15119	Unsupported castableExpr
prod-CastExpr	K-SeqExprCast-876	https://github.com/w3c/qt3tests/blob/201a6e466940cdfc727f4babfedcde5332b9f578/prod/CastExpr.xml#L15128	Unsupported cast type xs:gYearMonth
prod-CastExpr	K-SeqExprCast-877	https://github.com/w3c/qt3tests/blob/201a6e466940cdfc727f4babfedcde5332b9f578/prod/CastExpr.xml#L15137	Unsupported castableExpr
prod-CastExpr	K-SeqExprCast-878	https://github.com/w3c/qt3tests/blob/201a6e466940cdfc727f4babfedcde5332b9f578/prod/CastExpr.xml#L15146	Unsupported cast type xs:gYear
prod-CastExpr	K-SeqExprCast-879	https://github.com/w3c/qt3tests/blob/201a6e466940cdfc727f4babfedcde5332b9f578/prod/CastExpr.xml#L15155	Unsupported castableExpr
prod-CastExpr	K-SeqExprCast-880	https://github.com/w3c/qt3tests/blob/201a6e466940cdfc727f4babfedcde5332b9f578/prod/CastExpr.xml#L15164	Unsupported cast type xs:gMonthDay
prod-CastExpr	K-SeqExprCast-881	https://github.com/w3c/qt3tests/blob/201a6e466940cdfc727f4babfedcde5332b9f578/prod/CastExpr.xml#L15173	Unsupported castableExpr
prod-CastExpr	K-SeqExprCast-882	https://github.com/w3c/qt3tests/blob/201a6e466940cdfc727f4babfedcde5332b9f578/prod/CastExpr.xml#L15182	Unsupported cast type xs:gDay
prod-CastExpr	K-SeqExprCast-883	https://github.com/w3c/qt3tests/blob/201a6e466940cdfc727f4babfedcde5332b9f578/prod/CastExpr.xml#L15191	Unsupported castableExpr
prod-CastExpr	K-SeqExprCast-884	https://github.com/w3c/qt3tests/blob/201a6e466940cdfc727f4babfedcde5332b9f578/prod/CastExpr.xml#L15200	Unsupported cast type xs:gMonth
prod-CastExpr	K-SeqExprCast-885	https://github.com/w3c/qt3tests/blob/201a6e466940cdfc727f4babfedcde5332b9f578/prod/CastExpr.xml#L15209	Unsupported castableExpr
prod-CastExpr	K-SeqExprCast-887	https://github.com/w3c/qt3tests/blob/201a6e466940cdfc727f4babfedcde5332b9f578/prod/CastExpr.xml#L15227	Unsupported castableExpr
prod-CastExpr	K-SeqExprCast-888	https://github.com/w3c/qt3tests/blob/201a6e466940cdfc727f4babfedcde5332b9f578/prod/CastExpr.xml#L15236	Unsupported cast type xs:base64Binary
prod-CastExpr	K-SeqExprCast-889	https://github.com/w3c/qt3tests/blob/201a6e466940cdfc727f4babfedcde5332b9f578/prod/CastExpr.xml#L15245	Unsupported castableExpr
prod-CastExpr	K-SeqExprCast-890	https://github.com/w3c/qt3tests/blob/201a6e466940cdfc727f4babfedcde5332b9f578/prod/CastExpr.xml#L15254	Unsupported cast type xs:hexBinary
prod-CastExpr	K-SeqExprCast-891	https://github.com/w3c/qt3tests/blob/201a6e466940cdfc727f4babfedcde5332b9f578/prod/CastExpr.xml#L15263	Unsupported castableExpr
prod-CastExpr	K-SeqExprCast-892	https://github.com/w3c/qt3tests/blob/201a6e466940cdfc727f4babfedcde5332b9f578/prod/CastExpr.xml#L15272	Unsupported cast type xs:anyURI
prod-CastExpr	K-SeqExprCast-893	https://github.com/w3c/qt3tests/blob/201a6e466940cdfc727f4babfedcde5332b9f578/prod/CastExpr.xml#L15281	Unsupported castableExpr
prod-CastExpr	K-SeqExprCast-894	https://github.com/w3c/qt3tests/blob/201a6e466940cdfc727f4babfedcde5332b9f578/prod/CastExpr.xml#L15290	Unsupported cast type xs:QName
prod-CastExpr	K-SeqExprCast-895	https://github.com/w3c/qt3tests/blob/201a6e466940cdfc727f4babfedcde5332b9f578/prod/CastExpr.xml#L15299	Unsupported castableExpr
prod-CastExpr	K-SeqExprCast-896	https://github.com/w3c/qt3tests/blob/201a6e466940cdfc727f4babfedcde5332b9f578/prod/CastExpr.xml#L15308	Unsupported castableExpr
prod-CastExpr	K-SeqExprCast-897	https://github.com/w3c/qt3tests/blob/201a6e466940cdfc727f4babfedcde5332b9f578/prod/CastExpr.xml#L15317	Unsupported function xs:date
prod-CastExpr	K-SeqExprCast-898	https://github.com/w3c/qt3tests/blob/201a6e466940cdfc727f4babfedcde5332b9f578/prod/CastExpr.xml#L15326	Unsupported function xs:date
prod-CastExpr	K-SeqExprCast-899	https://github.com/w3c/qt3tests/blob/201a6e466940cdfc727f4babfedcde5332b9f578/prod/CastExpr.xml#L15335	Unsupported sequenceExpr
prod-CastExpr	K-SeqExprCast-902	https://github.com/w3c/qt3tests/blob/201a6e466940cdfc727f4babfedcde5332b9f578/prod/CastExpr.xml#L15363	Unsupported cast type xs:untypedAtomic
prod-CastExpr	K-SeqExprCast-904	https://github.com/w3c/qt3tests/blob/201a6e466940cdfc727f4babfedcde5332b9f578/prod/CastExpr.xml#L15381	Unsupported cast type xs:untypedAtomic
prod-CastExpr	K-SeqExprCast-905	https://github.com/w3c/qt3tests/blob/201a6e466940cdfc727f4babfedcde5332b9f578/prod/CastExpr.xml#L15390	Unsupported castableExpr
prod-CastExpr	K-SeqExprCast-907	https://github.com/w3c/qt3tests/blob/201a6e466940cdfc727f4babfedcde5332b9f578/prod/CastExpr.xml#L15408	Unsupported castableExpr
prod-CastExpr	K-SeqExprCast-909	https://github.com/w3c/qt3tests/blob/201a6e466940cdfc727f4babfedcde5332b9f578/prod/CastExpr.xml#L15426	Unsupported castableExpr
prod-CastExpr	K-SeqExprCast-911	https://github.com/w3c/qt3tests/blob/201a6e466940cdfc727f4babfedcde5332b9f578/prod/CastExpr.xml#L15444	Unsupported castableExpr
prod-CastExpr	K-SeqExprCast-913	https://github.com/w3c/qt3tests/blob/201a6e466940cdfc727f4babfedcde5332b9f578/prod/CastExpr.xml#L15462	Unsupported castableExpr
prod-CastExpr	K-SeqExprCast-915	https://github.com/w3c/qt3tests/blob/201a6e466940cdfc727f4babfedcde5332b9f578/prod/CastExpr.xml#L15480	Unsupported castableExpr
prod-CastExpr	K-SeqExprCast-917	https://github.com/w3c/qt3tests/blob/201a6e466940cdfc727f4babfedcde5332b9f578/prod/CastExpr.xml#L15498	Unsupported castableExpr
prod-CastExpr	K-SeqExprCast-919	https://github.com/w3c/qt3tests/blob/201a6e466940cdfc727f4babfedcde5332b9f578/prod/CastExpr.xml#L15516	Unsupported castableExpr
prod-CastExpr	K-SeqExprCast-921	https://github.com/w3c/qt3tests/blob/201a6e466940cdfc727f4babfedcde5332b9f578/prod/CastExpr.xml#L15534	Unsupported castableExpr
prod-CastExpr	K-SeqExprCast-923	https://github.com/w3c/qt3tests/blob/201a6e466940cdfc727f4babfedcde5332b9f578/prod/CastExpr.xml#L15552	Unsupported castableExpr
prod-CastExpr	K-SeqExprCast-925	https://github.com/w3c/qt3tests/blob/201a6e466940cdfc727f4babfedcde5332b9f578/prod/CastExpr.xml#L15570	Unsupported castableExpr
prod-CastExpr	K-SeqExprCast-927	https://github.com/w3c/qt3tests/blob/201a6e466940cdfc727f4babfedcde5332b9f578/prod/CastExpr.xml#L15588	Unsupported castableExpr
prod-CastExpr	K-SeqExprCast-928	https://github.com/w3c/qt3tests/blob/201a6e466940cdfc727f4babfedcde5332b9f578/prod/CastExpr.xml#L15597	Unsupported cast type xs:gYearMonth
prod-CastExpr	K-SeqExprCast-929	https://github.com/w3c/qt3tests/blob/201a6e466940cdfc727f4babfedcde5332b9f578/prod/CastExpr.xml#L15606	Unsupported castableExpr
prod-CastExpr	K-SeqExprCast-930	https://github.com/w3c/qt3tests/blob/201a6e466940cdfc727f4babfedcde5332b9f578/prod/CastExpr.xml#L15615	Unsupported cast type xs:gYear
prod-CastExpr	K-SeqExprCast-931	https://github.com/w3c/qt3tests/blob/201a6e466940cdfc727f4babfedcde5332b9f578/prod/CastExpr.xml#L15624	Unsupported castableExpr
prod-CastExpr	K-SeqExprCast-932	https://github.com/w3c/qt3tests/blob/201a6e466940cdfc727f4babfedcde5332b9f578/prod/CastExpr.xml#L15633	Unsupported cast type xs:gMonthDay
prod-CastExpr	K-SeqExprCast-933	https://github.com/w3c/qt3tests/blob/201a6e466940cdfc727f4babfedcde5332b9f578/prod/CastExpr.xml#L15642	Unsupported castableExpr
prod-CastExpr	K-SeqExprCast-934	https://github.com/w3c/qt3tests/blob/201a6e466940cdfc727f4babfedcde5332b9f578/prod/CastExpr.xml#L15651	Unsupported cast type xs:gDay
prod-CastExpr	K-SeqExprCast-935	https://github.com/w3c/qt3tests/blob/201a6e466940cdfc727f4babfedcde5332b9f578/prod/CastExpr.xml#L15660	Unsupported castableExpr
prod-CastExpr	K-SeqExprCast-936	https://github.com/w3c/qt3tests/blob/201a6e466940cdfc727f4babfedcde5332b9f578/prod/CastExpr.xml#L15669	Unsupported cast type xs:gMonth
prod-CastExpr	K-SeqExprCast-937	https://github.com/w3c/qt3tests/blob/201a6e466940cdfc727f4babfedcde5332b9f578/prod/CastExpr.xml#L15678	Unsupported castableExpr
prod-CastExpr	K-SeqExprCast-939	https://github.com/w3c/qt3tests/blob/201a6e466940cdfc727f4babfedcde5332b9f578/prod/CastExpr.xml#L15696	Unsupported castableExpr
prod-CastExpr	K-SeqExprCast-940	https://github.com/w3c/qt3tests/blob/201a6e466940cdfc727f4babfedcde5332b9f578/prod/CastExpr.xml#L15705	Unsupported cast type xs:base64Binary
prod-CastExpr	K-SeqExprCast-941	https://github.com/w3c/qt3tests/blob/201a6e466940cdfc727f4babfedcde5332b9f578/prod/CastExpr.xml#L15714	Unsupported castableExpr
prod-CastExpr	K-SeqExprCast-942	https://github.com/w3c/qt3tests/blob/201a6e466940cdfc727f4babfedcde5332b9f578/prod/CastExpr.xml#L15723	Unsupported cast type xs:hexBinary
prod-CastExpr	K-SeqExprCast-943	https://github.com/w3c/qt3tests/blob/201a6e466940cdfc727f4babfedcde5332b9f578/prod/CastExpr.xml#L15732	Unsupported castableExpr
prod-CastExpr	K-SeqExprCast-944	https://github.com/w3c/qt3tests/blob/201a6e466940cdfc727f4babfedcde5332b9f578/prod/CastExpr.xml#L15741	Unsupported cast type xs:anyURI
prod-CastExpr	K-SeqExprCast-945	https://github.com/w3c/qt3tests/blob/201a6e466940cdfc727f4babfedcde5332b9f578/prod/CastExpr.xml#L15750	Unsupported castableExpr
prod-CastExpr	K-SeqExprCast-946	https://github.com/w3c/qt3tests/blob/201a6e466940cdfc727f4babfedcde5332b9f578/prod/CastExpr.xml#L15759	Unsupported cast type xs:QName
prod-CastExpr	K-SeqExprCast-947	https://github.com/w3c/qt3tests/blob/201a6e466940cdfc727f4babfedcde5332b9f578/prod/CastExpr.xml#L15768	Unsupported castableExpr
prod-CastExpr	K-SeqExprCast-948	https://github.com/w3c/qt3tests/blob/201a6e466940cdfc727f4babfedcde5332b9f578/prod/CastExpr.xml#L15777	Unsupported castableExpr
prod-CastExpr	K-SeqExprCast-949	https://github.com/w3c/qt3tests/blob/201a6e466940cdfc727f4babfedcde5332b9f578/prod/CastExpr.xml#L15786	Unsupported function xs:gYearMonth
prod-CastExpr	K-SeqExprCast-950	https://github.com/w3c/qt3tests/blob/201a6e466940cdfc727f4babfedcde5332b9f578/prod/CastExpr.xml#L15795	Unsupported function xs:gYearMonth
prod-CastExpr	K-SeqExprCast-951	https://github.com/w3c/qt3tests/blob/201a6e466940cdfc727f4babfedcde5332b9f578/prod/CastExpr.xml#L15804	Unsupported cast type xs:gYearMonth
prod-CastExpr	K-SeqExprCast-952	https://github.com/w3c/qt3tests/blob/201a6e466940cdfc727f4babfedcde5332b9f578/prod/CastExpr.xml#L15814	Unsupported cast type xs:gYearMonth
prod-CastExpr	K-SeqExprCast-953	https://github.com/w3c/qt3tests/blob/201a6e466940cdfc727f4babfedcde5332b9f578/prod/CastExpr.xml#L15823	Unsupported cast type xs:gYearMonth
prod-CastExpr	K-SeqExprCast-954	https://github.com/w3c/qt3tests/blob/201a6e466940cdfc727f4babfedcde5332b9f578/prod/CastExpr.xml#L15832	Unsupported cast type xs:untypedAtomic
prod-CastExpr	K-SeqExprCast-955	https://github.com/w3c/qt3tests/blob/201a6e466940cdfc727f4babfedcde5332b9f578/prod/CastExpr.xml#L15841	Unsupported cast type xs:gYearMonth
prod-CastExpr	K-SeqExprCast-956	https://github.com/w3c/qt3tests/blob/201a6e466940cdfc727f4babfedcde5332b9f578/prod/CastExpr.xml#L15850	Unsupported cast type xs:gYearMonth
prod-CastExpr	K-SeqExprCast-957	https://github.com/w3c/qt3tests/blob/201a6e466940cdfc727f4babfedcde5332b9f578/prod/CastExpr.xml#L15859	Unsupported cast type xs:gYearMonth
prod-CastExpr	K-SeqExprCast-958	https://github.com/w3c/qt3tests/blob/201a6e466940cdfc727f4babfedcde5332b9f578/prod/CastExpr.xml#L15868	Unsupported cast type xs:gYearMonth
prod-CastExpr	K-SeqExprCast-959	https://github.com/w3c/qt3tests/blob/201a6e466940cdfc727f4babfedcde5332b9f578/prod/CastExpr.xml#L15877	Unsupported cast type xs:gYearMonth
prod-CastExpr	K-SeqExprCast-960	https://github.com/w3c/qt3tests/blob/201a6e466940cdfc727f4babfedcde5332b9f578/prod/CastExpr.xml#L15886	Unsupported cast type xs:gYearMonth
prod-CastExpr	K-SeqExprCast-961	https://github.com/w3c/qt3tests/blob/201a6e466940cdfc727f4babfedcde5332b9f578/prod/CastExpr.xml#L15895	Unsupported cast type xs:gYearMonth
prod-CastExpr	K-SeqExprCast-962	https://github.com/w3c/qt3tests/blob/201a6e466940cdfc727f4babfedcde5332b9f578/prod/CastExpr.xml#L15904	Unsupported cast type xs:gYearMonth
prod-CastExpr	K-SeqExprCast-963	https://github.com/w3c/qt3tests/blob/201a6e466940cdfc727f4babfedcde5332b9f578/prod/CastExpr.xml#L15913	Unsupported cast type xs:gYearMonth
prod-CastExpr	K-SeqExprCast-964	https://github.com/w3c/qt3tests/blob/201a6e466940cdfc727f4babfedcde5332b9f578/prod/CastExpr.xml#L15922	Unsupported cast type xs:gYearMonth
prod-CastExpr	K-SeqExprCast-965	https://github.com/w3c/qt3tests/blob/201a6e466940cdfc727f4babfedcde5332b9f578/prod/CastExpr.xml#L15931	Unsupported cast type xs:gYearMonth
prod-CastExpr	K-SeqExprCast-966	https://github.com/w3c/qt3tests/blob/201a6e466940cdfc727f4babfedcde5332b9f578/prod/CastExpr.xml#L15940	Unsupported cast type xs:gYearMonth
prod-CastExpr	K-SeqExprCast-967	https://github.com/w3c/qt3tests/blob/201a6e466940cdfc727f4babfedcde5332b9f578/prod/CastExpr.xml#L15949	Unsupported cast type xs:gYearMonth
prod-CastExpr	K-SeqExprCast-968	https://github.com/w3c/qt3tests/blob/201a6e466940cdfc727f4babfedcde5332b9f578/prod/CastExpr.xml#L15958	Unsupported cast type xs:gYearMonth
prod-CastExpr	K-SeqExprCast-969	https://github.com/w3c/qt3tests/blob/201a6e466940cdfc727f4babfedcde5332b9f578/prod/CastExpr.xml#L15967	Unsupported cast type xs:gYearMonth
prod-CastExpr	K-SeqExprCast-970	https://github.com/w3c/qt3tests/blob/201a6e466940cdfc727f4babfedcde5332b9f578/prod/CastExpr.xml#L15976	Unsupported cast type xs:gYearMonth
prod-CastExpr	K-SeqExprCast-971	https://github.com/w3c/qt3tests/blob/201a6e466940cdfc727f4babfedcde5332b9f578/prod/CastExpr.xml#L15985	Unsupported cast type xs:gYearMonth
prod-CastExpr	K-SeqExprCast-972	https://github.com/w3c/qt3tests/blob/201a6e466940cdfc727f4babfedcde5332b9f578/prod/CastExpr.xml#L15994	Unsupported cast type xs:gYearMonth
prod-CastExpr	K-SeqExprCast-973	https://github.com/w3c/qt3tests/blob/201a6e466940cdfc727f4babfedcde5332b9f578/prod/CastExpr.xml#L16003	Unsupported cast type xs:gYearMonth
prod-CastExpr	K-SeqExprCast-974	https://github.com/w3c/qt3tests/blob/201a6e466940cdfc727f4babfedcde5332b9f578/prod/CastExpr.xml#L16012	Unsupported cast type xs:gYearMonth
prod-CastExpr	K-SeqExprCast-975	https://github.com/w3c/qt3tests/blob/201a6e466940cdfc727f4babfedcde5332b9f578/prod/CastExpr.xml#L16021	Unsupported cast type xs:gYearMonth
prod-CastExpr	K-SeqExprCast-976	https://github.com/w3c/qt3tests/blob/201a6e466940cdfc727f4babfedcde5332b9f578/prod/CastExpr.xml#L16030	Unsupported cast type xs:gYearMonth
prod-CastExpr	K-SeqExprCast-977	https://github.com/w3c/qt3tests/blob/201a6e466940cdfc727f4babfedcde5332b9f578/prod/CastExpr.xml#L16039	Unsupported cast type xs:gYearMonth
prod-CastExpr	K-SeqExprCast-978	https://github.com/w3c/qt3tests/blob/201a6e466940cdfc727f4babfedcde5332b9f578/prod/CastExpr.xml#L16048	Unsupported cast type xs:gYearMonth
prod-CastExpr	K-SeqExprCast-979	https://github.com/w3c/qt3tests/blob/201a6e466940cdfc727f4babfedcde5332b9f578/prod/CastExpr.xml#L16057	Unsupported cast type xs:gYearMonth
prod-CastExpr	K-SeqExprCast-980	https://github.com/w3c/qt3tests/blob/201a6e466940cdfc727f4babfedcde5332b9f578/prod/CastExpr.xml#L16066	Unsupported cast type xs:gYearMonth
prod-CastExpr	K-SeqExprCast-981	https://github.com/w3c/qt3tests/blob/201a6e466940cdfc727f4babfedcde5332b9f578/prod/CastExpr.xml#L16075	Unsupported cast type xs:gYearMonth
prod-CastExpr	K-SeqExprCast-982	https://github.com/w3c/qt3tests/blob/201a6e466940cdfc727f4babfedcde5332b9f578/prod/CastExpr.xml#L16084	Unsupported cast type xs:gYearMonth
prod-CastExpr	K-SeqExprCast-983	https://github.com/w3c/qt3tests/blob/201a6e466940cdfc727f4babfedcde5332b9f578/prod/CastExpr.xml#L16093	Unsupported cast type xs:gYearMonth
prod-CastExpr	K-SeqExprCast-984	https://github.com/w3c/qt3tests/blob/201a6e466940cdfc727f4babfedcde5332b9f578/prod/CastExpr.xml#L16102	Unsupported cast type xs:gYearMonth
prod-CastExpr	K-SeqExprCast-985	https://github.com/w3c/qt3tests/blob/201a6e466940cdfc727f4babfedcde5332b9f578/prod/CastExpr.xml#L16111	Unsupported cast type xs:gYearMonth
prod-CastExpr	K-SeqExprCast-986	https://github.com/w3c/qt3tests/blob/201a6e466940cdfc727f4babfedcde5332b9f578/prod/CastExpr.xml#L16120	Unsupported cast type xs:gYearMonth
prod-CastExpr	K-SeqExprCast-987	https://github.com/w3c/qt3tests/blob/201a6e466940cdfc727f4babfedcde5332b9f578/prod/CastExpr.xml#L16129	Unsupported cast type xs:gYearMonth
prod-CastExpr	K-SeqExprCast-988	https://github.com/w3c/qt3tests/blob/201a6e466940cdfc727f4babfedcde5332b9f578/prod/CastExpr.xml#L16138	Unsupported cast type xs:gYearMonth
prod-CastExpr	K-SeqExprCast-989	https://github.com/w3c/qt3tests/blob/201a6e466940cdfc727f4babfedcde5332b9f578/prod/CastExpr.xml#L16147	Unsupported cast type xs:gYearMonth
prod-CastExpr	K-SeqExprCast-990	https://github.com/w3c/qt3tests/blob/201a6e466940cdfc727f4babfedcde5332b9f578/prod/CastExpr.xml#L16156	Unsupported cast type xs:gYearMonth
prod-CastExpr	K-SeqExprCast-991	https://github.com/w3c/qt3tests/blob/201a6e466940cdfc727f4babfedcde5332b9f578/prod/CastExpr.xml#L16165	Unsupported cast type xs:gYearMonth
prod-CastExpr	K-SeqExprCast-992	https://github.com/w3c/qt3tests/blob/201a6e466940cdfc727f4babfedcde5332b9f578/prod/CastExpr.xml#L16174	Unsupported cast type xs:gYearMonth
prod-CastExpr	K-SeqExprCast-993	https://github.com/w3c/qt3tests/blob/201a6e466940cdfc727f4babfedcde5332b9f578/prod/CastExpr.xml#L16183	Unsupported cast type xs:gYearMonth
prod-CastExpr	K-SeqExprCast-994	https://github.com/w3c/qt3tests/blob/201a6e466940cdfc727f4babfedcde5332b9f578/prod/CastExpr.xml#L16192	Unsupported cast type xs:gYearMonth
prod-CastExpr	K-SeqExprCast-995	https://github.com/w3c/qt3tests/blob/201a6e466940cdfc727f4babfedcde5332b9f578/prod/CastExpr.xml#L16201	Unsupported cast type xs:gYearMonth
prod-CastExpr	K-SeqExprCast-996	https://github.com/w3c/qt3tests/blob/201a6e466940cdfc727f4babfedcde5332b9f578/prod/CastExpr.xml#L16210	Unsupported cast type xs:gYearMonth
prod-CastExpr	K-SeqExprCast-997	https://github.com/w3c/qt3tests/blob/201a6e466940cdfc727f4babfedcde5332b9f578/prod/CastExpr.xml#L16219	Unsupported cast type xs:gYearMonth
prod-CastExpr	K-SeqExprCast-998	https://github.com/w3c/qt3tests/blob/201a6e466940cdfc727f4babfedcde5332b9f578/prod/CastExpr.xml#L16228	Unsupported cast type xs:gYearMonth
prod-CastExpr	K-SeqExprCast-999	https://github.com/w3c/qt3tests/blob/201a6e466940cdfc727f4babfedcde5332b9f578/prod/CastExpr.xml#L16237	Unsupported cast type xs:gYearMonth
prod-CastExpr	K-SeqExprCast-1000	https://github.com/w3c/qt3tests/blob/201a6e466940cdfc727f4babfedcde5332b9f578/prod/CastExpr.xml#L16246	Unsupported cast type xs:gYearMonth
prod-CastExpr	K-SeqExprCast-1001	https://github.com/w3c/qt3tests/blob/201a6e466940cdfc727f4babfedcde5332b9f578/prod/CastExpr.xml#L16255	Unsupported function xs:gYear
prod-CastExpr	K-SeqExprCast-1002	https://github.com/w3c/qt3tests/blob/201a6e466940cdfc727f4babfedcde5332b9f578/prod/CastExpr.xml#L16264	Unsupported function xs:gYear
prod-CastExpr	K-SeqExprCast-1003	https://github.com/w3c/qt3tests/blob/201a6e466940cdfc727f4babfedcde5332b9f578/prod/CastExpr.xml#L16273	Unsupported cast type xs:gYear
prod-CastExpr	K-SeqExprCast-1004	https://github.com/w3c/qt3tests/blob/201a6e466940cdfc727f4babfedcde5332b9f578/prod/CastExpr.xml#L16283	Unsupported cast type xs:gYear
prod-CastExpr	K-SeqExprCast-1005	https://github.com/w3c/qt3tests/blob/201a6e466940cdfc727f4babfedcde5332b9f578/prod/CastExpr.xml#L16292	Unsupported cast type xs:gYear
prod-CastExpr	K-SeqExprCast-1006	https://github.com/w3c/qt3tests/blob/201a6e466940cdfc727f4babfedcde5332b9f578/prod/CastExpr.xml#L16301	Unsupported cast type xs:untypedAtomic
prod-CastExpr	K-SeqExprCast-1007	https://github.com/w3c/qt3tests/blob/201a6e466940cdfc727f4babfedcde5332b9f578/prod/CastExpr.xml#L16310	Unsupported cast type xs:gYear
prod-CastExpr	K-SeqExprCast-1008	https://github.com/w3c/qt3tests/blob/201a6e466940cdfc727f4babfedcde5332b9f578/prod/CastExpr.xml#L16319	Unsupported cast type xs:gYear
prod-CastExpr	K-SeqExprCast-1009	https://github.com/w3c/qt3tests/blob/201a6e466940cdfc727f4babfedcde5332b9f578/prod/CastExpr.xml#L16328	Unsupported cast type xs:gYear
prod-CastExpr	K-SeqExprCast-1010	https://github.com/w3c/qt3tests/blob/201a6e466940cdfc727f4babfedcde5332b9f578/prod/CastExpr.xml#L16337	Unsupported cast type xs:gYear
prod-CastExpr	K-SeqExprCast-1011	https://github.com/w3c/qt3tests/blob/201a6e466940cdfc727f4babfedcde5332b9f578/prod/CastExpr.xml#L16346	Unsupported cast type xs:gYear
prod-CastExpr	K-SeqExprCast-1012	https://github.com/w3c/qt3tests/blob/201a6e466940cdfc727f4babfedcde5332b9f578/prod/CastExpr.xml#L16355	Unsupported cast type xs:gYear
prod-CastExpr	K-SeqExprCast-1013	https://github.com/w3c/qt3tests/blob/201a6e466940cdfc727f4babfedcde5332b9f578/prod/CastExpr.xml#L16364	Unsupported cast type xs:gYear
prod-CastExpr	K-SeqExprCast-1014	https://github.com/w3c/qt3tests/blob/201a6e466940cdfc727f4babfedcde5332b9f578/prod/CastExpr.xml#L16373	Unsupported cast type xs:gYear
prod-CastExpr	K-SeqExprCast-1015	https://github.com/w3c/qt3tests/blob/201a6e466940cdfc727f4babfedcde5332b9f578/prod/CastExpr.xml#L16382	Unsupported cast type xs:gYear
prod-CastExpr	K-SeqExprCast-1016	https://github.com/w3c/qt3tests/blob/201a6e466940cdfc727f4babfedcde5332b9f578/prod/CastExpr.xml#L16391	Unsupported cast type xs:gYear
prod-CastExpr	K-SeqExprCast-1017	https://github.com/w3c/qt3tests/blob/201a6e466940cdfc727f4babfedcde5332b9f578/prod/CastExpr.xml#L16400	Unsupported cast type xs:gYear
prod-CastExpr	K-SeqExprCast-1018	https://github.com/w3c/qt3tests/blob/201a6e466940cdfc727f4babfedcde5332b9f578/prod/CastExpr.xml#L16409	Unsupported cast type xs:gYear
prod-CastExpr	K-SeqExprCast-1019	https://github.com/w3c/qt3tests/blob/201a6e466940cdfc727f4babfedcde5332b9f578/prod/CastExpr.xml#L16418	Unsupported cast type xs:gYear
prod-CastExpr	K-SeqExprCast-1020	https://github.com/w3c/qt3tests/blob/201a6e466940cdfc727f4babfedcde5332b9f578/prod/CastExpr.xml#L16427	Unsupported cast type xs:gYear
prod-CastExpr	K-SeqExprCast-1021	https://github.com/w3c/qt3tests/blob/201a6e466940cdfc727f4babfedcde5332b9f578/prod/CastExpr.xml#L16436	Unsupported cast type xs:gYear
prod-CastExpr	K-SeqExprCast-1022	https://github.com/w3c/qt3tests/blob/201a6e466940cdfc727f4babfedcde5332b9f578/prod/CastExpr.xml#L16445	Unsupported cast type xs:gYear
prod-CastExpr	K-SeqExprCast-1023	https://github.com/w3c/qt3tests/blob/201a6e466940cdfc727f4babfedcde5332b9f578/prod/CastExpr.xml#L16454	Unsupported cast type xs:gYear
prod-CastExpr	K-SeqExprCast-1024	https://github.com/w3c/qt3tests/blob/201a6e466940cdfc727f4babfedcde5332b9f578/prod/CastExpr.xml#L16463	Unsupported cast type xs:gYear
prod-CastExpr	K-SeqExprCast-1025	https://github.com/w3c/qt3tests/blob/201a6e466940cdfc727f4babfedcde5332b9f578/prod/CastExpr.xml#L16472	Unsupported cast type xs:gYear
prod-CastExpr	K-SeqExprCast-1026	https://github.com/w3c/qt3tests/blob/201a6e466940cdfc727f4babfedcde5332b9f578/prod/CastExpr.xml#L16481	Unsupported cast type xs:gYear
prod-CastExpr	K-SeqExprCast-1027	https://github.com/w3c/qt3tests/blob/201a6e466940cdfc727f4babfedcde5332b9f578/prod/CastExpr.xml#L16490	Unsupported cast type xs:gYear
prod-CastExpr	K-SeqExprCast-1028	https://github.com/w3c/qt3tests/blob/201a6e466940cdfc727f4babfedcde5332b9f578/prod/CastExpr.xml#L16499	Unsupported cast type xs:gYear
prod-CastExpr	K-SeqExprCast-1029	https://github.com/w3c/qt3tests/blob/201a6e466940cdfc727f4babfedcde5332b9f578/prod/CastExpr.xml#L16508	Unsupported cast type xs:gYear
prod-CastExpr	K-SeqExprCast-1030	https://github.com/w3c/qt3tests/blob/201a6e466940cdfc727f4babfedcde5332b9f578/prod/CastExpr.xml#L16517	Unsupported cast type xs:gYear
prod-CastExpr	K-SeqExprCast-1031	https://github.com/w3c/qt3tests/blob/201a6e466940cdfc727f4babfedcde5332b9f578/prod/CastExpr.xml#L16526	Unsupported cast type xs:gYear
prod-CastExpr	K-SeqExprCast-1032	https://github.com/w3c/qt3tests/blob/201a6e466940cdfc727f4babfedcde5332b9f578/prod/CastExpr.xml#L16535	Unsupported cast type xs:gYear
prod-CastExpr	K-SeqExprCast-1033	https://github.com/w3c/qt3tests/blob/201a6e466940cdfc727f4babfedcde5332b9f578/prod/CastExpr.xml#L16544	Unsupported cast type xs:gYear
prod-CastExpr	K-SeqExprCast-1034	https://github.com/w3c/qt3tests/blob/201a6e466940cdfc727f4babfedcde5332b9f578/prod/CastExpr.xml#L16553	Unsupported cast type xs:gYear
prod-CastExpr	K-SeqExprCast-1035	https://github.com/w3c/qt3tests/blob/201a6e466940cdfc727f4babfedcde5332b9f578/prod/CastExpr.xml#L16562	Unsupported cast type xs:gYear
prod-CastExpr	K-SeqExprCast-1036	https://github.com/w3c/qt3tests/blob/201a6e466940cdfc727f4babfedcde5332b9f578/prod/CastExpr.xml#L16571	Unsupported cast type xs:gYear
prod-CastExpr	K-SeqExprCast-1037	https://github.com/w3c/qt3tests/blob/201a6e466940cdfc727f4babfedcde5332b9f578/prod/CastExpr.xml#L16580	Unsupported cast type xs:gYear
prod-CastExpr	K-SeqExprCast-1038	https://github.com/w3c/qt3tests/blob/201a6e466940cdfc727f4babfedcde5332b9f578/prod/CastExpr.xml#L16589	Unsupported cast type xs:gYear
prod-CastExpr	K-SeqExprCast-1039	https://github.com/w3c/qt3tests/blob/201a6e466940cdfc727f4babfedcde5332b9f578/prod/CastExpr.xml#L16598	Unsupported cast type xs:gYear
prod-CastExpr	K-SeqExprCast-1040	https://github.com/w3c/qt3tests/blob/201a6e466940cdfc727f4babfedcde5332b9f578/prod/CastExpr.xml#L16607	Unsupported cast type xs:gYear
prod-CastExpr	K-SeqExprCast-1041	https://github.com/w3c/qt3tests/blob/201a6e466940cdfc727f4babfedcde5332b9f578/prod/CastExpr.xml#L16616	Unsupported cast type xs:gYear
prod-CastExpr	K-SeqExprCast-1042	https://github.com/w3c/qt3tests/blob/201a6e466940cdfc727f4babfedcde5332b9f578/prod/CastExpr.xml#L16625	Unsupported cast type xs:gYear
prod-CastExpr	K-SeqExprCast-1043	https://github.com/w3c/qt3tests/blob/201a6e466940cdfc727f4babfedcde5332b9f578/prod/CastExpr.xml#L16634	Unsupported cast type xs:gYear
prod-CastExpr	K-SeqExprCast-1044	https://github.com/w3c/qt3tests/blob/201a6e466940cdfc727f4babfedcde5332b9f578/prod/CastExpr.xml#L16643	Unsupported cast type xs:gYear
prod-CastExpr	K-SeqExprCast-1045	https://github.com/w3c/qt3tests/blob/201a6e466940cdfc727f4babfedcde5332b9f578/prod/CastExpr.xml#L16652	Unsupported cast type xs:gYear
prod-CastExpr	K-SeqExprCast-1046	https://github.com/w3c/qt3tests/blob/201a6e466940cdfc727f4babfedcde5332b9f578/prod/CastExpr.xml#L16661	Unsupported cast type xs:gYear
prod-CastExpr	K-SeqExprCast-1047	https://github.com/w3c/qt3tests/blob/201a6e466940cdfc727f4babfedcde5332b9f578/prod/CastExpr.xml#L16670	Unsupported cast type xs:gYear
prod-CastExpr	K-SeqExprCast-1048	https://github.com/w3c/qt3tests/blob/201a6e466940cdfc727f4babfedcde5332b9f578/prod/CastExpr.xml#L16679	Unsupported cast type xs:gYear
prod-CastExpr	K-SeqExprCast-1049	https://github.com/w3c/qt3tests/blob/201a6e466940cdfc727f4babfedcde5332b9f578/prod/CastExpr.xml#L16688	Unsupported cast type xs:gYear
prod-CastExpr	K-SeqExprCast-1050	https://github.com/w3c/qt3tests/blob/201a6e466940cdfc727f4babfedcde5332b9f578/prod/CastExpr.xml#L16697	Unsupported cast type xs:gYear
prod-CastExpr	K-SeqExprCast-1051	https://github.com/w3c/qt3tests/blob/201a6e466940cdfc727f4babfedcde5332b9f578/prod/CastExpr.xml#L16706	Unsupported cast type xs:gYear
prod-CastExpr	K-SeqExprCast-1052	https://github.com/w3c/qt3tests/blob/201a6e466940cdfc727f4babfedcde5332b9f578/prod/CastExpr.xml#L16715	Unsupported cast type xs:gYear
prod-CastExpr	K-SeqExprCast-1053	https://github.com/w3c/qt3tests/blob/201a6e466940cdfc727f4babfedcde5332b9f578/prod/CastExpr.xml#L16724	Unsupported function xs:gMonthDay
prod-CastExpr	K-SeqExprCast-1054	https://github.com/w3c/qt3tests/blob/201a6e466940cdfc727f4babfedcde5332b9f578/prod/CastExpr.xml#L16733	Unsupported function xs:gMonthDay
prod-CastExpr	K-SeqExprCast-1055	https://github.com/w3c/qt3tests/blob/201a6e466940cdfc727f4babfedcde5332b9f578/prod/CastExpr.xml#L16742	Unsupported cast type xs:gMonthDay
prod-CastExpr	K-SeqExprCast-1056	https://github.com/w3c/qt3tests/blob/201a6e466940cdfc727f4babfedcde5332b9f578/prod/CastExpr.xml#L16752	Unsupported cast type xs:gMonthDay
prod-CastExpr	K-SeqExprCast-1057	https://github.com/w3c/qt3tests/blob/201a6e466940cdfc727f4babfedcde5332b9f578/prod/CastExpr.xml#L16761	Unsupported cast type xs:gMonthDay
prod-CastExpr	K-SeqExprCast-1058	https://github.com/w3c/qt3tests/blob/201a6e466940cdfc727f4babfedcde5332b9f578/prod/CastExpr.xml#L16770	Unsupported cast type xs:untypedAtomic
prod-CastExpr	K-SeqExprCast-1059	https://github.com/w3c/qt3tests/blob/201a6e466940cdfc727f4babfedcde5332b9f578/prod/CastExpr.xml#L16779	Unsupported cast type xs:gMonthDay
prod-CastExpr	K-SeqExprCast-1060	https://github.com/w3c/qt3tests/blob/201a6e466940cdfc727f4babfedcde5332b9f578/prod/CastExpr.xml#L16788	Unsupported cast type xs:gMonthDay
prod-CastExpr	K-SeqExprCast-1061	https://github.com/w3c/qt3tests/blob/201a6e466940cdfc727f4babfedcde5332b9f578/prod/CastExpr.xml#L16797	Unsupported cast type xs:gMonthDay
prod-CastExpr	K-SeqExprCast-1062	https://github.com/w3c/qt3tests/blob/201a6e466940cdfc727f4babfedcde5332b9f578/prod/CastExpr.xml#L16806	Unsupported cast type xs:gMonthDay
prod-CastExpr	K-SeqExprCast-1063	https://github.com/w3c/qt3tests/blob/201a6e466940cdfc727f4babfedcde5332b9f578/prod/CastExpr.xml#L16815	Unsupported cast type xs:gMonthDay
prod-CastExpr	K-SeqExprCast-1064	https://github.com/w3c/qt3tests/blob/201a6e466940cdfc727f4babfedcde5332b9f578/prod/CastExpr.xml#L16824	Unsupported cast type xs:gMonthDay
prod-CastExpr	K-SeqExprCast-1065	https://github.com/w3c/qt3tests/blob/201a6e466940cdfc727f4babfedcde5332b9f578/prod/CastExpr.xml#L16833	Unsupported cast type xs:gMonthDay
prod-CastExpr	K-SeqExprCast-1066	https://github.com/w3c/qt3tests/blob/201a6e466940cdfc727f4babfedcde5332b9f578/prod/CastExpr.xml#L16842	Unsupported cast type xs:gMonthDay
prod-CastExpr	K-SeqExprCast-1067	https://github.com/w3c/qt3tests/blob/201a6e466940cdfc727f4babfedcde5332b9f578/prod/CastExpr.xml#L16851	Unsupported cast type xs:gMonthDay
prod-CastExpr	K-SeqExprCast-1068	https://github.com/w3c/qt3tests/blob/201a6e466940cdfc727f4babfedcde5332b9f578/prod/CastExpr.xml#L16860	Unsupported cast type xs:gMonthDay
prod-CastExpr	K-SeqExprCast-1069	https://github.com/w3c/qt3tests/blob/201a6e466940cdfc727f4babfedcde5332b9f578/prod/CastExpr.xml#L16869	Unsupported cast type xs:gMonthDay
prod-CastExpr	K-SeqExprCast-1070	https://github.com/w3c/qt3tests/blob/201a6e466940cdfc727f4babfedcde5332b9f578/prod/CastExpr.xml#L16878	Unsupported cast type xs:gMonthDay
prod-CastExpr	K-SeqExprCast-1071	https://github.com/w3c/qt3tests/blob/201a6e466940cdfc727f4babfedcde5332b9f578/prod/CastExpr.xml#L16887	Unsupported cast type xs:gMonthDay
prod-CastExpr	K-SeqExprCast-1072	https://github.com/w3c/qt3tests/blob/201a6e466940cdfc727f4babfedcde5332b9f578/prod/CastExpr.xml#L16896	Unsupported cast type xs:gMonthDay
prod-CastExpr	K-SeqExprCast-1073	https://github.com/w3c/qt3tests/blob/201a6e466940cdfc727f4babfedcde5332b9f578/prod/CastExpr.xml#L16905	Unsupported cast type xs:gMonthDay
prod-CastExpr	K-SeqExprCast-1074	https://github.com/w3c/qt3tests/blob/201a6e466940cdfc727f4babfedcde5332b9f578/prod/CastExpr.xml#L16914	Unsupported cast type xs:gMonthDay
prod-CastExpr	K-SeqExprCast-1075	https://github.com/w3c/qt3tests/blob/201a6e466940cdfc727f4babfedcde5332b9f578/prod/CastExpr.xml#L16923	Unsupported cast type xs:gMonthDay
prod-CastExpr	K-SeqExprCast-1076	https://github.com/w3c/qt3tests/blob/201a6e466940cdfc727f4babfedcde5332b9f578/prod/CastExpr.xml#L16932	Unsupported cast type xs:gMonthDay
prod-CastExpr	K-SeqExprCast-1077	https://github.com/w3c/qt3tests/blob/201a6e466940cdfc727f4babfedcde5332b9f578/prod/CastExpr.xml#L16941	Unsupported cast type xs:gMonthDay
prod-CastExpr	K-SeqExprCast-1078	https://github.com/w3c/qt3tests/blob/201a6e466940cdfc727f4babfedcde5332b9f578/prod/CastExpr.xml#L16950	Unsupported cast type xs:gMonthDay
prod-CastExpr	K-SeqExprCast-1079	https://github.com/w3c/qt3tests/blob/201a6e466940cdfc727f4babfedcde5332b9f578/prod/CastExpr.xml#L16959	Unsupported cast type xs:gMonthDay
prod-CastExpr	K-SeqExprCast-1080	https://github.com/w3c/qt3tests/blob/201a6e466940cdfc727f4babfedcde5332b9f578/prod/CastExpr.xml#L16968	Unsupported cast type xs:gMonthDay
prod-CastExpr	K-SeqExprCast-1081	https://github.com/w3c/qt3tests/blob/201a6e466940cdfc727f4babfedcde5332b9f578/prod/CastExpr.xml#L16977	Unsupported cast type xs:gMonthDay
prod-CastExpr	K-SeqExprCast-1082	https://github.com/w3c/qt3tests/blob/201a6e466940cdfc727f4babfedcde5332b9f578/prod/CastExpr.xml#L16986	Unsupported cast type xs:gMonthDay
prod-CastExpr	K-SeqExprCast-1083	https://github.com/w3c/qt3tests/blob/201a6e466940cdfc727f4babfedcde5332b9f578/prod/CastExpr.xml#L16995	Unsupported cast type xs:gMonthDay
prod-CastExpr	K-SeqExprCast-1084	https://github.com/w3c/qt3tests/blob/201a6e466940cdfc727f4babfedcde5332b9f578/prod/CastExpr.xml#L17004	Unsupported cast type xs:gMonthDay
prod-CastExpr	K-SeqExprCast-1085	https://github.com/w3c/qt3tests/blob/201a6e466940cdfc727f4babfedcde5332b9f578/prod/CastExpr.xml#L17013	Unsupported cast type xs:gMonthDay
prod-CastExpr	K-SeqExprCast-1086	https://github.com/w3c/qt3tests/blob/201a6e466940cdfc727f4babfedcde5332b9f578/prod/CastExpr.xml#L17022	Unsupported cast type xs:gMonthDay
prod-CastExpr	K-SeqExprCast-1087	https://github.com/w3c/qt3tests/blob/201a6e466940cdfc727f4babfedcde5332b9f578/prod/CastExpr.xml#L17031	Unsupported cast type xs:gMonthDay
prod-CastExpr	K-SeqExprCast-1088	https://github.com/w3c/qt3tests/blob/201a6e466940cdfc727f4babfedcde5332b9f578/prod/CastExpr.xml#L17040	Unsupported cast type xs:gMonthDay
prod-CastExpr	K-SeqExprCast-1089	https://github.com/w3c/qt3tests/blob/201a6e466940cdfc727f4babfedcde5332b9f578/prod/CastExpr.xml#L17049	Unsupported cast type xs:gMonthDay
prod-CastExpr	K-SeqExprCast-1090	https://github.com/w3c/qt3tests/blob/201a6e466940cdfc727f4babfedcde5332b9f578/prod/CastExpr.xml#L17058	Unsupported cast type xs:gMonthDay
prod-CastExpr	K-SeqExprCast-1091	https://github.com/w3c/qt3tests/blob/201a6e466940cdfc727f4babfedcde5332b9f578/prod/CastExpr.xml#L17067	Unsupported cast type xs:gMonthDay
prod-CastExpr	K-SeqExprCast-1092	https://github.com/w3c/qt3tests/blob/201a6e466940cdfc727f4babfedcde5332b9f578/prod/CastExpr.xml#L17076	Unsupported cast type xs:gMonthDay
prod-CastExpr	K-SeqExprCast-1093	https://github.com/w3c/qt3tests/blob/201a6e466940cdfc727f4babfedcde5332b9f578/prod/CastExpr.xml#L17085	Unsupported cast type xs:gMonthDay
prod-CastExpr	K-SeqExprCast-1094	https://github.com/w3c/qt3tests/blob/201a6e466940cdfc727f4babfedcde5332b9f578/prod/CastExpr.xml#L17094	Unsupported cast type xs:gMonthDay
prod-CastExpr	K-SeqExprCast-1095	https://github.com/w3c/qt3tests/blob/201a6e466940cdfc727f4babfedcde5332b9f578/prod/CastExpr.xml#L17103	Unsupported cast type xs:gMonthDay
prod-CastExpr	K-SeqExprCast-1096	https://github.com/w3c/qt3tests/blob/201a6e466940cdfc727f4babfedcde5332b9f578/prod/CastExpr.xml#L17112	Unsupported cast type xs:gMonthDay
prod-CastExpr	K-SeqExprCast-1097	https://github.com/w3c/qt3tests/blob/201a6e466940cdfc727f4babfedcde5332b9f578/prod/CastExpr.xml#L17121	Unsupported cast type xs:gMonthDay
prod-CastExpr	K-SeqExprCast-1098	https://github.com/w3c/qt3tests/blob/201a6e466940cdfc727f4babfedcde5332b9f578/prod/CastExpr.xml#L17130	Unsupported cast type xs:gMonthDay
prod-CastExpr	K-SeqExprCast-1099	https://github.com/w3c/qt3tests/blob/201a6e466940cdfc727f4babfedcde5332b9f578/prod/CastExpr.xml#L17139	Unsupported cast type xs:gMonthDay
prod-CastExpr	K-SeqExprCast-1100	https://github.com/w3c/qt3tests/blob/201a6e466940cdfc727f4babfedcde5332b9f578/prod/CastExpr.xml#L17148	Unsupported cast type xs:gMonthDay
prod-CastExpr	K-SeqExprCast-1101	https://github.com/w3c/qt3tests/blob/201a6e466940cdfc727f4babfedcde5332b9f578/prod/CastExpr.xml#L17157	Unsupported cast type xs:gMonthDay
prod-CastExpr	K-SeqExprCast-1102	https://github.com/w3c/qt3tests/blob/201a6e466940cdfc727f4babfedcde5332b9f578/prod/CastExpr.xml#L17166	Unsupported cast type xs:gMonthDay
prod-CastExpr	K-SeqExprCast-1103	https://github.com/w3c/qt3tests/blob/201a6e466940cdfc727f4babfedcde5332b9f578/prod/CastExpr.xml#L17175	Unsupported cast type xs:gMonthDay
prod-CastExpr	K-SeqExprCast-1104	https://github.com/w3c/qt3tests/blob/201a6e466940cdfc727f4babfedcde5332b9f578/prod/CastExpr.xml#L17184	Unsupported cast type xs:gMonthDay
prod-CastExpr	K-SeqExprCast-1105	https://github.com/w3c/qt3tests/blob/201a6e466940cdfc727f4babfedcde5332b9f578/prod/CastExpr.xml#L17193	Unsupported function xs:gDay
prod-CastExpr	K-SeqExprCast-1106	https://github.com/w3c/qt3tests/blob/201a6e466940cdfc727f4babfedcde5332b9f578/prod/CastExpr.xml#L17202	Unsupported function xs:gDay
prod-CastExpr	K-SeqExprCast-1107	https://github.com/w3c/qt3tests/blob/201a6e466940cdfc727f4babfedcde5332b9f578/prod/CastExpr.xml#L17211	Unsupported cast type xs:gDay
prod-CastExpr	K-SeqExprCast-1108	https://github.com/w3c/qt3tests/blob/201a6e466940cdfc727f4babfedcde5332b9f578/prod/CastExpr.xml#L17221	Unsupported cast type xs:gDay
prod-CastExpr	K-SeqExprCast-1109	https://github.com/w3c/qt3tests/blob/201a6e466940cdfc727f4babfedcde5332b9f578/prod/CastExpr.xml#L17230	Unsupported cast type xs:gDay
prod-CastExpr	K-SeqExprCast-1110	https://github.com/w3c/qt3tests/blob/201a6e466940cdfc727f4babfedcde5332b9f578/prod/CastExpr.xml#L17239	Unsupported cast type xs:untypedAtomic
prod-CastExpr	K-SeqExprCast-1111	https://github.com/w3c/qt3tests/blob/201a6e466940cdfc727f4babfedcde5332b9f578/prod/CastExpr.xml#L17248	Unsupported cast type xs:gDay
prod-CastExpr	K-SeqExprCast-1112	https://github.com/w3c/qt3tests/blob/201a6e466940cdfc727f4babfedcde5332b9f578/prod/CastExpr.xml#L17257	Unsupported cast type xs:gDay
prod-CastExpr	K-SeqExprCast-1113	https://github.com/w3c/qt3tests/blob/201a6e466940cdfc727f4babfedcde5332b9f578/prod/CastExpr.xml#L17266	Unsupported cast type xs:gDay
prod-CastExpr	K-SeqExprCast-1114	https://github.com/w3c/qt3tests/blob/201a6e466940cdfc727f4babfedcde5332b9f578/prod/CastExpr.xml#L17275	Unsupported cast type xs:gDay
prod-CastExpr	K-SeqExprCast-1115	https://github.com/w3c/qt3tests/blob/201a6e466940cdfc727f4babfedcde5332b9f578/prod/CastExpr.xml#L17284	Unsupported cast type xs:gDay
prod-CastExpr	K-SeqExprCast-1116	https://github.com/w3c/qt3tests/blob/201a6e466940cdfc727f4babfedcde5332b9f578/prod/CastExpr.xml#L17293	Unsupported cast type xs:gDay
prod-CastExpr	K-SeqExprCast-1117	https://github.com/w3c/qt3tests/blob/201a6e466940cdfc727f4babfedcde5332b9f578/prod/CastExpr.xml#L17302	Unsupported cast type xs:gDay
prod-CastExpr	K-SeqExprCast-1118	https://github.com/w3c/qt3tests/blob/201a6e466940cdfc727f4babfedcde5332b9f578/prod/CastExpr.xml#L17311	Unsupported cast type xs:gDay
prod-CastExpr	K-SeqExprCast-1119	https://github.com/w3c/qt3tests/blob/201a6e466940cdfc727f4babfedcde5332b9f578/prod/CastExpr.xml#L17320	Unsupported cast type xs:gDay
prod-CastExpr	K-SeqExprCast-1120	https://github.com/w3c/qt3tests/blob/201a6e466940cdfc727f4babfedcde5332b9f578/prod/CastExpr.xml#L17329	Unsupported cast type xs:gDay
prod-CastExpr	K-SeqExprCast-1121	https://github.com/w3c/qt3tests/blob/201a6e466940cdfc727f4babfedcde5332b9f578/prod/CastExpr.xml#L17338	Unsupported cast type xs:gDay
prod-CastExpr	K-SeqExprCast-1122	https://github.com/w3c/qt3tests/blob/201a6e466940cdfc727f4babfedcde5332b9f578/prod/CastExpr.xml#L17347	Unsupported cast type xs:gDay
prod-CastExpr	K-SeqExprCast-1123	https://github.com/w3c/qt3tests/blob/201a6e466940cdfc727f4babfedcde5332b9f578/prod/CastExpr.xml#L17356	Unsupported cast type xs:gDay
prod-CastExpr	K-SeqExprCast-1124	https://github.com/w3c/qt3tests/blob/201a6e466940cdfc727f4babfedcde5332b9f578/prod/CastExpr.xml#L17365	Unsupported cast type xs:gDay
prod-CastExpr	K-SeqExprCast-1125	https://github.com/w3c/qt3tests/blob/201a6e466940cdfc727f4babfedcde5332b9f578/prod/CastExpr.xml#L17374	Unsupported cast type xs:gDay
prod-CastExpr	K-SeqExprCast-1126	https://github.com/w3c/qt3tests/blob/201a6e466940cdfc727f4babfedcde5332b9f578/prod/CastExpr.xml#L17383	Unsupported cast type xs:gDay
prod-CastExpr	K-SeqExprCast-1127	https://github.com/w3c/qt3tests/blob/201a6e466940cdfc727f4babfedcde5332b9f578/prod/CastExpr.xml#L17392	Unsupported cast type xs:gDay
prod-CastExpr	K-SeqExprCast-1128	https://github.com/w3c/qt3tests/blob/201a6e466940cdfc727f4babfedcde5332b9f578/prod/CastExpr.xml#L17401	Unsupported cast type xs:gDay
prod-CastExpr	K-SeqExprCast-1129	https://github.com/w3c/qt3tests/blob/201a6e466940cdfc727f4babfedcde5332b9f578/prod/CastExpr.xml#L17410	Unsupported cast type xs:gDay
prod-CastExpr	K-SeqExprCast-1130	https://github.com/w3c/qt3tests/blob/201a6e466940cdfc727f4babfedcde5332b9f578/prod/CastExpr.xml#L17419	Unsupported cast type xs:gDay
prod-CastExpr	K-SeqExprCast-1131	https://github.com/w3c/qt3tests/blob/201a6e466940cdfc727f4babfedcde5332b9f578/prod/CastExpr.xml#L17428	Unsupported cast type xs:gDay
prod-CastExpr	K-SeqExprCast-1132	https://github.com/w3c/qt3tests/blob/201a6e466940cdfc727f4babfedcde5332b9f578/prod/CastExpr.xml#L17437	Unsupported cast type xs:gDay
prod-CastExpr	K-SeqExprCast-1133	https://github.com/w3c/qt3tests/blob/201a6e466940cdfc727f4babfedcde5332b9f578/prod/CastExpr.xml#L17446	Unsupported cast type xs:gDay
prod-CastExpr	K-SeqExprCast-1134	https://github.com/w3c/qt3tests/blob/201a6e466940cdfc727f4babfedcde5332b9f578/prod/CastExpr.xml#L17455	Unsupported cast type xs:gDay
prod-CastExpr	K-SeqExprCast-1135	https://github.com/w3c/qt3tests/blob/201a6e466940cdfc727f4babfedcde5332b9f578/prod/CastExpr.xml#L17464	Unsupported cast type xs:gDay
prod-CastExpr	K-SeqExprCast-1136	https://github.com/w3c/qt3tests/blob/201a6e466940cdfc727f4babfedcde5332b9f578/prod/CastExpr.xml#L17473	Unsupported cast type xs:gDay
prod-CastExpr	K-SeqExprCast-1137	https://github.com/w3c/qt3tests/blob/201a6e466940cdfc727f4babfedcde5332b9f578/prod/CastExpr.xml#L17482	Unsupported cast type xs:gDay
prod-CastExpr	K-SeqExprCast-1138	https://github.com/w3c/qt3tests/blob/201a6e466940cdfc727f4babfedcde5332b9f578/prod/CastExpr.xml#L17491	Unsupported cast type xs:gDay
prod-CastExpr	K-SeqExprCast-1139	https://github.com/w3c/qt3tests/blob/201a6e466940cdfc727f4babfedcde5332b9f578/prod/CastExpr.xml#L17500	Unsupported cast type xs:gDay
prod-CastExpr	K-SeqExprCast-1140	https://github.com/w3c/qt3tests/blob/201a6e466940cdfc727f4babfedcde5332b9f578/prod/CastExpr.xml#L17509	Unsupported cast type xs:gDay
prod-CastExpr	K-SeqExprCast-1141	https://github.com/w3c/qt3tests/blob/201a6e466940cdfc727f4babfedcde5332b9f578/prod/CastExpr.xml#L17518	Unsupported cast type xs:gDay
prod-CastExpr	K-SeqExprCast-1142	https://github.com/w3c/qt3tests/blob/201a6e466940cdfc727f4babfedcde5332b9f578/prod/CastExpr.xml#L17527	Unsupported cast type xs:gDay
prod-CastExpr	K-SeqExprCast-1143	https://github.com/w3c/qt3tests/blob/201a6e466940cdfc727f4babfedcde5332b9f578/prod/CastExpr.xml#L17536	Unsupported cast type xs:gDay
prod-CastExpr	K-SeqExprCast-1144	https://github.com/w3c/qt3tests/blob/201a6e466940cdfc727f4babfedcde5332b9f578/prod/CastExpr.xml#L17545	Unsupported cast type xs:gDay
prod-CastExpr	K-SeqExprCast-1145	https://github.com/w3c/qt3tests/blob/201a6e466940cdfc727f4babfedcde5332b9f578/prod/CastExpr.xml#L17554	Unsupported cast type xs:gDay
prod-CastExpr	K-SeqExprCast-1146	https://github.com/w3c/qt3tests/blob/201a6e466940cdfc727f4babfedcde5332b9f578/prod/CastExpr.xml#L17563	Unsupported cast type xs:gDay
prod-CastExpr	K-SeqExprCast-1147	https://github.com/w3c/qt3tests/blob/201a6e466940cdfc727f4babfedcde5332b9f578/prod/CastExpr.xml#L17572	Unsupported cast type xs:gDay
prod-CastExpr	K-SeqExprCast-1148	https://github.com/w3c/qt3tests/blob/201a6e466940cdfc727f4babfedcde5332b9f578/prod/CastExpr.xml#L17581	Unsupported cast type xs:gDay
prod-CastExpr	K-SeqExprCast-1149	https://github.com/w3c/qt3tests/blob/201a6e466940cdfc727f4babfedcde5332b9f578/prod/CastExpr.xml#L17590	Unsupported cast type xs:gDay
prod-CastExpr	K-SeqExprCast-1150	https://github.com/w3c/qt3tests/blob/201a6e466940cdfc727f4babfedcde5332b9f578/prod/CastExpr.xml#L17599	Unsupported cast type xs:gDay
prod-CastExpr	K-SeqExprCast-1151	https://github.com/w3c/qt3tests/blob/201a6e466940cdfc727f4babfedcde5332b9f578/prod/CastExpr.xml#L17608	Unsupported cast type xs:gDay
prod-CastExpr	K-SeqExprCast-1152	https://github.com/w3c/qt3tests/blob/201a6e466940cdfc727f4babfedcde5332b9f578/prod/CastExpr.xml#L17617	Unsupported cast type xs:gDay
prod-CastExpr	K-SeqExprCast-1153	https://github.com/w3c/qt3tests/blob/201a6e466940cdfc727f4babfedcde5332b9f578/prod/CastExpr.xml#L17626	Unsupported cast type xs:gDay
prod-CastExpr	K-SeqExprCast-1154	https://github.com/w3c/qt3tests/blob/201a6e466940cdfc727f4babfedcde5332b9f578/prod/CastExpr.xml#L17635	Unsupported cast type xs:gDay
prod-CastExpr	K-SeqExprCast-1155	https://github.com/w3c/qt3tests/blob/201a6e466940cdfc727f4babfedcde5332b9f578/prod/CastExpr.xml#L17644	Unsupported cast type xs:gDay
prod-CastExpr	K-SeqExprCast-1156	https://github.com/w3c/qt3tests/blob/201a6e466940cdfc727f4babfedcde5332b9f578/prod/CastExpr.xml#L17653	Unsupported cast type xs:gDay
prod-CastExpr	K-SeqExprCast-1157	https://github.com/w3c/qt3tests/blob/201a6e466940cdfc727f4babfedcde5332b9f578/prod/CastExpr.xml#L17662	Unsupported function xs:gMonth
prod-CastExpr	K-SeqExprCast-1158	https://github.com/w3c/qt3tests/blob/201a6e466940cdfc727f4babfedcde5332b9f578/prod/CastExpr.xml#L17671	Unsupported function xs:gMonth
prod-CastExpr	K-SeqExprCast-1159	https://github.com/w3c/qt3tests/blob/201a6e466940cdfc727f4babfedcde5332b9f578/prod/CastExpr.xml#L17680	Unsupported cast type xs:gMonth
prod-CastExpr	K-SeqExprCast-1160	https://github.com/w3c/qt3tests/blob/201a6e466940cdfc727f4babfedcde5332b9f578/prod/CastExpr.xml#L17690	Unsupported cast type xs:gMonth
prod-CastExpr	K-SeqExprCast-1161	https://github.com/w3c/qt3tests/blob/201a6e466940cdfc727f4babfedcde5332b9f578/prod/CastExpr.xml#L17699	Unsupported cast type xs:gMonth
prod-CastExpr	K-SeqExprCast-1162	https://github.com/w3c/qt3tests/blob/201a6e466940cdfc727f4babfedcde5332b9f578/prod/CastExpr.xml#L17708	Unsupported cast type xs:untypedAtomic
prod-CastExpr	K-SeqExprCast-1163	https://github.com/w3c/qt3tests/blob/201a6e466940cdfc727f4babfedcde5332b9f578/prod/CastExpr.xml#L17717	Unsupported cast type xs:gMonth
prod-CastExpr	K-SeqExprCast-1164	https://github.com/w3c/qt3tests/blob/201a6e466940cdfc727f4babfedcde5332b9f578/prod/CastExpr.xml#L17726	Unsupported cast type xs:gMonth
prod-CastExpr	K-SeqExprCast-1165	https://github.com/w3c/qt3tests/blob/201a6e466940cdfc727f4babfedcde5332b9f578/prod/CastExpr.xml#L17735	Unsupported cast type xs:gMonth
prod-CastExpr	K-SeqExprCast-1166	https://github.com/w3c/qt3tests/blob/201a6e466940cdfc727f4babfedcde5332b9f578/prod/CastExpr.xml#L17744	Unsupported cast type xs:gMonth
prod-CastExpr	K-SeqExprCast-1167	https://github.com/w3c/qt3tests/blob/201a6e466940cdfc727f4babfedcde5332b9f578/prod/CastExpr.xml#L17753	Unsupported cast type xs:gMonth
prod-CastExpr	K-SeqExprCast-1168	https://github.com/w3c/qt3tests/blob/201a6e466940cdfc727f4babfedcde5332b9f578/prod/CastExpr.xml#L17762	Unsupported cast type xs:gMonth
prod-CastExpr	K-SeqExprCast-1169	https://github.com/w3c/qt3tests/blob/201a6e466940cdfc727f4babfedcde5332b9f578/prod/CastExpr.xml#L17771	Unsupported cast type xs:gMonth
prod-CastExpr	K-SeqExprCast-1170	https://github.com/w3c/qt3tests/blob/201a6e466940cdfc727f4babfedcde5332b9f578/prod/CastExpr.xml#L17780	Unsupported cast type xs:gMonth
prod-CastExpr	K-SeqExprCast-1171	https://github.com/w3c/qt3tests/blob/201a6e466940cdfc727f4babfedcde5332b9f578/prod/CastExpr.xml#L17789	Unsupported cast type xs:gMonth
prod-CastExpr	K-SeqExprCast-1172	https://github.com/w3c/qt3tests/blob/201a6e466940cdfc727f4babfedcde5332b9f578/prod/CastExpr.xml#L17798	Unsupported cast type xs:gMonth
prod-CastExpr	K-SeqExprCast-1173	https://github.com/w3c/qt3tests/blob/201a6e466940cdfc727f4babfedcde5332b9f578/prod/CastExpr.xml#L17807	Unsupported cast type xs:gMonth
prod-CastExpr	K-SeqExprCast-1174	https://github.com/w3c/qt3tests/blob/201a6e466940cdfc727f4babfedcde5332b9f578/prod/CastExpr.xml#L17816	Unsupported cast type xs:gMonth
prod-CastExpr	K-SeqExprCast-1175	https://github.com/w3c/qt3tests/blob/201a6e466940cdfc727f4babfedcde5332b9f578/prod/CastExpr.xml#L17825	Unsupported cast type xs:gMonth
prod-CastExpr	K-SeqExprCast-1176	https://github.com/w3c/qt3tests/blob/201a6e466940cdfc727f4babfedcde5332b9f578/prod/CastExpr.xml#L17834	Unsupported cast type xs:gMonth
prod-CastExpr	K-SeqExprCast-1177	https://github.com/w3c/qt3tests/blob/201a6e466940cdfc727f4babfedcde5332b9f578/prod/CastExpr.xml#L17843	Unsupported cast type xs:gMonth
prod-CastExpr	K-SeqExprCast-1178	https://github.com/w3c/qt3tests/blob/201a6e466940cdfc727f4babfedcde5332b9f578/prod/CastExpr.xml#L17852	Unsupported cast type xs:gMonth
prod-CastExpr	K-SeqExprCast-1179	https://github.com/w3c/qt3tests/blob/201a6e466940cdfc727f4babfedcde5332b9f578/prod/CastExpr.xml#L17861	Unsupported cast type xs:gMonth
prod-CastExpr	K-SeqExprCast-1180	https://github.com/w3c/qt3tests/blob/201a6e466940cdfc727f4babfedcde5332b9f578/prod/CastExpr.xml#L17870	Unsupported cast type xs:gMonth
prod-CastExpr	K-SeqExprCast-1181	https://github.com/w3c/qt3tests/blob/201a6e466940cdfc727f4babfedcde5332b9f578/prod/CastExpr.xml#L17879	Unsupported cast type xs:gMonth
prod-CastExpr	K-SeqExprCast-1182	https://github.com/w3c/qt3tests/blob/201a6e466940cdfc727f4babfedcde5332b9f578/prod/CastExpr.xml#L17888	Unsupported cast type xs:gMonth
prod-CastExpr	K-SeqExprCast-1183	https://github.com/w3c/qt3tests/blob/201a6e466940cdfc727f4babfedcde5332b9f578/prod/CastExpr.xml#L17897	Unsupported cast type xs:gMonth
prod-CastExpr	K-SeqExprCast-1184	https://github.com/w3c/qt3tests/blob/201a6e466940cdfc727f4babfedcde5332b9f578/prod/CastExpr.xml#L17906	Unsupported cast type xs:gMonth
prod-CastExpr	K-SeqExprCast-1185	https://github.com/w3c/qt3tests/blob/201a6e466940cdfc727f4babfedcde5332b9f578/prod/CastExpr.xml#L17915	Unsupported cast type xs:gMonth
prod-CastExpr	K-SeqExprCast-1186	https://github.com/w3c/qt3tests/blob/201a6e466940cdfc727f4babfedcde5332b9f578/prod/CastExpr.xml#L17924	Unsupported cast type xs:gMonth
prod-CastExpr	K-SeqExprCast-1187	https://github.com/w3c/qt3tests/blob/201a6e466940cdfc727f4babfedcde5332b9f578/prod/CastExpr.xml#L17933	Unsupported cast type xs:gMonth
prod-CastExpr	K-SeqExprCast-1188	https://github.com/w3c/qt3tests/blob/201a6e466940cdfc727f4babfedcde5332b9f578/prod/CastExpr.xml#L17942	Unsupported cast type xs:gMonth
prod-CastExpr	K-SeqExprCast-1189	https://github.com/w3c/qt3tests/blob/201a6e466940cdfc727f4babfedcde5332b9f578/prod/CastExpr.xml#L17951	Unsupported cast type xs:gMonth
prod-CastExpr	K-SeqExprCast-1190	https://github.com/w3c/qt3tests/blob/201a6e466940cdfc727f4babfedcde5332b9f578/prod/CastExpr.xml#L17960	Unsupported cast type xs:gMonth
prod-CastExpr	K-SeqExprCast-1191	https://github.com/w3c/qt3tests/blob/201a6e466940cdfc727f4babfedcde5332b9f578/prod/CastExpr.xml#L17969	Unsupported cast type xs:gMonth
prod-CastExpr	K-SeqExprCast-1192	https://github.com/w3c/qt3tests/blob/201a6e466940cdfc727f4babfedcde5332b9f578/prod/CastExpr.xml#L17978	Unsupported cast type xs:gMonth
prod-CastExpr	K-SeqExprCast-1193	https://github.com/w3c/qt3tests/blob/201a6e466940cdfc727f4babfedcde5332b9f578/prod/CastExpr.xml#L17987	Unsupported cast type xs:gMonth
prod-CastExpr	K-SeqExprCast-1194	https://github.com/w3c/qt3tests/blob/201a6e466940cdfc727f4babfedcde5332b9f578/prod/CastExpr.xml#L17996	Unsupported cast type xs:gMonth
prod-CastExpr	K-SeqExprCast-1195	https://github.com/w3c/qt3tests/blob/201a6e466940cdfc727f4babfedcde5332b9f578/prod/CastExpr.xml#L18005	Unsupported cast type xs:gMonth
prod-CastExpr	K-SeqExprCast-1196	https://github.com/w3c/qt3tests/blob/201a6e466940cdfc727f4babfedcde5332b9f578/prod/CastExpr.xml#L18014	Unsupported cast type xs:gMonth
prod-CastExpr	K-SeqExprCast-1197	https://github.com/w3c/qt3tests/blob/201a6e466940cdfc727f4babfedcde5332b9f578/prod/CastExpr.xml#L18023	Unsupported cast type xs:gMonth
prod-CastExpr	K-SeqExprCast-1198	https://github.com/w3c/qt3tests/blob/201a6e466940cdfc727f4babfedcde5332b9f578/prod/CastExpr.xml#L18032	Unsupported cast type xs:gMonth
prod-CastExpr	K-SeqExprCast-1199	https://github.com/w3c/qt3tests/blob/201a6e466940cdfc727f4babfedcde5332b9f578/prod/CastExpr.xml#L18041	Unsupported cast type xs:gMonth
prod-CastExpr	K-SeqExprCast-1200	https://github.com/w3c/qt3tests/blob/201a6e466940cdfc727f4babfedcde5332b9f578/prod/CastExpr.xml#L18050	Unsupported cast type xs:gMonth
prod-CastExpr	K-SeqExprCast-1201	https://github.com/w3c/qt3tests/blob/201a6e466940cdfc727f4babfedcde5332b9f578/prod/CastExpr.xml#L18059	Unsupported cast type xs:gMonth
prod-CastExpr	K-SeqExprCast-1202	https://github.com/w3c/qt3tests/blob/201a6e466940cdfc727f4babfedcde5332b9f578/prod/CastExpr.xml#L18068	Unsupported cast type xs:gMonth
prod-CastExpr	K-SeqExprCast-1203	https://github.com/w3c/qt3tests/blob/201a6e466940cdfc727f4babfedcde5332b9f578/prod/CastExpr.xml#L18077	Unsupported cast type xs:gMonth
prod-CastExpr	K-SeqExprCast-1204	https://github.com/w3c/qt3tests/blob/201a6e466940cdfc727f4babfedcde5332b9f578/prod/CastExpr.xml#L18086	Unsupported cast type xs:gMonth
prod-CastExpr	K-SeqExprCast-1205	https://github.com/w3c/qt3tests/blob/201a6e466940cdfc727f4babfedcde5332b9f578/prod/CastExpr.xml#L18095	Unsupported cast type xs:gMonth
prod-CastExpr	K-SeqExprCast-1206	https://github.com/w3c/qt3tests/blob/201a6e466940cdfc727f4babfedcde5332b9f578/prod/CastExpr.xml#L18104	Unsupported cast type xs:gMonth
prod-CastExpr	K-SeqExprCast-1207	https://github.com/w3c/qt3tests/blob/201a6e466940cdfc727f4babfedcde5332b9f578/prod/CastExpr.xml#L18113	Unsupported cast type xs:gMonth
prod-CastExpr	K-SeqExprCast-1208	https://github.com/w3c/qt3tests/blob/201a6e466940cdfc727f4babfedcde5332b9f578/prod/CastExpr.xml#L18122	Unsupported cast type xs:gMonth
prod-CastExpr	K-SeqExprCast-1209	https://github.com/w3c/qt3tests/blob/201a6e466940cdfc727f4babfedcde5332b9f578/prod/CastExpr.xml#L18131	Unsupported function xs:boolean
prod-CastExpr	K-SeqExprCast-1210	https://github.com/w3c/qt3tests/blob/201a6e466940cdfc727f4babfedcde5332b9f578/prod/CastExpr.xml#L18140	Unsupported function xs:boolean
prod-CastExpr	K-SeqExprCast-1211	https://github.com/w3c/qt3tests/blob/201a6e466940cdfc727f4babfedcde5332b9f578/prod/CastExpr.xml#L18149	Unsupported sequenceExpr
prod-CastExpr	K-SeqExprCast-1214	https://github.com/w3c/qt3tests/blob/201a6e466940cdfc727f4babfedcde5332b9f578/prod/CastExpr.xml#L18177	Unsupported cast type xs:untypedAtomic
prod-CastExpr	K-SeqExprCast-1216	https://github.com/w3c/qt3tests/blob/201a6e466940cdfc727f4babfedcde5332b9f578/prod/CastExpr.xml#L18196	Unsupported cast type xs:untypedAtomic
prod-CastExpr	K-SeqExprCast-1217	https://github.com/w3c/qt3tests/blob/201a6e466940cdfc727f4babfedcde5332b9f578/prod/CastExpr.xml#L18205	Unsupported castableExpr
prod-CastExpr	K-SeqExprCast-1219	https://github.com/w3c/qt3tests/blob/201a6e466940cdfc727f4babfedcde5332b9f578/prod/CastExpr.xml#L18223	Unsupported castableExpr
prod-CastExpr	K-SeqExprCast-1221	https://github.com/w3c/qt3tests/blob/201a6e466940cdfc727f4babfedcde5332b9f578/prod/CastExpr.xml#L18241	Unsupported castableExpr
prod-CastExpr	K-SeqExprCast-1223	https://github.com/w3c/qt3tests/blob/201a6e466940cdfc727f4babfedcde5332b9f578/prod/CastExpr.xml#L18259	Unsupported castableExpr
prod-CastExpr	K-SeqExprCast-1225	https://github.com/w3c/qt3tests/blob/201a6e466940cdfc727f4babfedcde5332b9f578/prod/CastExpr.xml#L18277	Unsupported castableExpr
prod-CastExpr	K-SeqExprCast-1227	https://github.com/w3c/qt3tests/blob/201a6e466940cdfc727f4babfedcde5332b9f578/prod/CastExpr.xml#L18295	Unsupported castableExpr
prod-CastExpr	K-SeqExprCast-1229	https://github.com/w3c/qt3tests/blob/201a6e466940cdfc727f4babfedcde5332b9f578/prod/CastExpr.xml#L18313	Unsupported castableExpr
prod-CastExpr	K-SeqExprCast-1231	https://github.com/w3c/qt3tests/blob/201a6e466940cdfc727f4babfedcde5332b9f578/prod/CastExpr.xml#L18331	Unsupported castableExpr
prod-CastExpr	K-SeqExprCast-1233	https://github.com/w3c/qt3tests/blob/201a6e466940cdfc727f4babfedcde5332b9f578/prod/CastExpr.xml#L18349	Unsupported castableExpr
prod-CastExpr	K-SeqExprCast-1235	https://github.com/w3c/qt3tests/blob/201a6e466940cdfc727f4babfedcde5332b9f578/prod/CastExpr.xml#L18367	Unsupported castableExpr
prod-CastExpr	K-SeqExprCast-1237	https://github.com/w3c/qt3tests/blob/201a6e466940cdfc727f4babfedcde5332b9f578/prod/CastExpr.xml#L18385	Unsupported castableExpr
prod-CastExpr	K-SeqExprCast-1239	https://github.com/w3c/qt3tests/blob/201a6e466940cdfc727f4babfedcde5332b9f578/prod/CastExpr.xml#L18403	Unsupported castableExpr
prod-CastExpr	K-SeqExprCast-1240	https://github.com/w3c/qt3tests/blob/201a6e466940cdfc727f4babfedcde5332b9f578/prod/CastExpr.xml#L18412	Unsupported cast type xs:gYearMonth
prod-CastExpr	K-SeqExprCast-1241	https://github.com/w3c/qt3tests/blob/201a6e466940cdfc727f4babfedcde5332b9f578/prod/CastExpr.xml#L18421	Unsupported castableExpr
prod-CastExpr	K-SeqExprCast-1242	https://github.com/w3c/qt3tests/blob/201a6e466940cdfc727f4babfedcde5332b9f578/prod/CastExpr.xml#L18430	Unsupported cast type xs:gYear
prod-CastExpr	K-SeqExprCast-1243	https://github.com/w3c/qt3tests/blob/201a6e466940cdfc727f4babfedcde5332b9f578/prod/CastExpr.xml#L18439	Unsupported castableExpr
prod-CastExpr	K-SeqExprCast-1244	https://github.com/w3c/qt3tests/blob/201a6e466940cdfc727f4babfedcde5332b9f578/prod/CastExpr.xml#L18448	Unsupported cast type xs:gMonthDay
prod-CastExpr	K-SeqExprCast-1245	https://github.com/w3c/qt3tests/blob/201a6e466940cdfc727f4babfedcde5332b9f578/prod/CastExpr.xml#L18457	Unsupported castableExpr
prod-CastExpr	K-SeqExprCast-1246	https://github.com/w3c/qt3tests/blob/201a6e466940cdfc727f4babfedcde5332b9f578/prod/CastExpr.xml#L18466	Unsupported cast type xs:gDay
prod-CastExpr	K-SeqExprCast-1247	https://github.com/w3c/qt3tests/blob/201a6e466940cdfc727f4babfedcde5332b9f578/prod/CastExpr.xml#L18475	Unsupported castableExpr
prod-CastExpr	K-SeqExprCast-1248	https://github.com/w3c/qt3tests/blob/201a6e466940cdfc727f4babfedcde5332b9f578/prod/CastExpr.xml#L18484	Unsupported cast type xs:gMonth
prod-CastExpr	K-SeqExprCast-1249	https://github.com/w3c/qt3tests/blob/201a6e466940cdfc727f4babfedcde5332b9f578/prod/CastExpr.xml#L18493	Unsupported castableExpr
prod-CastExpr	K-SeqExprCast-1251	https://github.com/w3c/qt3tests/blob/201a6e466940cdfc727f4babfedcde5332b9f578/prod/CastExpr.xml#L18511	Unsupported castableExpr
prod-CastExpr	K-SeqExprCast-1252	https://github.com/w3c/qt3tests/blob/201a6e466940cdfc727f4babfedcde5332b9f578/prod/CastExpr.xml#L18520	Unsupported cast type xs:base64Binary
prod-CastExpr	K-SeqExprCast-1253	https://github.com/w3c/qt3tests/blob/201a6e466940cdfc727f4babfedcde5332b9f578/prod/CastExpr.xml#L18529	Unsupported castableExpr
prod-CastExpr	K-SeqExprCast-1254	https://github.com/w3c/qt3tests/blob/201a6e466940cdfc727f4babfedcde5332b9f578/prod/CastExpr.xml#L18538	Unsupported cast type xs:hexBinary
prod-CastExpr	K-SeqExprCast-1255	https://github.com/w3c/qt3tests/blob/201a6e466940cdfc727f4babfedcde5332b9f578/prod/CastExpr.xml#L18547	Unsupported castableExpr
prod-CastExpr	K-SeqExprCast-1256	https://github.com/w3c/qt3tests/blob/201a6e466940cdfc727f4babfedcde5332b9f578/prod/CastExpr.xml#L18556	Unsupported cast type xs:anyURI
prod-CastExpr	K-SeqExprCast-1257	https://github.com/w3c/qt3tests/blob/201a6e466940cdfc727f4babfedcde5332b9f578/prod/CastExpr.xml#L18565	Unsupported castableExpr
prod-CastExpr	K-SeqExprCast-1258	https://github.com/w3c/qt3tests/blob/201a6e466940cdfc727f4babfedcde5332b9f578/prod/CastExpr.xml#L18574	Unsupported cast type xs:QName
prod-CastExpr	K-SeqExprCast-1259	https://github.com/w3c/qt3tests/blob/201a6e466940cdfc727f4babfedcde5332b9f578/prod/CastExpr.xml#L18583	Unsupported castableExpr
prod-CastExpr	K-SeqExprCast-1260	https://github.com/w3c/qt3tests/blob/201a6e466940cdfc727f4babfedcde5332b9f578/prod/CastExpr.xml#L18592	Unsupported castableExpr
prod-CastExpr	K-SeqExprCast-1261	https://github.com/w3c/qt3tests/blob/201a6e466940cdfc727f4babfedcde5332b9f578/prod/CastExpr.xml#L18601	Unsupported function xs:base64Binary
prod-CastExpr	K-SeqExprCast-1262	https://github.com/w3c/qt3tests/blob/201a6e466940cdfc727f4babfedcde5332b9f578/prod/CastExpr.xml#L18610	Unsupported function xs:base64Binary
prod-CastExpr	K-SeqExprCast-1263	https://github.com/w3c/qt3tests/blob/201a6e466940cdfc727f4babfedcde5332b9f578/prod/CastExpr.xml#L18619	Unsupported cast type xs:base64Binary
prod-CastExpr	K-SeqExprCast-1264	https://github.com/w3c/qt3tests/blob/201a6e466940cdfc727f4babfedcde5332b9f578/prod/CastExpr.xml#L18629	Unsupported cast type xs:base64Binary
prod-CastExpr	K-SeqExprCast-1265	https://github.com/w3c/qt3tests/blob/201a6e466940cdfc727f4babfedcde5332b9f578/prod/CastExpr.xml#L18638	Unsupported cast type xs:base64Binary
prod-CastExpr	K-SeqExprCast-1266	https://github.com/w3c/qt3tests/blob/201a6e466940cdfc727f4babfedcde5332b9f578/prod/CastExpr.xml#L18647	Unsupported cast type xs:untypedAtomic
prod-CastExpr	K-SeqExprCast-1267	https://github.com/w3c/qt3tests/blob/201a6e466940cdfc727f4babfedcde5332b9f578/prod/CastExpr.xml#L18656	Unsupported cast type xs:base64Binary
prod-CastExpr	K-SeqExprCast-1268	https://github.com/w3c/qt3tests/blob/201a6e466940cdfc727f4babfedcde5332b9f578/prod/CastExpr.xml#L18665	Unsupported cast type xs:base64Binary
prod-CastExpr	K-SeqExprCast-1269	https://github.com/w3c/qt3tests/blob/201a6e466940cdfc727f4babfedcde5332b9f578/prod/CastExpr.xml#L18674	Unsupported cast type xs:base64Binary
prod-CastExpr	K-SeqExprCast-1270	https://github.com/w3c/qt3tests/blob/201a6e466940cdfc727f4babfedcde5332b9f578/prod/CastExpr.xml#L18683	Unsupported cast type xs:base64Binary
prod-CastExpr	K-SeqExprCast-1271	https://github.com/w3c/qt3tests/blob/201a6e466940cdfc727f4babfedcde5332b9f578/prod/CastExpr.xml#L18692	Unsupported cast type xs:base64Binary
prod-CastExpr	K-SeqExprCast-1272	https://github.com/w3c/qt3tests/blob/201a6e466940cdfc727f4babfedcde5332b9f578/prod/CastExpr.xml#L18701	Unsupported cast type xs:base64Binary
prod-CastExpr	K-SeqExprCast-1273	https://github.com/w3c/qt3tests/blob/201a6e466940cdfc727f4babfedcde5332b9f578/prod/CastExpr.xml#L18710	Unsupported cast type xs:base64Binary
prod-CastExpr	K-SeqExprCast-1274	https://github.com/w3c/qt3tests/blob/201a6e466940cdfc727f4babfedcde5332b9f578/prod/CastExpr.xml#L18719	Unsupported cast type xs:base64Binary
prod-CastExpr	K-SeqExprCast-1275	https://github.com/w3c/qt3tests/blob/201a6e466940cdfc727f4babfedcde5332b9f578/prod/CastExpr.xml#L18728	Unsupported cast type xs:base64Binary
prod-CastExpr	K-SeqExprCast-1276	https://github.com/w3c/qt3tests/blob/201a6e466940cdfc727f4babfedcde5332b9f578/prod/CastExpr.xml#L18737	Unsupported cast type xs:base64Binary
prod-CastExpr	K-SeqExprCast-1277	https://github.com/w3c/qt3tests/blob/201a6e466940cdfc727f4babfedcde5332b9f578/prod/CastExpr.xml#L18746	Unsupported cast type xs:base64Binary
prod-CastExpr	K-SeqExprCast-1278	https://github.com/w3c/qt3tests/blob/201a6e466940cdfc727f4babfedcde5332b9f578/prod/CastExpr.xml#L18755	Unsupported cast type xs:base64Binary
prod-CastExpr	K-SeqExprCast-1279	https://github.com/w3c/qt3tests/blob/201a6e466940cdfc727f4babfedcde5332b9f578/prod/CastExpr.xml#L18764	Unsupported cast type xs:base64Binary
prod-CastExpr	K-SeqExprCast-1280	https://github.com/w3c/qt3tests/blob/201a6e466940cdfc727f4babfedcde5332b9f578/prod/CastExpr.xml#L18773	Unsupported cast type xs:base64Binary
prod-CastExpr	K-SeqExprCast-1281	https://github.com/w3c/qt3tests/blob/201a6e466940cdfc727f4babfedcde5332b9f578/prod/CastExpr.xml#L18782	Unsupported cast type xs:base64Binary
prod-CastExpr	K-SeqExprCast-1282	https://github.com/w3c/qt3tests/blob/201a6e466940cdfc727f4babfedcde5332b9f578/prod/CastExpr.xml#L18791	Unsupported cast type xs:base64Binary
prod-CastExpr	K-SeqExprCast-1283	https://github.com/w3c/qt3tests/blob/201a6e466940cdfc727f4babfedcde5332b9f578/prod/CastExpr.xml#L18800	Unsupported cast type xs:base64Binary
prod-CastExpr	K-SeqExprCast-1284	https://github.com/w3c/qt3tests/blob/201a6e466940cdfc727f4babfedcde5332b9f578/prod/CastExpr.xml#L18809	Unsupported cast type xs:base64Binary
prod-CastExpr	K-SeqExprCast-1285	https://github.com/w3c/qt3tests/blob/201a6e466940cdfc727f4babfedcde5332b9f578/prod/CastExpr.xml#L18818	Unsupported cast type xs:base64Binary
prod-CastExpr	K-SeqExprCast-1286	https://github.com/w3c/qt3tests/blob/201a6e466940cdfc727f4babfedcde5332b9f578/prod/CastExpr.xml#L18827	Unsupported cast type xs:base64Binary
prod-CastExpr	K-SeqExprCast-1287	https://github.com/w3c/qt3tests/blob/201a6e466940cdfc727f4babfedcde5332b9f578/prod/CastExpr.xml#L18836	Unsupported cast type xs:base64Binary
prod-CastExpr	K-SeqExprCast-1288	https://github.com/w3c/qt3tests/blob/201a6e466940cdfc727f4babfedcde5332b9f578/prod/CastExpr.xml#L18845	Unsupported cast type xs:base64Binary
prod-CastExpr	K-SeqExprCast-1289	https://github.com/w3c/qt3tests/blob/201a6e466940cdfc727f4babfedcde5332b9f578/prod/CastExpr.xml#L18854	Unsupported cast type xs:base64Binary
prod-CastExpr	K-SeqExprCast-1290	https://github.com/w3c/qt3tests/blob/201a6e466940cdfc727f4babfedcde5332b9f578/prod/CastExpr.xml#L18863	Unsupported cast type xs:base64Binary
prod-CastExpr	K-SeqExprCast-1291	https://github.com/w3c/qt3tests/blob/201a6e466940cdfc727f4babfedcde5332b9f578/prod/CastExpr.xml#L18872	Unsupported cast type xs:base64Binary
prod-CastExpr	K-SeqExprCast-1292	https://github.com/w3c/qt3tests/blob/201a6e466940cdfc727f4babfedcde5332b9f578/prod/CastExpr.xml#L18881	Unsupported cast type xs:base64Binary
prod-CastExpr	K-SeqExprCast-1293	https://github.com/w3c/qt3tests/blob/201a6e466940cdfc727f4babfedcde5332b9f578/prod/CastExpr.xml#L18890	Unsupported cast type xs:base64Binary
prod-CastExpr	K-SeqExprCast-1294	https://github.com/w3c/qt3tests/blob/201a6e466940cdfc727f4babfedcde5332b9f578/prod/CastExpr.xml#L18899	Unsupported cast type xs:base64Binary
prod-CastExpr	K-SeqExprCast-1295	https://github.com/w3c/qt3tests/blob/201a6e466940cdfc727f4babfedcde5332b9f578/prod/CastExpr.xml#L18908	Unsupported cast type xs:base64Binary
prod-CastExpr	K-SeqExprCast-1296	https://github.com/w3c/qt3tests/blob/201a6e466940cdfc727f4babfedcde5332b9f578/prod/CastExpr.xml#L18917	Unsupported cast type xs:base64Binary
prod-CastExpr	K-SeqExprCast-1297	https://github.com/w3c/qt3tests/blob/201a6e466940cdfc727f4babfedcde5332b9f578/prod/CastExpr.xml#L18926	Unsupported cast type xs:base64Binary
prod-CastExpr	K-SeqExprCast-1298	https://github.com/w3c/qt3tests/blob/201a6e466940cdfc727f4babfedcde5332b9f578/prod/CastExpr.xml#L18935	Unsupported cast type xs:base64Binary
prod-CastExpr	K-SeqExprCast-1299	https://github.com/w3c/qt3tests/blob/201a6e466940cdfc727f4babfedcde5332b9f578/prod/CastExpr.xml#L18944	Unsupported cast type xs:base64Binary
prod-CastExpr	K-SeqExprCast-1300	https://github.com/w3c/qt3tests/blob/201a6e466940cdfc727f4babfedcde5332b9f578/prod/CastExpr.xml#L18953	Unsupported cast type xs:base64Binary
prod-CastExpr	K-SeqExprCast-1301	https://github.com/w3c/qt3tests/blob/201a6e466940cdfc727f4babfedcde5332b9f578/prod/CastExpr.xml#L18962	Unsupported cast type xs:base64Binary
prod-CastExpr	K-SeqExprCast-1302	https://github.com/w3c/qt3tests/blob/201a6e466940cdfc727f4babfedcde5332b9f578/prod/CastExpr.xml#L18971	Unsupported cast type xs:base64Binary
prod-CastExpr	K-SeqExprCast-1303	https://github.com/w3c/qt3tests/blob/201a6e466940cdfc727f4babfedcde5332b9f578/prod/CastExpr.xml#L18980	Unsupported cast type xs:base64Binary
prod-CastExpr	K-SeqExprCast-1304	https://github.com/w3c/qt3tests/blob/201a6e466940cdfc727f4babfedcde5332b9f578/prod/CastExpr.xml#L18989	Unsupported cast type xs:base64Binary
prod-CastExpr	K-SeqExprCast-1305	https://github.com/w3c/qt3tests/blob/201a6e466940cdfc727f4babfedcde5332b9f578/prod/CastExpr.xml#L18998	Unsupported cast type xs:base64Binary
prod-CastExpr	K-SeqExprCast-1306	https://github.com/w3c/qt3tests/blob/201a6e466940cdfc727f4babfedcde5332b9f578/prod/CastExpr.xml#L19007	Unsupported cast type xs:base64Binary
prod-CastExpr	K-SeqExprCast-1307	https://github.com/w3c/qt3tests/blob/201a6e466940cdfc727f4babfedcde5332b9f578/prod/CastExpr.xml#L19016	Unsupported cast type xs:base64Binary
prod-CastExpr	K-SeqExprCast-1308	https://github.com/w3c/qt3tests/blob/201a6e466940cdfc727f4babfedcde5332b9f578/prod/CastExpr.xml#L19025	Unsupported cast type xs:base64Binary
prod-CastExpr	K-SeqExprCast-1309	https://github.com/w3c/qt3tests/blob/201a6e466940cdfc727f4babfedcde5332b9f578/prod/CastExpr.xml#L19034	Unsupported cast type xs:base64Binary
prod-CastExpr	K-SeqExprCast-1310	https://github.com/w3c/qt3tests/blob/201a6e466940cdfc727f4babfedcde5332b9f578/prod/CastExpr.xml#L19043	Unsupported cast type xs:base64Binary
prod-CastExpr	K-SeqExprCast-1311	https://github.com/w3c/qt3tests/blob/201a6e466940cdfc727f4babfedcde5332b9f578/prod/CastExpr.xml#L19052	Unsupported cast type xs:base64Binary
prod-CastExpr	K-SeqExprCast-1312	https://github.com/w3c/qt3tests/blob/201a6e466940cdfc727f4babfedcde5332b9f578/prod/CastExpr.xml#L19061	Unsupported cast type xs:base64Binary
prod-CastExpr	K-SeqExprCast-1313	https://github.com/w3c/qt3tests/blob/201a6e466940cdfc727f4babfedcde5332b9f578/prod/CastExpr.xml#L19070	Unsupported function xs:hexBinary
prod-CastExpr	K-SeqExprCast-1314	https://github.com/w3c/qt3tests/blob/201a6e466940cdfc727f4babfedcde5332b9f578/prod/CastExpr.xml#L19079	Unsupported function xs:hexBinary
prod-CastExpr	K-SeqExprCast-1315	https://github.com/w3c/qt3tests/blob/201a6e466940cdfc727f4babfedcde5332b9f578/prod/CastExpr.xml#L19088	Unsupported cast type xs:hexBinary
prod-CastExpr	K-SeqExprCast-1316	https://github.com/w3c/qt3tests/blob/201a6e466940cdfc727f4babfedcde5332b9f578/prod/CastExpr.xml#L19098	Unsupported cast type xs:hexBinary
prod-CastExpr	K-SeqExprCast-1317	https://github.com/w3c/qt3tests/blob/201a6e466940cdfc727f4babfedcde5332b9f578/prod/CastExpr.xml#L19107	Unsupported cast type xs:hexBinary
prod-CastExpr	K-SeqExprCast-1318	https://github.com/w3c/qt3tests/blob/201a6e466940cdfc727f4babfedcde5332b9f578/prod/CastExpr.xml#L19116	Unsupported cast type xs:untypedAtomic
prod-CastExpr	K-SeqExprCast-1319	https://github.com/w3c/qt3tests/blob/201a6e466940cdfc727f4babfedcde5332b9f578/prod/CastExpr.xml#L19125	Unsupported cast type xs:hexBinary
prod-CastExpr	K-SeqExprCast-1320	https://github.com/w3c/qt3tests/blob/201a6e466940cdfc727f4babfedcde5332b9f578/prod/CastExpr.xml#L19134	Unsupported cast type xs:hexBinary
prod-CastExpr	K-SeqExprCast-1321	https://github.com/w3c/qt3tests/blob/201a6e466940cdfc727f4babfedcde5332b9f578/prod/CastExpr.xml#L19143	Unsupported cast type xs:hexBinary
prod-CastExpr	K-SeqExprCast-1322	https://github.com/w3c/qt3tests/blob/201a6e466940cdfc727f4babfedcde5332b9f578/prod/CastExpr.xml#L19152	Unsupported cast type xs:hexBinary
prod-CastExpr	K-SeqExprCast-1323	https://github.com/w3c/qt3tests/blob/201a6e466940cdfc727f4babfedcde5332b9f578/prod/CastExpr.xml#L19161	Unsupported cast type xs:hexBinary
prod-CastExpr	K-SeqExprCast-1324	https://github.com/w3c/qt3tests/blob/201a6e466940cdfc727f4babfedcde5332b9f578/prod/CastExpr.xml#L19170	Unsupported cast type xs:hexBinary
prod-CastExpr	K-SeqExprCast-1325	https://github.com/w3c/qt3tests/blob/201a6e466940cdfc727f4babfedcde5332b9f578/prod/CastExpr.xml#L19179	Unsupported cast type xs:hexBinary
prod-CastExpr	K-SeqExprCast-1326	https://github.com/w3c/qt3tests/blob/201a6e466940cdfc727f4babfedcde5332b9f578/prod/CastExpr.xml#L19188	Unsupported cast type xs:hexBinary
prod-CastExpr	K-SeqExprCast-1327	https://github.com/w3c/qt3tests/blob/201a6e466940cdfc727f4babfedcde5332b9f578/prod/CastExpr.xml#L19197	Unsupported cast type xs:hexBinary
prod-CastExpr	K-SeqExprCast-1328	https://github.com/w3c/qt3tests/blob/201a6e466940cdfc727f4babfedcde5332b9f578/prod/CastExpr.xml#L19206	Unsupported cast type xs:hexBinary
prod-CastExpr	K-SeqExprCast-1329	https://github.com/w3c/qt3tests/blob/201a6e466940cdfc727f4babfedcde5332b9f578/prod/CastExpr.xml#L19215	Unsupported cast type xs:hexBinary
prod-CastExpr	K-SeqExprCast-1330	https://github.com/w3c/qt3tests/blob/201a6e466940cdfc727f4babfedcde5332b9f578/prod/CastExpr.xml#L19224	Unsupported cast type xs:hexBinary
prod-CastExpr	K-SeqExprCast-1331	https://github.com/w3c/qt3tests/blob/201a6e466940cdfc727f4babfedcde5332b9f578/prod/CastExpr.xml#L19233	Unsupported cast type xs:hexBinary
prod-CastExpr	K-SeqExprCast-1332	https://github.com/w3c/qt3tests/blob/201a6e466940cdfc727f4babfedcde5332b9f578/prod/CastExpr.xml#L19242	Unsupported cast type xs:hexBinary
prod-CastExpr	K-SeqExprCast-1333	https://github.com/w3c/qt3tests/blob/201a6e466940cdfc727f4babfedcde5332b9f578/prod/CastExpr.xml#L19251	Unsupported cast type xs:hexBinary
prod-CastExpr	K-SeqExprCast-1334	https://github.com/w3c/qt3tests/blob/201a6e466940cdfc727f4babfedcde5332b9f578/prod/CastExpr.xml#L19260	Unsupported cast type xs:hexBinary
prod-CastExpr	K-SeqExprCast-1335	https://github.com/w3c/qt3tests/blob/201a6e466940cdfc727f4babfedcde5332b9f578/prod/CastExpr.xml#L19269	Unsupported cast type xs:hexBinary
prod-CastExpr	K-SeqExprCast-1336	https://github.com/w3c/qt3tests/blob/201a6e466940cdfc727f4babfedcde5332b9f578/prod/CastExpr.xml#L19278	Unsupported cast type xs:hexBinary
prod-CastExpr	K-SeqExprCast-1337	https://github.com/w3c/qt3tests/blob/201a6e466940cdfc727f4babfedcde5332b9f578/prod/CastExpr.xml#L19287	Unsupported cast type xs:hexBinary
prod-CastExpr	K-SeqExprCast-1338	https://github.com/w3c/qt3tests/blob/201a6e466940cdfc727f4babfedcde5332b9f578/prod/CastExpr.xml#L19296	Unsupported cast type xs:hexBinary
prod-CastExpr	K-SeqExprCast-1339	https://github.com/w3c/qt3tests/blob/201a6e466940cdfc727f4babfedcde5332b9f578/prod/CastExpr.xml#L19305	Unsupported cast type xs:hexBinary
prod-CastExpr	K-SeqExprCast-1340	https://github.com/w3c/qt3tests/blob/201a6e466940cdfc727f4babfedcde5332b9f578/prod/CastExpr.xml#L19314	Unsupported cast type xs:hexBinary
prod-CastExpr	K-SeqExprCast-1341	https://github.com/w3c/qt3tests/blob/201a6e466940cdfc727f4babfedcde5332b9f578/prod/CastExpr.xml#L19323	Unsupported cast type xs:hexBinary
prod-CastExpr	K-SeqExprCast-1342	https://github.com/w3c/qt3tests/blob/201a6e466940cdfc727f4babfedcde5332b9f578/prod/CastExpr.xml#L19332	Unsupported cast type xs:hexBinary
prod-CastExpr	K-SeqExprCast-1343	https://github.com/w3c/qt3tests/blob/201a6e466940cdfc727f4babfedcde5332b9f578/prod/CastExpr.xml#L19341	Unsupported cast type xs:hexBinary
prod-CastExpr	K-SeqExprCast-1344	https://github.com/w3c/qt3tests/blob/201a6e466940cdfc727f4babfedcde5332b9f578/prod/CastExpr.xml#L19350	Unsupported cast type xs:hexBinary
prod-CastExpr	K-SeqExprCast-1345	https://github.com/w3c/qt3tests/blob/201a6e466940cdfc727f4babfedcde5332b9f578/prod/CastExpr.xml#L19359	Unsupported cast type xs:hexBinary
prod-CastExpr	K-SeqExprCast-1346	https://github.com/w3c/qt3tests/blob/201a6e466940cdfc727f4babfedcde5332b9f578/prod/CastExpr.xml#L19368	Unsupported cast type xs:hexBinary
prod-CastExpr	K-SeqExprCast-1347	https://github.com/w3c/qt3tests/blob/201a6e466940cdfc727f4babfedcde5332b9f578/prod/CastExpr.xml#L19377	Unsupported cast type xs:hexBinary
prod-CastExpr	K-SeqExprCast-1348	https://github.com/w3c/qt3tests/blob/201a6e466940cdfc727f4babfedcde5332b9f578/prod/CastExpr.xml#L19386	Unsupported cast type xs:hexBinary
prod-CastExpr	K-SeqExprCast-1349	https://github.com/w3c/qt3tests/blob/201a6e466940cdfc727f4babfedcde5332b9f578/prod/CastExpr.xml#L19395	Unsupported cast type xs:hexBinary
prod-CastExpr	K-SeqExprCast-1350	https://github.com/w3c/qt3tests/blob/201a6e466940cdfc727f4babfedcde5332b9f578/prod/CastExpr.xml#L19404	Unsupported cast type xs:hexBinary
prod-CastExpr	K-SeqExprCast-1351	https://github.com/w3c/qt3tests/blob/201a6e466940cdfc727f4babfedcde5332b9f578/prod/CastExpr.xml#L19413	Unsupported cast type xs:hexBinary
prod-CastExpr	K-SeqExprCast-1352	https://github.com/w3c/qt3tests/blob/201a6e466940cdfc727f4babfedcde5332b9f578/prod/CastExpr.xml#L19422	Unsupported cast type xs:hexBinary
prod-CastExpr	K-SeqExprCast-1353	https://github.com/w3c/qt3tests/blob/201a6e466940cdfc727f4babfedcde5332b9f578/prod/CastExpr.xml#L19431	Unsupported cast type xs:hexBinary
prod-CastExpr	K-SeqExprCast-1354	https://github.com/w3c/qt3tests/blob/201a6e466940cdfc727f4babfedcde5332b9f578/prod/CastExpr.xml#L19440	Unsupported cast type xs:hexBinary
prod-CastExpr	K-SeqExprCast-1355	https://github.com/w3c/qt3tests/blob/201a6e466940cdfc727f4babfedcde5332b9f578/prod/CastExpr.xml#L19449	Unsupported cast type xs:hexBinary
prod-CastExpr	K-SeqExprCast-1356	https://github.com/w3c/qt3tests/blob/201a6e466940cdfc727f4babfedcde5332b9f578/prod/CastExpr.xml#L19458	Unsupported cast type xs:hexBinary
prod-CastExpr	K-SeqExprCast-1357	https://github.com/w3c/qt3tests/blob/201a6e466940cdfc727f4babfedcde5332b9f578/prod/CastExpr.xml#L19467	Unsupported cast type xs:hexBinary
prod-CastExpr	K-SeqExprCast-1358	https://github.com/w3c/qt3tests/blob/201a6e466940cdfc727f4babfedcde5332b9f578/prod/CastExpr.xml#L19476	Unsupported cast type xs:hexBinary
prod-CastExpr	K-SeqExprCast-1359	https://github.com/w3c/qt3tests/blob/201a6e466940cdfc727f4babfedcde5332b9f578/prod/CastExpr.xml#L19485	Unsupported cast type xs:hexBinary
prod-CastExpr	K-SeqExprCast-1360	https://github.com/w3c/qt3tests/blob/201a6e466940cdfc727f4babfedcde5332b9f578/prod/CastExpr.xml#L19494	Unsupported cast type xs:hexBinary
prod-CastExpr	K-SeqExprCast-1361	https://github.com/w3c/qt3tests/blob/201a6e466940cdfc727f4babfedcde5332b9f578/prod/CastExpr.xml#L19503	Unsupported cast type xs:hexBinary
prod-CastExpr	K-SeqExprCast-1362	https://github.com/w3c/qt3tests/blob/201a6e466940cdfc727f4babfedcde5332b9f578/prod/CastExpr.xml#L19512	Unsupported cast type xs:hexBinary
prod-CastExpr	K-SeqExprCast-1363	https://github.com/w3c/qt3tests/blob/201a6e466940cdfc727f4babfedcde5332b9f578/prod/CastExpr.xml#L19521	Unsupported cast type xs:hexBinary
prod-CastExpr	K-SeqExprCast-1364	https://github.com/w3c/qt3tests/blob/201a6e466940cdfc727f4babfedcde5332b9f578/prod/CastExpr.xml#L19530	Unsupported cast type xs:hexBinary
prod-CastExpr	K-SeqExprCast-1365	https://github.com/w3c/qt3tests/blob/201a6e466940cdfc727f4babfedcde5332b9f578/prod/CastExpr.xml#L19539	Unsupported function xs:anyURI
prod-CastExpr	K-SeqExprCast-1366	https://github.com/w3c/qt3tests/blob/201a6e466940cdfc727f4babfedcde5332b9f578/prod/CastExpr.xml#L19548	Unsupported function xs:anyURI
prod-CastExpr	K-SeqExprCast-1367	https://github.com/w3c/qt3tests/blob/201a6e466940cdfc727f4babfedcde5332b9f578/prod/CastExpr.xml#L19557	Unsupported cast type xs:anyURI
prod-CastExpr	K-SeqExprCast-1368	https://github.com/w3c/qt3tests/blob/201a6e466940cdfc727f4babfedcde5332b9f578/prod/CastExpr.xml#L19567	Unsupported cast type xs:anyURI
prod-CastExpr	K-SeqExprCast-1369	https://github.com/w3c/qt3tests/blob/201a6e466940cdfc727f4babfedcde5332b9f578/prod/CastExpr.xml#L19576	Unsupported cast type xs:anyURI
prod-CastExpr	K-SeqExprCast-1370	https://github.com/w3c/qt3tests/blob/201a6e466940cdfc727f4babfedcde5332b9f578/prod/CastExpr.xml#L19585	Unsupported cast type xs:untypedAtomic
prod-CastExpr	K-SeqExprCast-1371	https://github.com/w3c/qt3tests/blob/201a6e466940cdfc727f4babfedcde5332b9f578/prod/CastExpr.xml#L19595	Unsupported cast type xs:anyURI
prod-CastExpr	K-SeqExprCast-1372	https://github.com/w3c/qt3tests/blob/201a6e466940cdfc727f4babfedcde5332b9f578/prod/CastExpr.xml#L19605	Unsupported cast type xs:anyURI
prod-CastExpr	K-SeqExprCast-1373	https://github.com/w3c/qt3tests/blob/201a6e466940cdfc727f4babfedcde5332b9f578/prod/CastExpr.xml#L19615	Unsupported cast type xs:anyURI
prod-CastExpr	K-SeqExprCast-1374	https://github.com/w3c/qt3tests/blob/201a6e466940cdfc727f4babfedcde5332b9f578/prod/CastExpr.xml#L19624	Unsupported cast type xs:anyURI
prod-CastExpr	K-SeqExprCast-1375	https://github.com/w3c/qt3tests/blob/201a6e466940cdfc727f4babfedcde5332b9f578/prod/CastExpr.xml#L19633	Unsupported cast type xs:anyURI
prod-CastExpr	K-SeqExprCast-1376	https://github.com/w3c/qt3tests/blob/201a6e466940cdfc727f4babfedcde5332b9f578/prod/CastExpr.xml#L19642	Unsupported cast type xs:anyURI
prod-CastExpr	K-SeqExprCast-1377	https://github.com/w3c/qt3tests/blob/201a6e466940cdfc727f4babfedcde5332b9f578/prod/CastExpr.xml#L19651	Unsupported cast type xs:anyURI
prod-CastExpr	K-SeqExprCast-1378	https://github.com/w3c/qt3tests/blob/201a6e466940cdfc727f4babfedcde5332b9f578/prod/CastExpr.xml#L19660	Unsupported cast type xs:anyURI
prod-CastExpr	K-SeqExprCast-1379	https://github.com/w3c/qt3tests/blob/201a6e466940cdfc727f4babfedcde5332b9f578/prod/CastExpr.xml#L19669	Unsupported cast type xs:anyURI
prod-CastExpr	K-SeqExprCast-1380	https://github.com/w3c/qt3tests/blob/201a6e466940cdfc727f4babfedcde5332b9f578/prod/CastExpr.xml#L19678	Unsupported cast type xs:anyURI
prod-CastExpr	K-SeqExprCast-1381	https://github.com/w3c/qt3tests/blob/201a6e466940cdfc727f4babfedcde5332b9f578/prod/CastExpr.xml#L19687	Unsupported cast type xs:anyURI
prod-CastExpr	K-SeqExprCast-1382	https://github.com/w3c/qt3tests/blob/201a6e466940cdfc727f4babfedcde5332b9f578/prod/CastExpr.xml#L19696	Unsupported cast type xs:anyURI
prod-CastExpr	K-SeqExprCast-1383	https://github.com/w3c/qt3tests/blob/201a6e466940cdfc727f4babfedcde5332b9f578/prod/CastExpr.xml#L19705	Unsupported cast type xs:anyURI
prod-CastExpr	K-SeqExprCast-1384	https://github.com/w3c/qt3tests/blob/201a6e466940cdfc727f4babfedcde5332b9f578/prod/CastExpr.xml#L19714	Unsupported cast type xs:anyURI
prod-CastExpr	K-SeqExprCast-1385	https://github.com/w3c/qt3tests/blob/201a6e466940cdfc727f4babfedcde5332b9f578/prod/CastExpr.xml#L19723	Unsupported cast type xs:anyURI
prod-CastExpr	K-SeqExprCast-1386	https://github.com/w3c/qt3tests/blob/201a6e466940cdfc727f4babfedcde5332b9f578/prod/CastExpr.xml#L19732	Unsupported cast type xs:anyURI
prod-CastExpr	K-SeqExprCast-1387	https://github.com/w3c/qt3tests/blob/201a6e466940cdfc727f4babfedcde5332b9f578/prod/CastExpr.xml#L19741	Unsupported cast type xs:anyURI
prod-CastExpr	K-SeqExprCast-1388	https://github.com/w3c/qt3tests/blob/201a6e466940cdfc727f4babfedcde5332b9f578/prod/CastExpr.xml#L19750	Unsupported cast type xs:anyURI
prod-CastExpr	K-SeqExprCast-1389	https://github.com/w3c/qt3tests/blob/201a6e466940cdfc727f4babfedcde5332b9f578/prod/CastExpr.xml#L19759	Unsupported cast type xs:anyURI
prod-CastExpr	K-SeqExprCast-1390	https://github.com/w3c/qt3tests/blob/201a6e466940cdfc727f4babfedcde5332b9f578/prod/CastExpr.xml#L19768	Unsupported cast type xs:anyURI
prod-CastExpr	K-SeqExprCast-1391	https://github.com/w3c/qt3tests/blob/201a6e466940cdfc727f4babfedcde5332b9f578/prod/CastExpr.xml#L19777	Unsupported cast type xs:anyURI
prod-CastExpr	K-SeqExprCast-1392	https://github.com/w3c/qt3tests/blob/201a6e466940cdfc727f4babfedcde5332b9f578/prod/CastExpr.xml#L19786	Unsupported cast type xs:anyURI
prod-CastExpr	K-SeqExprCast-1393	https://github.com/w3c/qt3tests/blob/201a6e466940cdfc727f4babfedcde5332b9f578/prod/CastExpr.xml#L19795	Unsupported cast type xs:anyURI
prod-CastExpr	K-SeqExprCast-1394	https://github.com/w3c/qt3tests/blob/201a6e466940cdfc727f4babfedcde5332b9f578/prod/CastExpr.xml#L19804	Unsupported cast type xs:anyURI
prod-CastExpr	K-SeqExprCast-1395	https://github.com/w3c/qt3tests/blob/201a6e466940cdfc727f4babfedcde5332b9f578/prod/CastExpr.xml#L19813	Unsupported cast type xs:anyURI
prod-CastExpr	K-SeqExprCast-1396	https://github.com/w3c/qt3tests/blob/201a6e466940cdfc727f4babfedcde5332b9f578/prod/CastExpr.xml#L19822	Unsupported cast type xs:anyURI
prod-CastExpr	K-SeqExprCast-1397	https://github.com/w3c/qt3tests/blob/201a6e466940cdfc727f4babfedcde5332b9f578/prod/CastExpr.xml#L19831	Unsupported cast type xs:anyURI
prod-CastExpr	K-SeqExprCast-1398	https://github.com/w3c/qt3tests/blob/201a6e466940cdfc727f4babfedcde5332b9f578/prod/CastExpr.xml#L19840	Unsupported cast type xs:anyURI
prod-CastExpr	K-SeqExprCast-1399	https://github.com/w3c/qt3tests/blob/201a6e466940cdfc727f4babfedcde5332b9f578/prod/CastExpr.xml#L19849	Unsupported cast type xs:anyURI
prod-CastExpr	K-SeqExprCast-1400	https://github.com/w3c/qt3tests/blob/201a6e466940cdfc727f4babfedcde5332b9f578/prod/CastExpr.xml#L19858	Unsupported cast type xs:anyURI
prod-CastExpr	K-SeqExprCast-1401	https://github.com/w3c/qt3tests/blob/201a6e466940cdfc727f4babfedcde5332b9f578/prod/CastExpr.xml#L19867	Unsupported cast type xs:anyURI
prod-CastExpr	K-SeqExprCast-1402	https://github.com/w3c/qt3tests/blob/201a6e466940cdfc727f4babfedcde5332b9f578/prod/CastExpr.xml#L19876	Unsupported cast type xs:anyURI
prod-CastExpr	K-SeqExprCast-1403	https://github.com/w3c/qt3tests/blob/201a6e466940cdfc727f4babfedcde5332b9f578/prod/CastExpr.xml#L19885	Unsupported cast type xs:anyURI
prod-CastExpr	K-SeqExprCast-1404	https://github.com/w3c/qt3tests/blob/201a6e466940cdfc727f4babfedcde5332b9f578/prod/CastExpr.xml#L19894	Unsupported cast type xs:anyURI
prod-CastExpr	K-SeqExprCast-1405	https://github.com/w3c/qt3tests/blob/201a6e466940cdfc727f4babfedcde5332b9f578/prod/CastExpr.xml#L19903	Unsupported cast type xs:anyURI
prod-CastExpr	K-SeqExprCast-1406	https://github.com/w3c/qt3tests/blob/201a6e466940cdfc727f4babfedcde5332b9f578/prod/CastExpr.xml#L19912	Unsupported cast type xs:anyURI
prod-CastExpr	K-SeqExprCast-1407	https://github.com/w3c/qt3tests/blob/201a6e466940cdfc727f4babfedcde5332b9f578/prod/CastExpr.xml#L19921	Unsupported cast type xs:anyURI
prod-CastExpr	K-SeqExprCast-1408	https://github.com/w3c/qt3tests/blob/201a6e466940cdfc727f4babfedcde5332b9f578/prod/CastExpr.xml#L19930	Unsupported cast type xs:anyURI
prod-CastExpr	K-SeqExprCast-1409	https://github.com/w3c/qt3tests/blob/201a6e466940cdfc727f4babfedcde5332b9f578/prod/CastExpr.xml#L19939	Unsupported cast type xs:anyURI
prod-CastExpr	K-SeqExprCast-1410	https://github.com/w3c/qt3tests/blob/201a6e466940cdfc727f4babfedcde5332b9f578/prod/CastExpr.xml#L19948	Unsupported cast type xs:anyURI
prod-CastExpr	K-SeqExprCast-1411	https://github.com/w3c/qt3tests/blob/201a6e466940cdfc727f4babfedcde5332b9f578/prod/CastExpr.xml#L19957	Unsupported cast type xs:anyURI
prod-CastExpr	K-SeqExprCast-1412	https://github.com/w3c/qt3tests/blob/201a6e466940cdfc727f4babfedcde5332b9f578/prod/CastExpr.xml#L19966	Unsupported cast type xs:anyURI
prod-CastExpr	K-SeqExprCast-1413	https://github.com/w3c/qt3tests/blob/201a6e466940cdfc727f4babfedcde5332b9f578/prod/CastExpr.xml#L19975	Unsupported cast type xs:anyURI
prod-CastExpr	K-SeqExprCast-1414	https://github.com/w3c/qt3tests/blob/201a6e466940cdfc727f4babfedcde5332b9f578/prod/CastExpr.xml#L19984	Unsupported cast type xs:anyURI
prod-CastExpr	K-SeqExprCast-1415	https://github.com/w3c/qt3tests/blob/201a6e466940cdfc727f4babfedcde5332b9f578/prod/CastExpr.xml#L19993	Unsupported cast type xs:anyURI
prod-CastExpr	K-SeqExprCast-1416	https://github.com/w3c/qt3tests/blob/201a6e466940cdfc727f4babfedcde5332b9f578/prod/CastExpr.xml#L20002	Unsupported cast type xs:anyURI
prod-CastExpr	K-SeqExprCast-1417	https://github.com/w3c/qt3tests/blob/201a6e466940cdfc727f4babfedcde5332b9f578/prod/CastExpr.xml#L20011	Unsupported function xs:QName
prod-CastExpr	K-SeqExprCast-1418	https://github.com/w3c/qt3tests/blob/201a6e466940cdfc727f4babfedcde5332b9f578/prod/CastExpr.xml#L20020	Unsupported function xs:QName
prod-CastExpr	K-SeqExprCast-1419	https://github.com/w3c/qt3tests/blob/201a6e466940cdfc727f4babfedcde5332b9f578/prod/CastExpr.xml#L20029	Unsupported cast type xs:QName
prod-CastExpr	K-SeqExprCast-1420	https://github.com/w3c/qt3tests/blob/201a6e466940cdfc727f4babfedcde5332b9f578/prod/CastExpr.xml#L20040	Unsupported cast type xs:QName
prod-CastExpr	K-SeqExprCast-1421	https://github.com/w3c/qt3tests/blob/201a6e466940cdfc727f4babfedcde5332b9f578/prod/CastExpr.xml#L20049	Unsupported cast type xs:QName
prod-CastExpr	K-SeqExprCast-1422	https://github.com/w3c/qt3tests/blob/201a6e466940cdfc727f4babfedcde5332b9f578/prod/CastExpr.xml#L20058	Unsupported cast type xs:QName
prod-CastExpr	K-SeqExprCast-1423	https://github.com/w3c/qt3tests/blob/201a6e466940cdfc727f4babfedcde5332b9f578/prod/CastExpr.xml#L20067	Unsupported cast type xs:QName
prod-CastExpr	K-SeqExprCast-1424	https://github.com/w3c/qt3tests/blob/201a6e466940cdfc727f4babfedcde5332b9f578/prod/CastExpr.xml#L20076	Unsupported cast type xs:QName
prod-CastExpr	K-SeqExprCast-1425	https://github.com/w3c/qt3tests/blob/201a6e466940cdfc727f4babfedcde5332b9f578/prod/CastExpr.xml#L20085	Unsupported cast type xs:QName
prod-CastExpr	K-SeqExprCast-1426	https://github.com/w3c/qt3tests/blob/201a6e466940cdfc727f4babfedcde5332b9f578/prod/CastExpr.xml#L20094	Unsupported cast type xs:QName
prod-CastExpr	K-SeqExprCast-1427	https://github.com/w3c/qt3tests/blob/201a6e466940cdfc727f4babfedcde5332b9f578/prod/CastExpr.xml#L20103	Unsupported cast type xs:QName
prod-CastExpr	K-SeqExprCast-1428	https://github.com/w3c/qt3tests/blob/201a6e466940cdfc727f4babfedcde5332b9f578/prod/CastExpr.xml#L20112	Unsupported cast type xs:QName
prod-CastExpr	K-SeqExprCast-1429	https://github.com/w3c/qt3tests/blob/201a6e466940cdfc727f4babfedcde5332b9f578/prod/CastExpr.xml#L20121	Unsupported cast type xs:QName
prod-CastExpr	K-SeqExprCast-1430	https://github.com/w3c/qt3tests/blob/201a6e466940cdfc727f4babfedcde5332b9f578/prod/CastExpr.xml#L20130	Unsupported cast type xs:QName
prod-CastExpr	K-SeqExprCast-1431	https://github.com/w3c/qt3tests/blob/201a6e466940cdfc727f4babfedcde5332b9f578/prod/CastExpr.xml#L20139	Unsupported cast type xs:QName
prod-CastExpr	K-SeqExprCast-1432	https://github.com/w3c/qt3tests/blob/201a6e466940cdfc727f4babfedcde5332b9f578/prod/CastExpr.xml#L20148	Unsupported cast type xs:QName
prod-CastExpr	K-SeqExprCast-1433	https://github.com/w3c/qt3tests/blob/201a6e466940cdfc727f4babfedcde5332b9f578/prod/CastExpr.xml#L20157	Unsupported cast type xs:QName
prod-CastExpr	K-SeqExprCast-1434	https://github.com/w3c/qt3tests/blob/201a6e466940cdfc727f4babfedcde5332b9f578/prod/CastExpr.xml#L20166	Unsupported cast type xs:QName
prod-CastExpr	K-SeqExprCast-1435	https://github.com/w3c/qt3tests/blob/201a6e466940cdfc727f4babfedcde5332b9f578/prod/CastExpr.xml#L20175	Unsupported cast type xs:QName
prod-CastExpr	K-SeqExprCast-1436	https://github.com/w3c/qt3tests/blob/201a6e466940cdfc727f4babfedcde5332b9f578/prod/CastExpr.xml#L20184	Unsupported cast type xs:QName
prod-CastExpr	K-SeqExprCast-1437	https://github.com/w3c/qt3tests/blob/201a6e466940cdfc727f4babfedcde5332b9f578/prod/CastExpr.xml#L20193	Unsupported cast type xs:QName
prod-CastExpr	K-SeqExprCast-1438	https://github.com/w3c/qt3tests/blob/201a6e466940cdfc727f4babfedcde5332b9f578/prod/CastExpr.xml#L20202	Unsupported cast type xs:QName
prod-CastExpr	K-SeqExprCast-1439	https://github.com/w3c/qt3tests/blob/201a6e466940cdfc727f4babfedcde5332b9f578/prod/CastExpr.xml#L20211	Unsupported cast type xs:QName
prod-CastExpr	K-SeqExprCast-1440	https://github.com/w3c/qt3tests/blob/201a6e466940cdfc727f4babfedcde5332b9f578/prod/CastExpr.xml#L20220	Unsupported cast type xs:QName
prod-CastExpr	K-SeqExprCast-1441	https://github.com/w3c/qt3tests/blob/201a6e466940cdfc727f4babfedcde5332b9f578/prod/CastExpr.xml#L20229	Unsupported cast type xs:QName
prod-CastExpr	K-SeqExprCast-1442	https://github.com/w3c/qt3tests/blob/201a6e466940cdfc727f4babfedcde5332b9f578/prod/CastExpr.xml#L20238	Unsupported cast type xs:QName
prod-CastExpr	K-SeqExprCast-1443	https://github.com/w3c/qt3tests/blob/201a6e466940cdfc727f4babfedcde5332b9f578/prod/CastExpr.xml#L20247	Unsupported cast type xs:QName
prod-CastExpr	K-SeqExprCast-1444	https://github.com/w3c/qt3tests/blob/201a6e466940cdfc727f4babfedcde5332b9f578/prod/CastExpr.xml#L20256	Unsupported cast type xs:QName
prod-CastExpr	K-SeqExprCast-1445	https://github.com/w3c/qt3tests/blob/201a6e466940cdfc727f4babfedcde5332b9f578/prod/CastExpr.xml#L20265	Unsupported cast type xs:QName
prod-CastExpr	K-SeqExprCast-1446	https://github.com/w3c/qt3tests/blob/201a6e466940cdfc727f4babfedcde5332b9f578/prod/CastExpr.xml#L20274	Unsupported cast type xs:QName
prod-CastExpr	K-SeqExprCast-1447	https://github.com/w3c/qt3tests/blob/201a6e466940cdfc727f4babfedcde5332b9f578/prod/CastExpr.xml#L20283	Unsupported cast type xs:QName
prod-CastExpr	K-SeqExprCast-1448	https://github.com/w3c/qt3tests/blob/201a6e466940cdfc727f4babfedcde5332b9f578/prod/CastExpr.xml#L20292	Unsupported cast type xs:QName
prod-CastExpr	K-SeqExprCast-1449	https://github.com/w3c/qt3tests/blob/201a6e466940cdfc727f4babfedcde5332b9f578/prod/CastExpr.xml#L20301	Unsupported cast type xs:QName
prod-CastExpr	K-SeqExprCast-1450	https://github.com/w3c/qt3tests/blob/201a6e466940cdfc727f4babfedcde5332b9f578/prod/CastExpr.xml#L20310	Unsupported cast type xs:QName
prod-CastExpr	K-SeqExprCast-1451	https://github.com/w3c/qt3tests/blob/201a6e466940cdfc727f4babfedcde5332b9f578/prod/CastExpr.xml#L20319	Unsupported cast type xs:QName
prod-CastExpr	K-SeqExprCast-1452	https://github.com/w3c/qt3tests/blob/201a6e466940cdfc727f4babfedcde5332b9f578/prod/CastExpr.xml#L20328	Unsupported cast type xs:QName
prod-CastExpr	K-SeqExprCast-1453	https://github.com/w3c/qt3tests/blob/201a6e466940cdfc727f4babfedcde5332b9f578/prod/CastExpr.xml#L20337	Unsupported cast type xs:QName
prod-CastExpr	K-SeqExprCast-1454	https://github.com/w3c/qt3tests/blob/201a6e466940cdfc727f4babfedcde5332b9f578/prod/CastExpr.xml#L20346	Unsupported cast type xs:QName
prod-CastExpr	K-SeqExprCast-1455	https://github.com/w3c/qt3tests/blob/201a6e466940cdfc727f4babfedcde5332b9f578/prod/CastExpr.xml#L20355	Unsupported cast type xs:QName
prod-CastExpr	K-SeqExprCast-1456	https://github.com/w3c/qt3tests/blob/201a6e466940cdfc727f4babfedcde5332b9f578/prod/CastExpr.xml#L20364	Unsupported cast type xs:QName
prod-CastExpr	K-SeqExprCast-1457	https://github.com/w3c/qt3tests/blob/201a6e466940cdfc727f4babfedcde5332b9f578/prod/CastExpr.xml#L20373	Unsupported cast type xs:QName
prod-CastExpr	K-SeqExprCast-1458	https://github.com/w3c/qt3tests/blob/201a6e466940cdfc727f4babfedcde5332b9f578/prod/CastExpr.xml#L20382	Unsupported cast type xs:QName
prod-CastExpr	K-SeqExprCast-1459	https://github.com/w3c/qt3tests/blob/201a6e466940cdfc727f4babfedcde5332b9f578/prod/CastExpr.xml#L20391	Unsupported cast type xs:QName
prod-CastExpr	K-SeqExprCast-1460	https://github.com/w3c/qt3tests/blob/201a6e466940cdfc727f4babfedcde5332b9f578/prod/CastExpr.xml#L20400	Unsupported cast type xs:QName
prod-CastExpr	K-SeqExprCast-1461	https://github.com/w3c/qt3tests/blob/201a6e466940cdfc727f4babfedcde5332b9f578/prod/CastExpr.xml#L20409	Unsupported cast type xs:QName
prod-CastExpr	K-SeqExprCast-1462	https://github.com/w3c/qt3tests/blob/201a6e466940cdfc727f4babfedcde5332b9f578/prod/CastExpr.xml#L20418	Unsupported cast type xs:QName
prod-CastExpr	K-SeqExprCast-1463	https://github.com/w3c/qt3tests/blob/201a6e466940cdfc727f4babfedcde5332b9f578/prod/CastExpr.xml#L20427	Unsupported cast type xs:QName
prod-CastExpr	K-SeqExprCast-1464	https://github.com/w3c/qt3tests/blob/201a6e466940cdfc727f4babfedcde5332b9f578/prod/CastExpr.xml#L20436	Unsupported cast type xs:QName
prod-CastExpr	K-SeqExprCast-1465	https://github.com/w3c/qt3tests/blob/201a6e466940cdfc727f4babfedcde5332b9f578/prod/CastExpr.xml#L20445	Unsupported cast type xs:QName
prod-CastExpr	K-SeqExprCast-1466	https://github.com/w3c/qt3tests/blob/201a6e466940cdfc727f4babfedcde5332b9f578/prod/CastExpr.xml#L20454	Unsupported cast type xs:QName
prod-CastExpr	K-SeqExprCast-1467	https://github.com/w3c/qt3tests/blob/201a6e466940cdfc727f4babfedcde5332b9f578/prod/CastExpr.xml#L20463	Unsupported function xs:NOTATION
prod-CastExpr	K-SeqExprCast-1468	https://github.com/w3c/qt3tests/blob/201a6e466940cdfc727f4babfedcde5332b9f578/prod/CastExpr.xml#L20472	Unsupported function xs:NOTATION
prod-CastExpr	K-SeqExprCast-1469	https://github.com/w3c/qt3tests/blob/201a6e466940cdfc727f4babfedcde5332b9f578/prod/CastExpr.xml#L20481	Unsupported cast type xs:NOTATION
prod-CastExpr	K-SeqExprCast-1470	https://github.com/w3c/qt3tests/blob/201a6e466940cdfc727f4babfedcde5332b9f578/prod/CastExpr.xml#L20490	Unsupported cast type xs:NOTATION
prod-CastExpr	K-SeqExprCast-1471	https://github.com/w3c/qt3tests/blob/201a6e466940cdfc727f4babfedcde5332b9f578/prod/CastExpr.xml#L20499	Unsupported cast type xs:NOTATION
prod-CastExpr	K-SeqExprCast-1472	https://github.com/w3c/qt3tests/blob/201a6e466940cdfc727f4babfedcde5332b9f578/prod/CastExpr.xml#L20508	Unsupported cast type xs:NOTATION
prod-CastExpr	K-SeqExprCast-1473	https://github.com/w3c/qt3tests/blob/201a6e466940cdfc727f4babfedcde5332b9f578/prod/CastExpr.xml#L20517	Unsupported cast type xs:NOTATION
prod-CastExpr	K-SeqExprCast-1474	https://github.com/w3c/qt3tests/blob/201a6e466940cdfc727f4babfedcde5332b9f578/prod/CastExpr.xml#L20526	Unsupported cast type xs:NOTATION
prod-CastExpr	K-SeqExprCast-1475	https://github.com/w3c/qt3tests/blob/201a6e466940cdfc727f4babfedcde5332b9f578/prod/CastExpr.xml#L20535	Unsupported cast type xs:NOTATION
prod-CastExpr	K-SeqExprCast-1476	https://github.com/w3c/qt3tests/blob/201a6e466940cdfc727f4babfedcde5332b9f578/prod/CastExpr.xml#L20544	Unsupported cast type xs:NOTATION
prod-CastExpr	K-SeqExprCast-1477	https://github.com/w3c/qt3tests/blob/201a6e466940cdfc727f4babfedcde5332b9f578/prod/CastExpr.xml#L20553	Unsupported cast type xs:NOTATION
prod-CastExpr	K-SeqExprCast-1478	https://github.com/w3c/qt3tests/blob/201a6e466940cdfc727f4babfedcde5332b9f578/prod/CastExpr.xml#L20562	Unsupported cast type xs:NOTATION
prod-CastExpr	K-SeqExprCast-1479	https://github.com/w3c/qt3tests/blob/201a6e466940cdfc727f4babfedcde5332b9f578/prod/CastExpr.xml#L20571	Unsupported cast type xs:NOTATION
prod-CastExpr	K-SeqExprCast-1480	https://github.com/w3c/qt3tests/blob/201a6e466940cdfc727f4babfedcde5332b9f578/prod/CastExpr.xml#L20580	Unsupported cast type xs:NOTATION
prod-CastExpr	K-SeqExprCast-1481	https://github.com/w3c/qt3tests/blob/201a6e466940cdfc727f4babfedcde5332b9f578/prod/CastExpr.xml#L20589	Unsupported cast type xs:NOTATION
prod-CastExpr	K-SeqExprCast-1482	https://github.com/w3c/qt3tests/blob/201a6e466940cdfc727f4babfedcde5332b9f578/prod/CastExpr.xml#L20598	Unsupported cast type xs:NOTATION
prod-CastExpr	K-SeqExprCast-1483	https://github.com/w3c/qt3tests/blob/201a6e466940cdfc727f4babfedcde5332b9f578/prod/CastExpr.xml#L20607	Unsupported cast type xs:NOTATION
prod-CastExpr	K-SeqExprCast-1484	https://github.com/w3c/qt3tests/blob/201a6e466940cdfc727f4babfedcde5332b9f578/prod/CastExpr.xml#L20616	Unsupported cast type xs:NOTATION
prod-CastExpr	K-SeqExprCast-1485	https://github.com/w3c/qt3tests/blob/201a6e466940cdfc727f4babfedcde5332b9f578/prod/CastExpr.xml#L20625	Unsupported cast type xs:NOTATION
prod-CastExpr	K-SeqExprCast-1486	https://github.com/w3c/qt3tests/blob/201a6e466940cdfc727f4babfedcde5332b9f578/prod/CastExpr.xml#L20634	Unsupported cast type xs:NOTATION
prod-CastExpr	K-SeqExprCast-1487	https://github.com/w3c/qt3tests/blob/201a6e466940cdfc727f4babfedcde5332b9f578/prod/CastExpr.xml#L20643	Unsupported cast type xs:NOTATION
prod-CastExpr	K-SeqExprCast-1488	https://github.com/w3c/qt3tests/blob/201a6e466940cdfc727f4babfedcde5332b9f578/prod/CastExpr.xml#L20652	Unsupported cast type xs:NOTATION
prod-CastExpr	K-SeqExprCast-1489	https://github.com/w3c/qt3tests/blob/201a6e466940cdfc727f4babfedcde5332b9f578/prod/CastExpr.xml#L20661	Unsupported cast type xs:NOTATION
prod-CastExpr	K-SeqExprCast-1490	https://github.com/w3c/qt3tests/blob/201a6e466940cdfc727f4babfedcde5332b9f578/prod/CastExpr.xml#L20670	Unsupported cast type xs:NOTATION
prod-CastExpr	K-SeqExprCast-1491	https://github.com/w3c/qt3tests/blob/201a6e466940cdfc727f4babfedcde5332b9f578/prod/CastExpr.xml#L20679	Unsupported cast type xs:NOTATION
prod-CastExpr	K2-SeqExprCast-1	https://github.com/w3c/qt3tests/blob/201a6e466940cdfc727f4babfedcde5332b9f578/prod/CastExpr.xml#L20691	Unsupported environment with namespace
prod-CastExpr	K2-SeqExprCast-2	https://github.com/w3c/qt3tests/blob/201a6e466940cdfc727f4babfedcde5332b9f578/prod/CastExpr.xml#L20703	Unsupported sequenceExpr
prod-CastExpr	K2-SeqExprCast-27	https://github.com/w3c/qt3tests/blob/201a6e466940cdfc727f4babfedcde5332b9f578/prod/CastExpr.xml#L20938	Unsupported cast type xs:nonPositiveInteger
prod-CastExpr	K2-SeqExprCast-28	https://github.com/w3c/qt3tests/blob/201a6e466940cdfc727f4babfedcde5332b9f578/prod/CastExpr.xml#L20947	Unsupported cast type xs:nonPositiveInteger
prod-CastExpr	K2-SeqExprCast-29	https://github.com/w3c/qt3tests/blob/201a6e466940cdfc727f4babfedcde5332b9f578/prod/CastExpr.xml#L20956	Unsupported cast type xs:negativeInteger
prod-CastExpr	K2-SeqExprCast-30	https://github.com/w3c/qt3tests/blob/201a6e466940cdfc727f4babfedcde5332b9f578/prod/CastExpr.xml#L20965	Unsupported cast type xs:negativeInteger
prod-CastExpr	K2-SeqExprCast-31	https://github.com/w3c/qt3tests/blob/201a6e466940cdfc727f4babfedcde5332b9f578/prod/CastExpr.xml#L20974	Unsupported cast type xs:long
prod-CastExpr	K2-SeqExprCast-32	https://github.com/w3c/qt3tests/blob/201a6e466940cdfc727f4babfedcde5332b9f578/prod/CastExpr.xml#L20983	Unsupported cast type xs:long
prod-CastExpr	K2-SeqExprCast-33	https://github.com/w3c/qt3tests/blob/201a6e466940cdfc727f4babfedcde5332b9f578/prod/CastExpr.xml#L20992	Unsupported cast type xs:int
prod-CastExpr	K2-SeqExprCast-34	https://github.com/w3c/qt3tests/blob/201a6e466940cdfc727f4babfedcde5332b9f578/prod/CastExpr.xml#L21001	Unsupported cast type xs:int
prod-CastExpr	K2-SeqExprCast-35	https://github.com/w3c/qt3tests/blob/201a6e466940cdfc727f4babfedcde5332b9f578/prod/CastExpr.xml#L21010	Unsupported cast type xs:short
prod-CastExpr	K2-SeqExprCast-36	https://github.com/w3c/qt3tests/blob/201a6e466940cdfc727f4babfedcde5332b9f578/prod/CastExpr.xml#L21019	Unsupported cast type xs:short
prod-CastExpr	K2-SeqExprCast-37	https://github.com/w3c/qt3tests/blob/201a6e466940cdfc727f4babfedcde5332b9f578/prod/CastExpr.xml#L21028	Unsupported cast type xs:byte
prod-CastExpr	K2-SeqExprCast-38	https://github.com/w3c/qt3tests/blob/201a6e466940cdfc727f4babfedcde5332b9f578/prod/CastExpr.xml#L21037	Unsupported cast type xs:byte
prod-CastExpr	K2-SeqExprCast-39	https://github.com/w3c/qt3tests/blob/201a6e466940cdfc727f4babfedcde5332b9f578/prod/CastExpr.xml#L21046	Unsupported cast type xs:nonNegativeInteger
prod-CastExpr	K2-SeqExprCast-40	https://github.com/w3c/qt3tests/blob/201a6e466940cdfc727f4babfedcde5332b9f578/prod/CastExpr.xml#L21055	Unsupported cast type xs:nonNegativeInteger
prod-CastExpr	K2-SeqExprCast-41	https://github.com/w3c/qt3tests/blob/201a6e466940cdfc727f4babfedcde5332b9f578/prod/CastExpr.xml#L21064	Unsupported cast type xs:unsignedLong
prod-CastExpr	K2-SeqExprCast-42	https://github.com/w3c/qt3tests/blob/201a6e466940cdfc727f4babfedcde5332b9f578/prod/CastExpr.xml#L21073	Unsupported cast type xs:unsignedLong
prod-CastExpr	K2-SeqExprCast-43	https://github.com/w3c/qt3tests/blob/201a6e466940cdfc727f4babfedcde5332b9f578/prod/CastExpr.xml#L21082	Unsupported cast type xs:unsignedInt
prod-CastExpr	K2-SeqExprCast-44	https://github.com/w3c/qt3tests/blob/201a6e466940cdfc727f4babfedcde5332b9f578/prod/CastExpr.xml#L21091	Unsupported cast type xs:unsignedInt
prod-CastExpr	K2-SeqExprCast-45	https://github.com/w3c/qt3tests/blob/201a6e466940cdfc727f4babfedcde5332b9f578/prod/CastExpr.xml#L21100	Unsupported cast type xs:unsignedShort
prod-CastExpr	K2-SeqExprCast-46	https://github.com/w3c/qt3tests/blob/201a6e466940cdfc727f4babfedcde5332b9f578/prod/CastExpr.xml#L21109	Unsupported cast type xs:unsignedShort
prod-CastExpr	K2-SeqExprCast-47	https://github.com/w3c/qt3tests/blob/201a6e466940cdfc727f4babfedcde5332b9f578/prod/CastExpr.xml#L21118	Unsupported cast type xs:unsignedByte
prod-CastExpr	K2-SeqExprCast-48	https://github.com/w3c/qt3tests/blob/201a6e466940cdfc727f4babfedcde5332b9f578/prod/CastExpr.xml#L21127	Unsupported cast type xs:unsignedByte
prod-CastExpr	K2-SeqExprCast-49	https://github.com/w3c/qt3tests/blob/201a6e466940cdfc727f4babfedcde5332b9f578/prod/CastExpr.xml#L21136	Unsupported cast type xs:positiveInteger
prod-CastExpr	K2-SeqExprCast-50	https://github.com/w3c/qt3tests/blob/201a6e466940cdfc727f4babfedcde5332b9f578/prod/CastExpr.xml#L21145	Unsupported cast type xs:positiveInteger
prod-CastExpr	K2-SeqExprCast-51	https://github.com/w3c/qt3tests/blob/201a6e466940cdfc727f4babfedcde5332b9f578/prod/CastExpr.xml#L21154	Invalid value -0 for xs:negativeInteger
prod-CastExpr	K2-SeqExprCast-56	https://github.com/w3c/qt3tests/blob/201a6e466940cdfc727f4babfedcde5332b9f578/prod/CastExpr.xml#L21203	Invalid value -0 for xs:positiveInteger
prod-CastExpr	K2-SeqExprCast-57	https://github.com/w3c/qt3tests/blob/201a6e466940cdfc727f4babfedcde5332b9f578/prod/CastExpr.xml#L21212	Invalid value -1 for xs:positiveInteger
prod-CastExpr	K2-SeqExprCast-62	https://github.com/w3c/qt3tests/blob/201a6e466940cdfc727f4babfedcde5332b9f578/prod/CastExpr.xml#L21261	Invalid value +0 for xs:negativeInteger
prod-CastExpr	K2-SeqExprCast-63	https://github.com/w3c/qt3tests/blob/201a6e466940cdfc727f4babfedcde5332b9f578/prod/CastExpr.xml#L21270	Invalid value +1 for xs:nonPositiveInteger
prod-CastExpr	K2-SeqExprCast-71	https://github.com/w3c/qt3tests/blob/201a6e466940cdfc727f4babfedcde5332b9f578/prod/CastExpr.xml#L21342	Invalid value --0 for xs:nonNegativeInteger
prod-CastExpr	K2-SeqExprCast-72	https://github.com/w3c/qt3tests/blob/201a6e466940cdfc727f4babfedcde5332b9f578/prod/CastExpr.xml#L21351	Invalid value --1 for xs:negativeInteger
prod-CastExpr	K2-SeqExprCast-73	https://github.com/w3c/qt3tests/blob/201a6e466940cdfc727f4babfedcde5332b9f578/prod/CastExpr.xml#L21360	Invalid value --0 for xs:nonPositiveInteger
prod-CastExpr	K2-SeqExprCast-74	https://github.com/w3c/qt3tests/blob/201a6e466940cdfc727f4babfedcde5332b9f578/prod/CastExpr.xml#L21369	Invalid value --1 for xs:nonPositiveInteger
prod-CastExpr	K2-SeqExprCast-75	https://github.com/w3c/qt3tests/blob/201a6e466940cdfc727f4babfedcde5332b9f578/prod/CastExpr.xml#L21378	Invalid value ++1 for xs:positiveInteger
prod-CastExpr	K2-SeqExprCast-76	https://github.com/w3c/qt3tests/blob/201a6e466940cdfc727f4babfedcde5332b9f578/prod/CastExpr.xml#L21387	Invalid value ++1 for xs:nonNegativeInteger
prod-CastExpr	K2-SeqExprCast-77	https://github.com/w3c/qt3tests/blob/201a6e466940cdfc727f4babfedcde5332b9f578/prod/CastExpr.xml#L21396	Invalid value ++0 for xs:nonPositiveInteger
prod-CastExpr	K2-SeqExprCast-78	https://github.com/w3c/qt3tests/blob/201a6e466940cdfc727f4babfedcde5332b9f578/prod/CastExpr.xml#L21405	Invalid value -9223372036854775809 for xs:long
prod-CastExpr	K2-SeqExprCast-79	https://github.com/w3c/qt3tests/blob/201a6e466940cdfc727f4babfedcde5332b9f578/prod/CastExpr.xml#L21417	Invalid value -2147483649 for xs:int
prod-CastExpr	K2-SeqExprCast-80	https://github.com/w3c/qt3tests/blob/201a6e466940cdfc727f4babfedcde5332b9f578/prod/CastExpr.xml#L21426	Invalid value -32769 for xs:short
prod-CastExpr	K2-SeqExprCast-81	https://github.com/w3c/qt3tests/blob/201a6e466940cdfc727f4babfedcde5332b9f578/prod/CastExpr.xml#L21435	Invalid value -129 for xs:byte
prod-CastExpr	K2-SeqExprCast-82	https://github.com/w3c/qt3tests/blob/201a6e466940cdfc727f4babfedcde5332b9f578/prod/CastExpr.xml#L21444	Invalid value -1 for xs:nonNegativeInteger
prod-CastExpr	K2-SeqExprCast-83	https://github.com/w3c/qt3tests/blob/201a6e466940cdfc727f4babfedcde5332b9f578/prod/CastExpr.xml#L21453	Invalid value -1 for xs:unsignedLong
prod-CastExpr	K2-SeqExprCast-84	https://github.com/w3c/qt3tests/blob/201a6e466940cdfc727f4babfedcde5332b9f578/prod/CastExpr.xml#L21462	Invalid value -1 for xs:unsignedInt
prod-CastExpr	K2-SeqExprCast-85	https://github.com/w3c/qt3tests/blob/201a6e466940cdfc727f4babfedcde5332b9f578/prod/CastExpr.xml#L21471	Invalid value -1 for xs:unsignedShort
prod-CastExpr	K2-SeqExprCast-86	https://github.com/w3c/qt3tests/blob/201a6e466940cdfc727f4babfedcde5332b9f578/prod/CastExpr.xml#L21480	Invalid value -1 for xs:unsignedByte
prod-CastExpr	K2-SeqExprCast-87	https://github.com/w3c/qt3tests/blob/201a6e466940cdfc727f4babfedcde5332b9f578/prod/CastExpr.xml#L21489	Invalid value -1 for xs:positiveInteger
prod-CastExpr	K2-SeqExprCast-88	https://github.com/w3c/qt3tests/blob/201a6e466940cdfc727f4babfedcde5332b9f578/prod/CastExpr.xml#L21498	Invalid value 1 for xs:nonPositiveInteger
prod-CastExpr	K2-SeqExprCast-89	https://github.com/w3c/qt3tests/blob/201a6e466940cdfc727f4babfedcde5332b9f578/prod/CastExpr.xml#L21507	Invalid value 0 for xs:negativeInteger
prod-CastExpr	K2-SeqExprCast-90	https://github.com/w3c/qt3tests/blob/201a6e466940cdfc727f4babfedcde5332b9f578/prod/CastExpr.xml#L21516	Invalid value 9223372036854775808 for xs:long
prod-CastExpr	K2-SeqExprCast-91	https://github.com/w3c/qt3tests/blob/201a6e466940cdfc727f4babfedcde5332b9f578/prod/CastExpr.xml#L21528	Invalid value 2147483648 for xs:int
prod-CastExpr	K2-SeqExprCast-92	https://github.com/w3c/qt3tests/blob/201a6e466940cdfc727f4babfedcde5332b9f578/prod/CastExpr.xml#L21537	Invalid value 32768 for xs:short
prod-CastExpr	K2-SeqExprCast-93	https://github.com/w3c/qt3tests/blob/201a6e466940cdfc727f4babfedcde5332b9f578/prod/CastExpr.xml#L21546	Invalid value 128 for xs:byte
prod-CastExpr	K2-SeqExprCast-94	https://github.com/w3c/qt3tests/blob/201a6e466940cdfc727f4babfedcde5332b9f578/prod/CastExpr.xml#L21555	Invalid value  for xs:nonPositiveInteger
prod-CastExpr	K2-SeqExprCast-95	https://github.com/w3c/qt3tests/blob/201a6e466940cdfc727f4babfedcde5332b9f578/prod/CastExpr.xml#L21564	Invalid value  for xs:negativeInteger
prod-CastExpr	K2-SeqExprCast-96	https://github.com/w3c/qt3tests/blob/201a6e466940cdfc727f4babfedcde5332b9f578/prod/CastExpr.xml#L21573	Invalid value  for xs:long
prod-CastExpr	K2-SeqExprCast-97	https://github.com/w3c/qt3tests/blob/201a6e466940cdfc727f4babfedcde5332b9f578/prod/CastExpr.xml#L21582	Invalid value  for xs:int
prod-CastExpr	K2-SeqExprCast-98	https://github.com/w3c/qt3tests/blob/201a6e466940cdfc727f4babfedcde5332b9f578/prod/CastExpr.xml#L21591	Invalid value  for xs:short
prod-CastExpr	K2-SeqExprCast-99	https://github.com/w3c/qt3tests/blob/201a6e466940cdfc727f4babfedcde5332b9f578/prod/CastExpr.xml#L21600	Invalid value  for xs:byte
prod-CastExpr	K2-SeqExprCast-100	https://github.com/w3c/qt3tests/blob/201a6e466940cdfc727f4babfedcde5332b9f578/prod/CastExpr.xml#L21609	Invalid value  for xs:nonNegativeInteger
prod-CastExpr	K2-SeqExprCast-101	https://github.com/w3c/qt3tests/blob/201a6e466940cdfc727f4babfedcde5332b9f578/prod/CastExpr.xml#L21618	Invalid value  for xs:unsignedLong
prod-CastExpr	K2-SeqExprCast-102	https://github.com/w3c/qt3tests/blob/201a6e466940cdfc727f4babfedcde5332b9f578/prod/CastExpr.xml#L21627	Invalid value  for xs:unsignedInt
prod-CastExpr	K2-SeqExprCast-103	https://github.com/w3c/qt3tests/blob/201a6e466940cdfc727f4babfedcde5332b9f578/prod/CastExpr.xml#L21636	Invalid value  for xs:unsignedByte
prod-CastExpr	K2-SeqExprCast-104	https://github.com/w3c/qt3tests/blob/201a6e466940cdfc727f4babfedcde5332b9f578/prod/CastExpr.xml#L21645	Invalid value  for xs:unsignedShort
prod-CastExpr	K2-SeqExprCast-105	https://github.com/w3c/qt3tests/blob/201a6e466940cdfc727f4babfedcde5332b9f578/prod/CastExpr.xml#L21654	Invalid value  for xs:positiveInteger
prod-CastExpr	K2-SeqExprCast-106	https://github.com/w3c/qt3tests/blob/201a6e466940cdfc727f4babfedcde5332b9f578/prod/CastExpr.xml#L21663	Invalid value -3.0 for xs:nonPositiveInteger
prod-CastExpr	K2-SeqExprCast-107	https://github.com/w3c/qt3tests/blob/201a6e466940cdfc727f4babfedcde5332b9f578/prod/CastExpr.xml#L21672	Invalid value -3.0 for xs:negativeInteger
prod-CastExpr	K2-SeqExprCast-108	https://github.com/w3c/qt3tests/blob/201a6e466940cdfc727f4babfedcde5332b9f578/prod/CastExpr.xml#L21681	Invalid value 3.0 for xs:long
prod-CastExpr	K2-SeqExprCast-109	https://github.com/w3c/qt3tests/blob/201a6e466940cdfc727f4babfedcde5332b9f578/prod/CastExpr.xml#L21690	Invalid value 3.0 for xs:int
prod-CastExpr	K2-SeqExprCast-110	https://github.com/w3c/qt3tests/blob/201a6e466940cdfc727f4babfedcde5332b9f578/prod/CastExpr.xml#L21699	Invalid value 3.0 for xs:short
prod-CastExpr	K2-SeqExprCast-111	https://github.com/w3c/qt3tests/blob/201a6e466940cdfc727f4babfedcde5332b9f578/prod/CastExpr.xml#L21708	Invalid value 3.0 for xs:byte
prod-CastExpr	K2-SeqExprCast-112	https://github.com/w3c/qt3tests/blob/201a6e466940cdfc727f4babfedcde5332b9f578/prod/CastExpr.xml#L21717	Invalid value 3.0 for xs:nonNegativeInteger
prod-CastExpr	K2-SeqExprCast-113	https://github.com/w3c/qt3tests/blob/201a6e466940cdfc727f4babfedcde5332b9f578/prod/CastExpr.xml#L21726	Invalid value 3.0 for xs:unsignedLong
prod-CastExpr	K2-SeqExprCast-114	https://github.com/w3c/qt3tests/blob/201a6e466940cdfc727f4babfedcde5332b9f578/prod/CastExpr.xml#L21735	Invalid value 3.0 for xs:unsignedInt
prod-CastExpr	K2-SeqExprCast-115	https://github.com/w3c/qt3tests/blob/201a6e466940cdfc727f4babfedcde5332b9f578/prod/CastExpr.xml#L21744	Invalid value 3.0 for xs:unsignedByte
prod-CastExpr	K2-SeqExprCast-116	https://github.com/w3c/qt3tests/blob/201a6e466940cdfc727f4babfedcde5332b9f578/prod/CastExpr.xml#L21753	Invalid value 3.0 for xs:unsignedShort
prod-CastExpr	K2-SeqExprCast-117	https://github.com/w3c/qt3tests/blob/201a6e466940cdfc727f4babfedcde5332b9f578/prod/CastExpr.xml#L21762	Invalid value 3.0 for xs:positiveInteger
prod-CastExpr	K2-SeqExprCast-118	https://github.com/w3c/qt3tests/blob/201a6e466940cdfc727f4babfedcde5332b9f578/prod/CastExpr.xml#L21771	Invalid value - 0 for xs:nonPositiveInteger
prod-CastExpr	K2-SeqExprCast-119	https://github.com/w3c/qt3tests/blob/201a6e466940cdfc727f4babfedcde5332b9f578/prod/CastExpr.xml#L21780	Invalid value + 0 for xs:nonPositiveInteger
prod-CastExpr	K2-SeqExprCast-120	https://github.com/w3c/qt3tests/blob/201a6e466940cdfc727f4babfedcde5332b9f578/prod/CastExpr.xml#L21789	Invalid value - 3 for xs:negativeInteger
prod-CastExpr	K2-SeqExprCast-121	https://github.com/w3c/qt3tests/blob/201a6e466940cdfc727f4babfedcde5332b9f578/prod/CastExpr.xml#L21798	Invalid value + 5 for xs:long
prod-CastExpr	K2-SeqExprCast-122	https://github.com/w3c/qt3tests/blob/201a6e466940cdfc727f4babfedcde5332b9f578/prod/CastExpr.xml#L21807	Invalid value + 5 for xs:int
prod-CastExpr	K2-SeqExprCast-123	https://github.com/w3c/qt3tests/blob/201a6e466940cdfc727f4babfedcde5332b9f578/prod/CastExpr.xml#L21816	Invalid value + 5 for xs:short
prod-CastExpr	K2-SeqExprCast-124	https://github.com/w3c/qt3tests/blob/201a6e466940cdfc727f4babfedcde5332b9f578/prod/CastExpr.xml#L21825	Invalid value + 5 for xs:byte
prod-CastExpr	K2-SeqExprCast-125	https://github.com/w3c/qt3tests/blob/201a6e466940cdfc727f4babfedcde5332b9f578/prod/CastExpr.xml#L21834	Invalid value - 5 for xs:long
prod-CastExpr	K2-SeqExprCast-126	https://github.com/w3c/qt3tests/blob/201a6e466940cdfc727f4babfedcde5332b9f578/prod/CastExpr.xml#L21843	Invalid value - 5 for xs:int
prod-CastExpr	K2-SeqExprCast-127	https://github.com/w3c/qt3tests/blob/201a6e466940cdfc727f4babfedcde5332b9f578/prod/CastExpr.xml#L21852	Invalid value - 5 for xs:short
prod-CastExpr	K2-SeqExprCast-128	https://github.com/w3c/qt3tests/blob/201a6e466940cdfc727f4babfedcde5332b9f578/prod/CastExpr.xml#L21861	Invalid value - 5 for xs:byte
prod-CastExpr	K2-SeqExprCast-129	https://github.com/w3c/qt3tests/blob/201a6e466940cdfc727f4babfedcde5332b9f578/prod/CastExpr.xml#L21870	Invalid value + 0 for xs:nonNegativeInteger
prod-CastExpr	K2-SeqExprCast-130	https://github.com/w3c/qt3tests/blob/201a6e466940cdfc727f4babfedcde5332b9f578/prod/CastExpr.xml#L21879	Invalid value - 0 for xs:nonNegativeInteger
prod-CastExpr	K2-SeqExprCast-131	https://github.com/w3c/qt3tests/blob/201a6e466940cdfc727f4babfedcde5332b9f578/prod/CastExpr.xml#L21888	Invalid value + 3 for xs:positiveInteger
prod-CastExpr	K2-SeqExprCast-145	https://github.com/w3c/qt3tests/blob/201a6e466940cdfc727f4babfedcde5332b9f578/prod/CastExpr.xml#L22014	Invalid value 0x0 for xs:nonPositiveInteger
prod-CastExpr	K2-SeqExprCast-146	https://github.com/w3c/qt3tests/blob/201a6e466940cdfc727f4babfedcde5332b9f578/prod/CastExpr.xml#L22023	Invalid value -0x1 for xs:negativeInteger
prod-CastExpr	K2-SeqExprCast-147	https://github.com/w3c/qt3tests/blob/201a6e466940cdfc727f4babfedcde5332b9f578/prod/CastExpr.xml#L22032	Invalid value 0x9223372036854775807 for xs:long
prod-CastExpr	K2-SeqExprCast-148	https://github.com/w3c/qt3tests/blob/201a6e466940cdfc727f4babfedcde5332b9f578/prod/CastExpr.xml#L22041	Invalid value 0x2147483647 for xs:int
prod-CastExpr	K2-SeqExprCast-149	https://github.com/w3c/qt3tests/blob/201a6e466940cdfc727f4babfedcde5332b9f578/prod/CastExpr.xml#L22050	Invalid value -0x32768 for xs:short
prod-CastExpr	K2-SeqExprCast-150	https://github.com/w3c/qt3tests/blob/201a6e466940cdfc727f4babfedcde5332b9f578/prod/CastExpr.xml#L22059	Invalid value -0x128 for xs:byte
prod-CastExpr	K2-SeqExprCast-151	https://github.com/w3c/qt3tests/blob/201a6e466940cdfc727f4babfedcde5332b9f578/prod/CastExpr.xml#L22068	Invalid value 0x0 for xs:nonNegativeInteger
prod-CastExpr	K2-SeqExprCast-152	https://github.com/w3c/qt3tests/blob/201a6e466940cdfc727f4babfedcde5332b9f578/prod/CastExpr.xml#L22077	Invalid value 0x0 for xs:unsignedLong
prod-CastExpr	K2-SeqExprCast-153	https://github.com/w3c/qt3tests/blob/201a6e466940cdfc727f4babfedcde5332b9f578/prod/CastExpr.xml#L22086	Invalid value 0x0 for xs:unsignedInt
prod-CastExpr	K2-SeqExprCast-154	https://github.com/w3c/qt3tests/blob/201a6e466940cdfc727f4babfedcde5332b9f578/prod/CastExpr.xml#L22095	Invalid value 0x0 for xs:unsignedByte
prod-CastExpr	K2-SeqExprCast-155	https://github.com/w3c/qt3tests/blob/201a6e466940cdfc727f4babfedcde5332b9f578/prod/CastExpr.xml#L22104	Invalid value 0x0 for xs:unsignedShort
prod-CastExpr	K2-SeqExprCast-156	https://github.com/w3c/qt3tests/blob/201a6e466940cdfc727f4babfedcde5332b9f578/prod/CastExpr.xml#L22113	Invalid value 0x1 for xs:positiveInteger
prod-CastExpr	K2-SeqExprCast-157	https://github.com/w3c/qt3tests/blob/201a6e466940cdfc727f4babfedcde5332b9f578/prod/CastExpr.xml#L22122	Unsupported cast type xs:language
prod-CastExpr	K2-SeqExprCast-158	https://github.com/w3c/qt3tests/blob/201a6e466940cdfc727f4babfedcde5332b9f578/prod/CastExpr.xml#L22131	Unsupported cast type xs:language
prod-CastExpr	K2-SeqExprCast-159	https://github.com/w3c/qt3tests/blob/201a6e466940cdfc727f4babfedcde5332b9f578/prod/CastExpr.xml#L22140	Unsupported cast type xs:language
prod-CastExpr	K2-SeqExprCast-160	https://github.com/w3c/qt3tests/blob/201a6e466940cdfc727f4babfedcde5332b9f578/prod/CastExpr.xml#L22149	Unsupported cast type xs:language
prod-CastExpr	K2-SeqExprCast-161	https://github.com/w3c/qt3tests/blob/201a6e466940cdfc727f4babfedcde5332b9f578/prod/CastExpr.xml#L22158	Unsupported cast type xs:language
prod-CastExpr	K2-SeqExprCast-162	https://github.com/w3c/qt3tests/blob/201a6e466940cdfc727f4babfedcde5332b9f578/prod/CastExpr.xml#L22167	Unsupported cast type xs:language
prod-CastExpr	K2-SeqExprCast-163	https://github.com/w3c/qt3tests/blob/201a6e466940cdfc727f4babfedcde5332b9f578/prod/CastExpr.xml#L22176	Unsupported cast type xs:language
prod-CastExpr	K2-SeqExprCast-164	https://github.com/w3c/qt3tests/blob/201a6e466940cdfc727f4babfedcde5332b9f578/prod/CastExpr.xml#L22185	Unsupported cast type xs:language
prod-CastExpr	K2-SeqExprCast-165	https://github.com/w3c/qt3tests/blob/201a6e466940cdfc727f4babfedcde5332b9f578/prod/CastExpr.xml#L22194	Unsupported cast type xs:language
prod-CastExpr	K2-SeqExprCast-166	https://github.com/w3c/qt3tests/blob/201a6e466940cdfc727f4babfedcde5332b9f578/prod/CastExpr.xml#L22203	Unsupported cast type xs:language
prod-CastExpr	K2-SeqExprCast-167	https://github.com/w3c/qt3tests/blob/201a6e466940cdfc727f4babfedcde5332b9f578/prod/CastExpr.xml#L22212	Unsupported cast type xs:language
prod-CastExpr	K2-SeqExprCast-168	https://github.com/w3c/qt3tests/blob/201a6e466940cdfc727f4babfedcde5332b9f578/prod/CastExpr.xml#L22221	Unsupported cast type xs:language
prod-CastExpr	K2-SeqExprCast-169	https://github.com/w3c/qt3tests/blob/201a6e466940cdfc727f4babfedcde5332b9f578/prod/CastExpr.xml#L22230	Unsupported cast type xs:language
prod-CastExpr	K2-SeqExprCast-170	https://github.com/w3c/qt3tests/blob/201a6e466940cdfc727f4babfedcde5332b9f578/prod/CastExpr.xml#L22239	Unsupported cast type xs:language
prod-CastExpr	K2-SeqExprCast-171	https://github.com/w3c/qt3tests/blob/201a6e466940cdfc727f4babfedcde5332b9f578/prod/CastExpr.xml#L22248	Unsupported cast type xs:language
prod-CastExpr	K2-SeqExprCast-172	https://github.com/w3c/qt3tests/blob/201a6e466940cdfc727f4babfedcde5332b9f578/prod/CastExpr.xml#L22257	Unsupported cast type xs:language
prod-CastExpr	K2-SeqExprCast-173	https://github.com/w3c/qt3tests/blob/201a6e466940cdfc727f4babfedcde5332b9f578/prod/CastExpr.xml#L22266	Unsupported cast type xs:language
prod-CastExpr	K2-SeqExprCast-174	https://github.com/w3c/qt3tests/blob/201a6e466940cdfc727f4babfedcde5332b9f578/prod/CastExpr.xml#L22275	Unsupported cast type xs:language
prod-CastExpr	K2-SeqExprCast-175	https://github.com/w3c/qt3tests/blob/201a6e466940cdfc727f4babfedcde5332b9f578/prod/CastExpr.xml#L22284	Unsupported cast type xs:language
prod-CastExpr	K2-SeqExprCast-176	https://github.com/w3c/qt3tests/blob/201a6e466940cdfc727f4babfedcde5332b9f578/prod/CastExpr.xml#L22293	Unsupported cast type xs:language
prod-CastExpr	K2-SeqExprCast-177	https://github.com/w3c/qt3tests/blob/201a6e466940cdfc727f4babfedcde5332b9f578/prod/CastExpr.xml#L22302	Unsupported function fn:current-date#0
prod-CastExpr	K2-SeqExprCast-178	https://github.com/w3c/qt3tests/blob/201a6e466940cdfc727f4babfedcde5332b9f578/prod/CastExpr.xml#L22311	Unsupported function fn:current-time#0
prod-CastExpr	K2-SeqExprCast-179	https://github.com/w3c/qt3tests/blob/201a6e466940cdfc727f4babfedcde5332b9f578/prod/CastExpr.xml#L22320	Unsupported function fn:current-dateTime#0
prod-CastExpr	K2-SeqExprCast-180	https://github.com/w3c/qt3tests/blob/201a6e466940cdfc727f4babfedcde5332b9f578/prod/CastExpr.xml#L22329	Unsupported cast type xs:name
prod-CastExpr	K2-SeqExprCast-181	https://github.com/w3c/qt3tests/blob/201a6e466940cdfc727f4babfedcde5332b9f578/prod/CastExpr.xml#L22338	Unsupported cast type xs:Name
prod-CastExpr	K2-SeqExprCast-182	https://github.com/w3c/qt3tests/blob/201a6e466940cdfc727f4babfedcde5332b9f578/prod/CastExpr.xml#L22347	Unsupported cast type xs:Name
prod-CastExpr	K2-SeqExprCast-183	https://github.com/w3c/qt3tests/blob/201a6e466940cdfc727f4babfedcde5332b9f578/prod/CastExpr.xml#L22356	Unsupported cast type xs:Name
prod-CastExpr	K2-SeqExprCast-184	https://github.com/w3c/qt3tests/blob/201a6e466940cdfc727f4babfedcde5332b9f578/prod/CastExpr.xml#L22365	Unsupported cast type xs:Name
prod-CastExpr	K2-SeqExprCast-185	https://github.com/w3c/qt3tests/blob/201a6e466940cdfc727f4babfedcde5332b9f578/prod/CastExpr.xml#L22374	Unsupported cast type xs:Name
prod-CastExpr	K2-SeqExprCast-186	https://github.com/w3c/qt3tests/blob/201a6e466940cdfc727f4babfedcde5332b9f578/prod/CastExpr.xml#L22383	Unsupported cast type xs:Name
prod-CastExpr	K2-SeqExprCast-187	https://github.com/w3c/qt3tests/blob/201a6e466940cdfc727f4babfedcde5332b9f578/prod/CastExpr.xml#L22392	Unsupported cast type xs:Name
prod-CastExpr	K2-SeqExprCast-188	https://github.com/w3c/qt3tests/blob/201a6e466940cdfc727f4babfedcde5332b9f578/prod/CastExpr.xml#L22401	Unsupported cast type xs:Name
prod-CastExpr	K2-SeqExprCast-189	https://github.com/w3c/qt3tests/blob/201a6e466940cdfc727f4babfedcde5332b9f578/prod/CastExpr.xml#L22410	Unsupported cast type xs:Name
prod-CastExpr	K2-SeqExprCast-190	https://github.com/w3c/qt3tests/blob/201a6e466940cdfc727f4babfedcde5332b9f578/prod/CastExpr.xml#L22419	Unsupported cast type xs:Name
prod-CastExpr	K2-SeqExprCast-191	https://github.com/w3c/qt3tests/blob/201a6e466940cdfc727f4babfedcde5332b9f578/prod/CastExpr.xml#L22428	Unsupported cast type xs:Name
prod-CastExpr	K2-SeqExprCast-192	https://github.com/w3c/qt3tests/blob/201a6e466940cdfc727f4babfedcde5332b9f578/prod/CastExpr.xml#L22437	Unsupported cast type xs:normalizedString
prod-CastExpr	K2-SeqExprCast-193	https://github.com/w3c/qt3tests/blob/201a6e466940cdfc727f4babfedcde5332b9f578/prod/CastExpr.xml#L22446	Unsupported cast type xs:token
prod-CastExpr	K2-SeqExprCast-194	https://github.com/w3c/qt3tests/blob/201a6e466940cdfc727f4babfedcde5332b9f578/prod/CastExpr.xml#L22455	Unsupported cast type xs:language
prod-CastExpr	K2-SeqExprCast-195	https://github.com/w3c/qt3tests/blob/201a6e466940cdfc727f4babfedcde5332b9f578/prod/CastExpr.xml#L22464	Unsupported cast type xs:NMTOKEN
prod-CastExpr	K2-SeqExprCast-196	https://github.com/w3c/qt3tests/blob/201a6e466940cdfc727f4babfedcde5332b9f578/prod/CastExpr.xml#L22473	Unsupported cast type xs:Name
prod-CastExpr	K2-SeqExprCast-197	https://github.com/w3c/qt3tests/blob/201a6e466940cdfc727f4babfedcde5332b9f578/prod/CastExpr.xml#L22482	Unsupported cast type xs:NCName
prod-CastExpr	K2-SeqExprCast-198	https://github.com/w3c/qt3tests/blob/201a6e466940cdfc727f4babfedcde5332b9f578/prod/CastExpr.xml#L22491	Unsupported cast type xs:ID
prod-CastExpr	K2-SeqExprCast-199	https://github.com/w3c/qt3tests/blob/201a6e466940cdfc727f4babfedcde5332b9f578/prod/CastExpr.xml#L22500	Unsupported cast type xs:IDREF
prod-CastExpr	K2-SeqExprCast-200	https://github.com/w3c/qt3tests/blob/201a6e466940cdfc727f4babfedcde5332b9f578/prod/CastExpr.xml#L22509	Unsupported cast type xs:ENTITY
prod-CastExpr	K2-SeqExprCast-201	https://github.com/w3c/qt3tests/blob/201a6e466940cdfc727f4babfedcde5332b9f578/prod/CastExpr.xml#L22518	Unsupported environment with namespace
prod-CastExpr	K2-SeqExprCast-202	https://github.com/w3c/qt3tests/blob/201a6e466940cdfc727f4babfedcde5332b9f578/prod/CastExpr.xml#L22530	Unsupported cast type xs:NMTOKEN
prod-CastExpr	K2-SeqExprCast-203	https://github.com/w3c/qt3tests/blob/201a6e466940cdfc727f4babfedcde5332b9f578/prod/CastExpr.xml#L22539	Unsupported cast type xs:NMTOKEN
prod-CastExpr	K2-SeqExprCast-204	https://github.com/w3c/qt3tests/blob/201a6e466940cdfc727f4babfedcde5332b9f578/prod/CastExpr.xml#L22548	Unsupported cast type xs:NMTOKEN
prod-CastExpr	K2-SeqExprCast-205	https://github.com/w3c/qt3tests/blob/201a6e466940cdfc727f4babfedcde5332b9f578/prod/CastExpr.xml#L22557	Unsupported cast type xs:NMTOKEN
prod-CastExpr	K2-SeqExprCast-206	https://github.com/w3c/qt3tests/blob/201a6e466940cdfc727f4babfedcde5332b9f578/prod/CastExpr.xml#L22566	Unsupported cast type xs:NMTOKEN
prod-CastExpr	K2-SeqExprCast-207	https://github.com/w3c/qt3tests/blob/201a6e466940cdfc727f4babfedcde5332b9f578/prod/CastExpr.xml#L22575	Unsupported cast type xs:anyURI
prod-CastExpr	K2-SeqExprCast-208	https://github.com/w3c/qt3tests/blob/201a6e466940cdfc727f4babfedcde5332b9f578/prod/CastExpr.xml#L22589	Unsupported cast type xs:anyURI
prod-CastExpr	K2-SeqExprCast-209	https://github.com/w3c/qt3tests/blob/201a6e466940cdfc727f4babfedcde5332b9f578/prod/CastExpr.xml#L22598	Unsupported cast type xs:anyURI
prod-CastExpr	K2-SeqExprCast-210	https://github.com/w3c/qt3tests/blob/201a6e466940cdfc727f4babfedcde5332b9f578/prod/CastExpr.xml#L22607	Unsupported dependencies xsd-version 1.0
prod-CastExpr	K2-SeqExprCast-211	https://github.com/w3c/qt3tests/blob/201a6e466940cdfc727f4babfedcde5332b9f578/prod/CastExpr.xml#L22619	Unsupported cast type xs:anyAtomic
prod-CastExpr	K2-SeqExprCast-212	https://github.com/w3c/qt3tests/blob/201a6e466940cdfc727f4babfedcde5332b9f578/prod/CastExpr.xml#L22628	Unsupported cast type xs:anyAtomic
prod-CastExpr	K2-SeqExprCast-231	https://github.com/w3c/qt3tests/blob/201a6e466940cdfc727f4babfedcde5332b9f578/prod/CastExpr.xml#L22799	Unsupported dependencies xsd-version 1.0
prod-CastExpr	K2-SeqExprCast-232	https://github.com/w3c/qt3tests/blob/201a6e466940cdfc727f4babfedcde5332b9f578/prod/CastExpr.xml#L22823	Unsupported dependencies xsd-version 1.0
prod-CastExpr	K2-SeqExprCast-254	https://github.com/w3c/qt3tests/blob/201a6e466940cdfc727f4babfedcde5332b9f578/prod/CastExpr.xml#L23036	Unsupported cast type xs:byte
prod-CastExpr	K2-SeqExprCast-255	https://github.com/w3c/qt3tests/blob/201a6e466940cdfc727f4babfedcde5332b9f578/prod/CastExpr.xml#L23045	Unsupported cast type xs:byte
prod-CastExpr	K2-SeqExprCast-256	https://github.com/w3c/qt3tests/blob/201a6e466940cdfc727f4babfedcde5332b9f578/prod/CastExpr.xml#L23054	Unsupported cast type xs:byte
prod-CastExpr	K2-SeqExprCast-257	https://github.com/w3c/qt3tests/blob/201a6e466940cdfc727f4babfedcde5332b9f578/prod/CastExpr.xml#L23063	Unsupported cast type xs:byte
prod-CastExpr	K2-SeqExprCast-258	https://github.com/w3c/qt3tests/blob/201a6e466940cdfc727f4babfedcde5332b9f578/prod/CastExpr.xml#L23072	Unsupported cast type xs:byte
prod-CastExpr	K2-SeqExprCast-259	https://github.com/w3c/qt3tests/blob/201a6e466940cdfc727f4babfedcde5332b9f578/prod/CastExpr.xml#L23081	Unsupported cast type xs:byte
prod-CastExpr	K2-SeqExprCast-260	https://github.com/w3c/qt3tests/blob/201a6e466940cdfc727f4babfedcde5332b9f578/prod/CastExpr.xml#L23090	Unsupported cast type xs:nonPositiveInteger
prod-CastExpr	K2-SeqExprCast-261	https://github.com/w3c/qt3tests/blob/201a6e466940cdfc727f4babfedcde5332b9f578/prod/CastExpr.xml#L23099	Unsupported cast type xs:nonPositiveInteger
prod-CastExpr	K2-SeqExprCast-262	https://github.com/w3c/qt3tests/blob/201a6e466940cdfc727f4babfedcde5332b9f578/prod/CastExpr.xml#L23108	Unsupported cast type xs:nonPositiveInteger
prod-CastExpr	K2-SeqExprCast-263	https://github.com/w3c/qt3tests/blob/201a6e466940cdfc727f4babfedcde5332b9f578/prod/CastExpr.xml#L23117	Unsupported cast type xs:nonPositiveInteger
prod-CastExpr	K2-SeqExprCast-264	https://github.com/w3c/qt3tests/blob/201a6e466940cdfc727f4babfedcde5332b9f578/prod/CastExpr.xml#L23126	Unsupported cast type xs:nonPositiveInteger
prod-CastExpr	K2-SeqExprCast-265	https://github.com/w3c/qt3tests/blob/201a6e466940cdfc727f4babfedcde5332b9f578/prod/CastExpr.xml#L23135	Unsupported cast type xs:nonPositiveInteger
prod-CastExpr	K2-SeqExprCast-266	https://github.com/w3c/qt3tests/blob/201a6e466940cdfc727f4babfedcde5332b9f578/prod/CastExpr.xml#L23144	Unsupported cast type xs:negativeInteger
prod-CastExpr	K2-SeqExprCast-267	https://github.com/w3c/qt3tests/blob/201a6e466940cdfc727f4babfedcde5332b9f578/prod/CastExpr.xml#L23153	Unsupported cast type xs:negativeInteger
prod-CastExpr	K2-SeqExprCast-268	https://github.com/w3c/qt3tests/blob/201a6e466940cdfc727f4babfedcde5332b9f578/prod/CastExpr.xml#L23162	Unsupported cast type xs:negativeInteger
prod-CastExpr	K2-SeqExprCast-269	https://github.com/w3c/qt3tests/blob/201a6e466940cdfc727f4babfedcde5332b9f578/prod/CastExpr.xml#L23171	Unsupported cast type xs:negativeInteger
prod-CastExpr	K2-SeqExprCast-270	https://github.com/w3c/qt3tests/blob/201a6e466940cdfc727f4babfedcde5332b9f578/prod/CastExpr.xml#L23180	Unsupported cast type xs:negativeInteger
prod-CastExpr	K2-SeqExprCast-271	https://github.com/w3c/qt3tests/blob/201a6e466940cdfc727f4babfedcde5332b9f578/prod/CastExpr.xml#L23189	Unsupported cast type xs:negativeInteger
prod-CastExpr	K2-SeqExprCast-272	https://github.com/w3c/qt3tests/blob/201a6e466940cdfc727f4babfedcde5332b9f578/prod/CastExpr.xml#L23198	Unsupported cast type xs:long
prod-CastExpr	K2-SeqExprCast-273	https://github.com/w3c/qt3tests/blob/201a6e466940cdfc727f4babfedcde5332b9f578/prod/CastExpr.xml#L23207	Unsupported cast type xs:long
prod-CastExpr	K2-SeqExprCast-274	https://github.com/w3c/qt3tests/blob/201a6e466940cdfc727f4babfedcde5332b9f578/prod/CastExpr.xml#L23216	Unsupported cast type xs:long
prod-CastExpr	K2-SeqExprCast-275	https://github.com/w3c/qt3tests/blob/201a6e466940cdfc727f4babfedcde5332b9f578/prod/CastExpr.xml#L23225	Unsupported cast type xs:long
prod-CastExpr	K2-SeqExprCast-276	https://github.com/w3c/qt3tests/blob/201a6e466940cdfc727f4babfedcde5332b9f578/prod/CastExpr.xml#L23234	Unsupported cast type xs:long
prod-CastExpr	K2-SeqExprCast-277	https://github.com/w3c/qt3tests/blob/201a6e466940cdfc727f4babfedcde5332b9f578/prod/CastExpr.xml#L23243	Unsupported cast type xs:long
prod-CastExpr	K2-SeqExprCast-278	https://github.com/w3c/qt3tests/blob/201a6e466940cdfc727f4babfedcde5332b9f578/prod/CastExpr.xml#L23252	Unsupported cast type xs:int
prod-CastExpr	K2-SeqExprCast-279	https://github.com/w3c/qt3tests/blob/201a6e466940cdfc727f4babfedcde5332b9f578/prod/CastExpr.xml#L23261	Unsupported cast type xs:int
prod-CastExpr	K2-SeqExprCast-280	https://github.com/w3c/qt3tests/blob/201a6e466940cdfc727f4babfedcde5332b9f578/prod/CastExpr.xml#L23270	Unsupported cast type xs:int
prod-CastExpr	K2-SeqExprCast-281	https://github.com/w3c/qt3tests/blob/201a6e466940cdfc727f4babfedcde5332b9f578/prod/CastExpr.xml#L23279	Unsupported cast type xs:int
prod-CastExpr	K2-SeqExprCast-282	https://github.com/w3c/qt3tests/blob/201a6e466940cdfc727f4babfedcde5332b9f578/prod/CastExpr.xml#L23288	Unsupported cast type xs:int
prod-CastExpr	K2-SeqExprCast-283	https://github.com/w3c/qt3tests/blob/201a6e466940cdfc727f4babfedcde5332b9f578/prod/CastExpr.xml#L23297	Unsupported cast type xs:int
prod-CastExpr	K2-SeqExprCast-284	https://github.com/w3c/qt3tests/blob/201a6e466940cdfc727f4babfedcde5332b9f578/prod/CastExpr.xml#L23306	Unsupported cast type xs:short
prod-CastExpr	K2-SeqExprCast-285	https://github.com/w3c/qt3tests/blob/201a6e466940cdfc727f4babfedcde5332b9f578/prod/CastExpr.xml#L23315	Unsupported cast type xs:short
prod-CastExpr	K2-SeqExprCast-286	https://github.com/w3c/qt3tests/blob/201a6e466940cdfc727f4babfedcde5332b9f578/prod/CastExpr.xml#L23324	Unsupported cast type xs:short
prod-CastExpr	K2-SeqExprCast-287	https://github.com/w3c/qt3tests/blob/201a6e466940cdfc727f4babfedcde5332b9f578/prod/CastExpr.xml#L23333	Unsupported cast type xs:short
prod-CastExpr	K2-SeqExprCast-288	https://github.com/w3c/qt3tests/blob/201a6e466940cdfc727f4babfedcde5332b9f578/prod/CastExpr.xml#L23342	Unsupported cast type xs:short
prod-CastExpr	K2-SeqExprCast-289	https://github.com/w3c/qt3tests/blob/201a6e466940cdfc727f4babfedcde5332b9f578/prod/CastExpr.xml#L23351	Unsupported cast type xs:short
prod-CastExpr	K2-SeqExprCast-290	https://github.com/w3c/qt3tests/blob/201a6e466940cdfc727f4babfedcde5332b9f578/prod/CastExpr.xml#L23360	Unsupported cast type xs:byte
prod-CastExpr	K2-SeqExprCast-291	https://github.com/w3c/qt3tests/blob/201a6e466940cdfc727f4babfedcde5332b9f578/prod/CastExpr.xml#L23369	Unsupported cast type xs:byte
prod-CastExpr	K2-SeqExprCast-292	https://github.com/w3c/qt3tests/blob/201a6e466940cdfc727f4babfedcde5332b9f578/prod/CastExpr.xml#L23378	Unsupported cast type xs:byte
prod-CastExpr	K2-SeqExprCast-293	https://github.com/w3c/qt3tests/blob/201a6e466940cdfc727f4babfedcde5332b9f578/prod/CastExpr.xml#L23387	Unsupported cast type xs:byte
prod-CastExpr	K2-SeqExprCast-294	https://github.com/w3c/qt3tests/blob/201a6e466940cdfc727f4babfedcde5332b9f578/prod/CastExpr.xml#L23396	Unsupported cast type xs:byte
prod-CastExpr	K2-SeqExprCast-295	https://github.com/w3c/qt3tests/blob/201a6e466940cdfc727f4babfedcde5332b9f578/prod/CastExpr.xml#L23405	Unsupported cast type xs:byte
prod-CastExpr	K2-SeqExprCast-296	https://github.com/w3c/qt3tests/blob/201a6e466940cdfc727f4babfedcde5332b9f578/prod/CastExpr.xml#L23414	Unsupported cast type xs:nonNegativeInteger
prod-CastExpr	K2-SeqExprCast-297	https://github.com/w3c/qt3tests/blob/201a6e466940cdfc727f4babfedcde5332b9f578/prod/CastExpr.xml#L23423	Unsupported cast type xs:nonNegativeInteger
prod-CastExpr	K2-SeqExprCast-298	https://github.com/w3c/qt3tests/blob/201a6e466940cdfc727f4babfedcde5332b9f578/prod/CastExpr.xml#L23432	Unsupported cast type xs:nonNegativeInteger
prod-CastExpr	K2-SeqExprCast-299	https://github.com/w3c/qt3tests/blob/201a6e466940cdfc727f4babfedcde5332b9f578/prod/CastExpr.xml#L23441	Unsupported cast type xs:nonNegativeInteger
prod-CastExpr	K2-SeqExprCast-300	https://github.com/w3c/qt3tests/blob/201a6e466940cdfc727f4babfedcde5332b9f578/prod/CastExpr.xml#L23453	Unsupported cast type xs:nonNegativeInteger
prod-CastExpr	K2-SeqExprCast-301	https://github.com/w3c/qt3tests/blob/201a6e466940cdfc727f4babfedcde5332b9f578/prod/CastExpr.xml#L23462	Unsupported cast type xs:nonNegativeInteger
prod-CastExpr	K2-SeqExprCast-302	https://github.com/w3c/qt3tests/blob/201a6e466940cdfc727f4babfedcde5332b9f578/prod/CastExpr.xml#L23471	Unsupported cast type xs:unsignedLong
prod-CastExpr	K2-SeqExprCast-303	https://github.com/w3c/qt3tests/blob/201a6e466940cdfc727f4babfedcde5332b9f578/prod/CastExpr.xml#L23480	Unsupported cast type xs:unsignedLong
prod-CastExpr	K2-SeqExprCast-304	https://github.com/w3c/qt3tests/blob/201a6e466940cdfc727f4babfedcde5332b9f578/prod/CastExpr.xml#L23489	Unsupported cast type xs:unsignedLong
prod-CastExpr	K2-SeqExprCast-305	https://github.com/w3c/qt3tests/blob/201a6e466940cdfc727f4babfedcde5332b9f578/prod/CastExpr.xml#L23498	Unsupported cast type xs:unsignedLong
prod-CastExpr	K2-SeqExprCast-306	https://github.com/w3c/qt3tests/blob/201a6e466940cdfc727f4babfedcde5332b9f578/prod/CastExpr.xml#L23507	Unsupported cast type xs:unsignedLong
prod-CastExpr	K2-SeqExprCast-307	https://github.com/w3c/qt3tests/blob/201a6e466940cdfc727f4babfedcde5332b9f578/prod/CastExpr.xml#L23516	Unsupported cast type xs:unsignedLong
prod-CastExpr	K2-SeqExprCast-308	https://github.com/w3c/qt3tests/blob/201a6e466940cdfc727f4babfedcde5332b9f578/prod/CastExpr.xml#L23525	Unsupported cast type xs:unsignedInt
prod-CastExpr	K2-SeqExprCast-309	https://github.com/w3c/qt3tests/blob/201a6e466940cdfc727f4babfedcde5332b9f578/prod/CastExpr.xml#L23534	Unsupported cast type xs:unsignedInt
prod-CastExpr	K2-SeqExprCast-310	https://github.com/w3c/qt3tests/blob/201a6e466940cdfc727f4babfedcde5332b9f578/prod/CastExpr.xml#L23543	Unsupported cast type xs:unsignedInt
prod-CastExpr	K2-SeqExprCast-311	https://github.com/w3c/qt3tests/blob/201a6e466940cdfc727f4babfedcde5332b9f578/prod/CastExpr.xml#L23552	Unsupported cast type xs:unsignedInt
prod-CastExpr	K2-SeqExprCast-312	https://github.com/w3c/qt3tests/blob/201a6e466940cdfc727f4babfedcde5332b9f578/prod/CastExpr.xml#L23561	Unsupported cast type xs:unsignedInt
prod-CastExpr	K2-SeqExprCast-313	https://github.com/w3c/qt3tests/blob/201a6e466940cdfc727f4babfedcde5332b9f578/prod/CastExpr.xml#L23570	Unsupported cast type xs:unsignedInt
prod-CastExpr	K2-SeqExprCast-314	https://github.com/w3c/qt3tests/blob/201a6e466940cdfc727f4babfedcde5332b9f578/prod/CastExpr.xml#L23579	Unsupported cast type xs:unsignedShort
prod-CastExpr	K2-SeqExprCast-315	https://github.com/w3c/qt3tests/blob/201a6e466940cdfc727f4babfedcde5332b9f578/prod/CastExpr.xml#L23588	Unsupported cast type xs:unsignedShort
prod-CastExpr	K2-SeqExprCast-316	https://github.com/w3c/qt3tests/blob/201a6e466940cdfc727f4babfedcde5332b9f578/prod/CastExpr.xml#L23597	Unsupported cast type xs:unsignedShort
prod-CastExpr	K2-SeqExprCast-317	https://github.com/w3c/qt3tests/blob/201a6e466940cdfc727f4babfedcde5332b9f578/prod/CastExpr.xml#L23606	Unsupported cast type xs:unsignedShort
prod-CastExpr	K2-SeqExprCast-318	https://github.com/w3c/qt3tests/blob/201a6e466940cdfc727f4babfedcde5332b9f578/prod/CastExpr.xml#L23615	Unsupported cast type xs:unsignedShort
prod-CastExpr	K2-SeqExprCast-319	https://github.com/w3c/qt3tests/blob/201a6e466940cdfc727f4babfedcde5332b9f578/prod/CastExpr.xml#L23624	Unsupported cast type xs:unsignedShort
prod-CastExpr	K2-SeqExprCast-320	https://github.com/w3c/qt3tests/blob/201a6e466940cdfc727f4babfedcde5332b9f578/prod/CastExpr.xml#L23633	Unsupported cast type xs:unsignedByte
prod-CastExpr	K2-SeqExprCast-321	https://github.com/w3c/qt3tests/blob/201a6e466940cdfc727f4babfedcde5332b9f578/prod/CastExpr.xml#L23642	Unsupported cast type xs:unsignedByte
prod-CastExpr	K2-SeqExprCast-322	https://github.com/w3c/qt3tests/blob/201a6e466940cdfc727f4babfedcde5332b9f578/prod/CastExpr.xml#L23651	Unsupported cast type xs:unsignedByte
prod-CastExpr	K2-SeqExprCast-323	https://github.com/w3c/qt3tests/blob/201a6e466940cdfc727f4babfedcde5332b9f578/prod/CastExpr.xml#L23660	Unsupported cast type xs:unsignedByte
prod-CastExpr	K2-SeqExprCast-324	https://github.com/w3c/qt3tests/blob/201a6e466940cdfc727f4babfedcde5332b9f578/prod/CastExpr.xml#L23669	Unsupported cast type xs:unsignedByte
prod-CastExpr	K2-SeqExprCast-325	https://github.com/w3c/qt3tests/blob/201a6e466940cdfc727f4babfedcde5332b9f578/prod/CastExpr.xml#L23678	Unsupported cast type xs:unsignedByte
prod-CastExpr	K2-SeqExprCast-326	https://github.com/w3c/qt3tests/blob/201a6e466940cdfc727f4babfedcde5332b9f578/prod/CastExpr.xml#L23687	Unsupported cast type xs:unsignedInt
prod-CastExpr	K2-SeqExprCast-327	https://github.com/w3c/qt3tests/blob/201a6e466940cdfc727f4babfedcde5332b9f578/prod/CastExpr.xml#L23696	Unsupported cast type xs:unsignedInt
prod-CastExpr	K2-SeqExprCast-328	https://github.com/w3c/qt3tests/blob/201a6e466940cdfc727f4babfedcde5332b9f578/prod/CastExpr.xml#L23705	Unsupported cast type xs:unsignedInt
prod-CastExpr	K2-SeqExprCast-329	https://github.com/w3c/qt3tests/blob/201a6e466940cdfc727f4babfedcde5332b9f578/prod/CastExpr.xml#L23714	Unsupported cast type xs:unsignedInt
prod-CastExpr	K2-SeqExprCast-330	https://github.com/w3c/qt3tests/blob/201a6e466940cdfc727f4babfedcde5332b9f578/prod/CastExpr.xml#L23723	Unsupported cast type xs:unsignedInt
prod-CastExpr	K2-SeqExprCast-331	https://github.com/w3c/qt3tests/blob/201a6e466940cdfc727f4babfedcde5332b9f578/prod/CastExpr.xml#L23732	Unsupported cast type xs:unsignedInt
prod-CastExpr	K2-SeqExprCast-332	https://github.com/w3c/qt3tests/blob/201a6e466940cdfc727f4babfedcde5332b9f578/prod/CastExpr.xml#L23741	Unsupported cast type xs:unsignedInteger
prod-CastExpr	K2-SeqExprCast-333	https://github.com/w3c/qt3tests/blob/201a6e466940cdfc727f4babfedcde5332b9f578/prod/CastExpr.xml#L23750	Unsupported cast type xs:byte
prod-CastExpr	K2-SeqExprCast-334	https://github.com/w3c/qt3tests/blob/201a6e466940cdfc727f4babfedcde5332b9f578/prod/CastExpr.xml#L23759	Unsupported cast type xs:int
prod-CastExpr	K2-SeqExprCast-335	https://github.com/w3c/qt3tests/blob/201a6e466940cdfc727f4babfedcde5332b9f578/prod/CastExpr.xml#L23768	Unsupported cast type xs:long
prod-CastExpr	K2-SeqExprCast-336	https://github.com/w3c/qt3tests/blob/201a6e466940cdfc727f4babfedcde5332b9f578/prod/CastExpr.xml#L23777	Unsupported cast type xs:negativeInteger
prod-CastExpr	K2-SeqExprCast-337	https://github.com/w3c/qt3tests/blob/201a6e466940cdfc727f4babfedcde5332b9f578/prod/CastExpr.xml#L23786	Unsupported cast type xs:nonNegativeInteger
prod-CastExpr	K2-SeqExprCast-338	https://github.com/w3c/qt3tests/blob/201a6e466940cdfc727f4babfedcde5332b9f578/prod/CastExpr.xml#L23795	Unsupported cast type xs:nonPositiveInteger
prod-CastExpr	K2-SeqExprCast-339	https://github.com/w3c/qt3tests/blob/201a6e466940cdfc727f4babfedcde5332b9f578/prod/CastExpr.xml#L23804	Unsupported cast type xs:short
prod-CastExpr	K2-SeqExprCast-340	https://github.com/w3c/qt3tests/blob/201a6e466940cdfc727f4babfedcde5332b9f578/prod/CastExpr.xml#L23813	Unsupported cast type xs:unsignedByte
prod-CastExpr	K2-SeqExprCast-341	https://github.com/w3c/qt3tests/blob/201a6e466940cdfc727f4babfedcde5332b9f578/prod/CastExpr.xml#L23822	Unsupported cast type xs:unsignedInt
prod-CastExpr	K2-SeqExprCast-342	https://github.com/w3c/qt3tests/blob/201a6e466940cdfc727f4babfedcde5332b9f578/prod/CastExpr.xml#L23831	Unsupported cast type xs:unsignedInt
prod-CastExpr	K2-SeqExprCast-343	https://github.com/w3c/qt3tests/blob/201a6e466940cdfc727f4babfedcde5332b9f578/prod/CastExpr.xml#L23840	Unsupported cast type xs:unsignedLong
prod-CastExpr	K2-SeqExprCast-344	https://github.com/w3c/qt3tests/blob/201a6e466940cdfc727f4babfedcde5332b9f578/prod/CastExpr.xml#L23849	Unsupported cast type xs:unsignedShort
prod-CastExpr	K2-SeqExprCast-345	https://github.com/w3c/qt3tests/blob/201a6e466940cdfc727f4babfedcde5332b9f578/prod/CastExpr.xml#L23858	Unsupported cast type xs:byte
prod-CastExpr	K2-SeqExprCast-346	https://github.com/w3c/qt3tests/blob/201a6e466940cdfc727f4babfedcde5332b9f578/prod/CastExpr.xml#L23867	Unsupported cast type xs:int
prod-CastExpr	K2-SeqExprCast-347	https://github.com/w3c/qt3tests/blob/201a6e466940cdfc727f4babfedcde5332b9f578/prod/CastExpr.xml#L23876	Unsupported cast type xs:long
prod-CastExpr	K2-SeqExprCast-348	https://github.com/w3c/qt3tests/blob/201a6e466940cdfc727f4babfedcde5332b9f578/prod/CastExpr.xml#L23885	Unsupported cast type xs:negativeInteger
prod-CastExpr	K2-SeqExprCast-349	https://github.com/w3c/qt3tests/blob/201a6e466940cdfc727f4babfedcde5332b9f578/prod/CastExpr.xml#L23894	Unsupported cast type xs:nonNegativeInteger
prod-CastExpr	K2-SeqExprCast-350	https://github.com/w3c/qt3tests/blob/201a6e466940cdfc727f4babfedcde5332b9f578/prod/CastExpr.xml#L23903	Unsupported cast type xs:nonPositiveInteger
prod-CastExpr	K2-SeqExprCast-351	https://github.com/w3c/qt3tests/blob/201a6e466940cdfc727f4babfedcde5332b9f578/prod/CastExpr.xml#L23912	Unsupported cast type xs:short
prod-CastExpr	K2-SeqExprCast-352	https://github.com/w3c/qt3tests/blob/201a6e466940cdfc727f4babfedcde5332b9f578/prod/CastExpr.xml#L23921	Unsupported cast type xs:unsignedByte
prod-CastExpr	K2-SeqExprCast-353	https://github.com/w3c/qt3tests/blob/201a6e466940cdfc727f4babfedcde5332b9f578/prod/CastExpr.xml#L23930	Unsupported cast type xs:unsignedInt
prod-CastExpr	K2-SeqExprCast-354	https://github.com/w3c/qt3tests/blob/201a6e466940cdfc727f4babfedcde5332b9f578/prod/CastExpr.xml#L23939	Unsupported cast type xs:unsignedInt
prod-CastExpr	K2-SeqExprCast-355	https://github.com/w3c/qt3tests/blob/201a6e466940cdfc727f4babfedcde5332b9f578/prod/CastExpr.xml#L23948	Unsupported cast type xs:unsignedLong
prod-CastExpr	K2-SeqExprCast-356	https://github.com/w3c/qt3tests/blob/201a6e466940cdfc727f4babfedcde5332b9f578/prod/CastExpr.xml#L23957	Unsupported cast type xs:unsignedShort
prod-CastExpr	K2-SeqExprCast-357	https://github.com/w3c/qt3tests/blob/201a6e466940cdfc727f4babfedcde5332b9f578/prod/CastExpr.xml#L23966	Unsupported cast type xs:byte
prod-CastExpr	K2-SeqExprCast-358	https://github.com/w3c/qt3tests/blob/201a6e466940cdfc727f4babfedcde5332b9f578/prod/CastExpr.xml#L23975	Unsupported cast type xs:int
prod-CastExpr	K2-SeqExprCast-359	https://github.com/w3c/qt3tests/blob/201a6e466940cdfc727f4babfedcde5332b9f578/prod/CastExpr.xml#L23984	Unsupported cast type xs:long
prod-CastExpr	K2-SeqExprCast-360	https://github.com/w3c/qt3tests/blob/201a6e466940cdfc727f4babfedcde5332b9f578/prod/CastExpr.xml#L23993	Unsupported cast type xs:negativeInteger
prod-CastExpr	K2-SeqExprCast-361	https://github.com/w3c/qt3tests/blob/201a6e466940cdfc727f4babfedcde5332b9f578/prod/CastExpr.xml#L24002	Unsupported cast type xs:nonNegativeInteger
prod-CastExpr	K2-SeqExprCast-362	https://github.com/w3c/qt3tests/blob/201a6e466940cdfc727f4babfedcde5332b9f578/prod/CastExpr.xml#L24011	Unsupported cast type xs:nonPositiveInteger
prod-CastExpr	K2-SeqExprCast-363	https://github.com/w3c/qt3tests/blob/201a6e466940cdfc727f4babfedcde5332b9f578/prod/CastExpr.xml#L24020	Unsupported cast type xs:short
prod-CastExpr	K2-SeqExprCast-364	https://github.com/w3c/qt3tests/blob/201a6e466940cdfc727f4babfedcde5332b9f578/prod/CastExpr.xml#L24029	Unsupported cast type xs:unsignedByte
prod-CastExpr	K2-SeqExprCast-365	https://github.com/w3c/qt3tests/blob/201a6e466940cdfc727f4babfedcde5332b9f578/prod/CastExpr.xml#L24038	Unsupported cast type xs:unsignedInt
prod-CastExpr	K2-SeqExprCast-366	https://github.com/w3c/qt3tests/blob/201a6e466940cdfc727f4babfedcde5332b9f578/prod/CastExpr.xml#L24047	Unsupported cast type xs:unsignedInt
prod-CastExpr	K2-SeqExprCast-367	https://github.com/w3c/qt3tests/blob/201a6e466940cdfc727f4babfedcde5332b9f578/prod/CastExpr.xml#L24056	Unsupported cast type xs:unsignedLong
prod-CastExpr	K2-SeqExprCast-368	https://github.com/w3c/qt3tests/blob/201a6e466940cdfc727f4babfedcde5332b9f578/prod/CastExpr.xml#L24065	Unsupported cast type xs:unsignedShort
prod-CastExpr	K2-SeqExprCast-369	https://github.com/w3c/qt3tests/blob/201a6e466940cdfc727f4babfedcde5332b9f578/prod/CastExpr.xml#L24074	Unsupported cast type xs:byte
prod-CastExpr	K2-SeqExprCast-370	https://github.com/w3c/qt3tests/blob/201a6e466940cdfc727f4babfedcde5332b9f578/prod/CastExpr.xml#L24083	Unsupported cast type xs:int
prod-CastExpr	K2-SeqExprCast-371	https://github.com/w3c/qt3tests/blob/201a6e466940cdfc727f4babfedcde5332b9f578/prod/CastExpr.xml#L24092	Unsupported cast type xs:long
prod-CastExpr	K2-SeqExprCast-372	https://github.com/w3c/qt3tests/blob/201a6e466940cdfc727f4babfedcde5332b9f578/prod/CastExpr.xml#L24101	Unsupported cast type xs:negativeInteger
prod-CastExpr	K2-SeqExprCast-373	https://github.com/w3c/qt3tests/blob/201a6e466940cdfc727f4babfedcde5332b9f578/prod/CastExpr.xml#L24110	Unsupported cast type xs:nonNegativeInteger
prod-CastExpr	K2-SeqExprCast-374	https://github.com/w3c/qt3tests/blob/201a6e466940cdfc727f4babfedcde5332b9f578/prod/CastExpr.xml#L24119	Unsupported cast type xs:nonPositiveInteger
prod-CastExpr	K2-SeqExprCast-375	https://github.com/w3c/qt3tests/blob/201a6e466940cdfc727f4babfedcde5332b9f578/prod/CastExpr.xml#L24128	Unsupported cast type xs:short
prod-CastExpr	K2-SeqExprCast-376	https://github.com/w3c/qt3tests/blob/201a6e466940cdfc727f4babfedcde5332b9f578/prod/CastExpr.xml#L24137	Unsupported cast type xs:unsignedByte
prod-CastExpr	K2-SeqExprCast-377	https://github.com/w3c/qt3tests/blob/201a6e466940cdfc727f4babfedcde5332b9f578/prod/CastExpr.xml#L24146	Unsupported cast type xs:unsignedInt
prod-CastExpr	K2-SeqExprCast-378	https://github.com/w3c/qt3tests/blob/201a6e466940cdfc727f4babfedcde5332b9f578/prod/CastExpr.xml#L24155	Unsupported cast type xs:unsignedInt
prod-CastExpr	K2-SeqExprCast-379	https://github.com/w3c/qt3tests/blob/201a6e466940cdfc727f4babfedcde5332b9f578/prod/CastExpr.xml#L24164	Unsupported cast type xs:unsignedLong
prod-CastExpr	K2-SeqExprCast-380	https://github.com/w3c/qt3tests/blob/201a6e466940cdfc727f4babfedcde5332b9f578/prod/CastExpr.xml#L24173	Unsupported cast type xs:unsignedShort
prod-CastExpr	K2-SeqExprCast-381	https://github.com/w3c/qt3tests/blob/201a6e466940cdfc727f4babfedcde5332b9f578/prod/CastExpr.xml#L24182	Unsupported cast type xs:byte
prod-CastExpr	K2-SeqExprCast-382	https://github.com/w3c/qt3tests/blob/201a6e466940cdfc727f4babfedcde5332b9f578/prod/CastExpr.xml#L24191	Unsupported cast type xs:int
prod-CastExpr	K2-SeqExprCast-383	https://github.com/w3c/qt3tests/blob/201a6e466940cdfc727f4babfedcde5332b9f578/prod/CastExpr.xml#L24200	Unsupported cast type xs:long
prod-CastExpr	K2-SeqExprCast-384	https://github.com/w3c/qt3tests/blob/201a6e466940cdfc727f4babfedcde5332b9f578/prod/CastExpr.xml#L24209	Unsupported cast type xs:negativeInteger
prod-CastExpr	K2-SeqExprCast-385	https://github.com/w3c/qt3tests/blob/201a6e466940cdfc727f4babfedcde5332b9f578/prod/CastExpr.xml#L24218	Unsupported cast type xs:nonNegativeInteger
prod-CastExpr	K2-SeqExprCast-386	https://github.com/w3c/qt3tests/blob/201a6e466940cdfc727f4babfedcde5332b9f578/prod/CastExpr.xml#L24227	Unsupported cast type xs:nonPositiveInteger
prod-CastExpr	K2-SeqExprCast-387	https://github.com/w3c/qt3tests/blob/201a6e466940cdfc727f4babfedcde5332b9f578/prod/CastExpr.xml#L24236	Unsupported cast type xs:short
prod-CastExpr	K2-SeqExprCast-388	https://github.com/w3c/qt3tests/blob/201a6e466940cdfc727f4babfedcde5332b9f578/prod/CastExpr.xml#L24245	Unsupported cast type xs:unsignedByte
prod-CastExpr	K2-SeqExprCast-389	https://github.com/w3c/qt3tests/blob/201a6e466940cdfc727f4babfedcde5332b9f578/prod/CastExpr.xml#L24254	Unsupported cast type xs:unsignedInt
prod-CastExpr	K2-SeqExprCast-390	https://github.com/w3c/qt3tests/blob/201a6e466940cdfc727f4babfedcde5332b9f578/prod/CastExpr.xml#L24263	Unsupported cast type xs:unsignedInt
prod-CastExpr	K2-SeqExprCast-391	https://github.com/w3c/qt3tests/blob/201a6e466940cdfc727f4babfedcde5332b9f578/prod/CastExpr.xml#L24272	Unsupported cast type xs:unsignedLong
prod-CastExpr	K2-SeqExprCast-392	https://github.com/w3c/qt3tests/blob/201a6e466940cdfc727f4babfedcde5332b9f578/prod/CastExpr.xml#L24281	Unsupported cast type xs:unsignedShort
prod-CastExpr	K2-SeqExprCast-393	https://github.com/w3c/qt3tests/blob/201a6e466940cdfc727f4babfedcde5332b9f578/prod/CastExpr.xml#L24290	Unsupported cast type xs:normalizedString
prod-CastExpr	K2-SeqExprCast-394	https://github.com/w3c/qt3tests/blob/201a6e466940cdfc727f4babfedcde5332b9f578/prod/CastExpr.xml#L24299	Unsupported cast type xs:token
prod-CastExpr	K2-SeqExprCast-395	https://github.com/w3c/qt3tests/blob/201a6e466940cdfc727f4babfedcde5332b9f578/prod/CastExpr.xml#L24308	Unsupported cast type xs:language
prod-CastExpr	K2-SeqExprCast-396	https://github.com/w3c/qt3tests/blob/201a6e466940cdfc727f4babfedcde5332b9f578/prod/CastExpr.xml#L24317	Unsupported cast type xs:NMTOKEN
prod-CastExpr	K2-SeqExprCast-397	https://github.com/w3c/qt3tests/blob/201a6e466940cdfc727f4babfedcde5332b9f578/prod/CastExpr.xml#L24326	Unsupported cast type xs:Name
prod-CastExpr	K2-SeqExprCast-398	https://github.com/w3c/qt3tests/blob/201a6e466940cdfc727f4babfedcde5332b9f578/prod/CastExpr.xml#L24335	Unsupported cast type xs:NCName
prod-CastExpr	K2-SeqExprCast-399	https://github.com/w3c/qt3tests/blob/201a6e466940cdfc727f4babfedcde5332b9f578/prod/CastExpr.xml#L24344	Unsupported cast type xs:ID
prod-CastExpr	K2-SeqExprCast-400	https://github.com/w3c/qt3tests/blob/201a6e466940cdfc727f4babfedcde5332b9f578/prod/CastExpr.xml#L24353	Unsupported cast type xs:IDREF
prod-CastExpr	K2-SeqExprCast-401	https://github.com/w3c/qt3tests/blob/201a6e466940cdfc727f4babfedcde5332b9f578/prod/CastExpr.xml#L24362	Unsupported cast type xs:ENTITY
prod-CastExpr	K2-SeqExprCast-402	https://github.com/w3c/qt3tests/blob/201a6e466940cdfc727f4babfedcde5332b9f578/prod/CastExpr.xml#L24371	Unsupported cast type xs:normalizedString
prod-CastExpr	K2-SeqExprCast-403	https://github.com/w3c/qt3tests/blob/201a6e466940cdfc727f4babfedcde5332b9f578/prod/CastExpr.xml#L24380	Unsupported cast type xs:token
prod-CastExpr	K2-SeqExprCast-404	https://github.com/w3c/qt3tests/blob/201a6e466940cdfc727f4babfedcde5332b9f578/prod/CastExpr.xml#L24389	Unsupported cast type xs:language
prod-CastExpr	K2-SeqExprCast-405	https://github.com/w3c/qt3tests/blob/201a6e466940cdfc727f4babfedcde5332b9f578/prod/CastExpr.xml#L24398	Unsupported cast type xs:NMTOKEN
prod-CastExpr	K2-SeqExprCast-406	https://github.com/w3c/qt3tests/blob/201a6e466940cdfc727f4babfedcde5332b9f578/prod/CastExpr.xml#L24407	Unsupported cast type xs:Name
prod-CastExpr	K2-SeqExprCast-407	https://github.com/w3c/qt3tests/blob/201a6e466940cdfc727f4babfedcde5332b9f578/prod/CastExpr.xml#L24416	Unsupported cast type xs:NCName
prod-CastExpr	K2-SeqExprCast-408	https://github.com/w3c/qt3tests/blob/201a6e466940cdfc727f4babfedcde5332b9f578/prod/CastExpr.xml#L24425	Unsupported cast type xs:ID
prod-CastExpr	K2-SeqExprCast-409	https://github.com/w3c/qt3tests/blob/201a6e466940cdfc727f4babfedcde5332b9f578/prod/CastExpr.xml#L24434	Unsupported cast type xs:IDREF
prod-CastExpr	K2-SeqExprCast-410	https://github.com/w3c/qt3tests/blob/201a6e466940cdfc727f4babfedcde5332b9f578/prod/CastExpr.xml#L24443	Unsupported cast type xs:ENTITY
prod-CastExpr	K2-SeqExprCast-411	https://github.com/w3c/qt3tests/blob/201a6e466940cdfc727f4babfedcde5332b9f578/prod/CastExpr.xml#L24452	Unsupported cast type xs:language
prod-CastExpr	K2-SeqExprCast-412	https://github.com/w3c/qt3tests/blob/201a6e466940cdfc727f4babfedcde5332b9f578/prod/CastExpr.xml#L24461	Unsupported cast type xs:language
prod-CastExpr	K2-SeqExprCast-413	https://github.com/w3c/qt3tests/blob/201a6e466940cdfc727f4babfedcde5332b9f578/prod/CastExpr.xml#L24470	Unsupported cast type xs:language
prod-CastExpr	K2-SeqExprCast-414	https://github.com/w3c/qt3tests/blob/201a6e466940cdfc727f4babfedcde5332b9f578/prod/CastExpr.xml#L24479	Unsupported cast type xs:language
prod-CastExpr	K2-SeqExprCast-415	https://github.com/w3c/qt3tests/blob/201a6e466940cdfc727f4babfedcde5332b9f578/prod/CastExpr.xml#L24488	Unsupported cast type xs:language
prod-CastExpr	K2-SeqExprCast-416	https://github.com/w3c/qt3tests/blob/201a6e466940cdfc727f4babfedcde5332b9f578/prod/CastExpr.xml#L24497	Unsupported cast type xs:language
prod-CastExpr	K2-SeqExprCast-417	https://github.com/w3c/qt3tests/blob/201a6e466940cdfc727f4babfedcde5332b9f578/prod/CastExpr.xml#L24506	Unsupported cast type xs:language
prod-CastExpr	K2-SeqExprCast-418	https://github.com/w3c/qt3tests/blob/201a6e466940cdfc727f4babfedcde5332b9f578/prod/CastExpr.xml#L24515	Unsupported cast type xs:language
prod-CastExpr	K2-SeqExprCast-419	https://github.com/w3c/qt3tests/blob/201a6e466940cdfc727f4babfedcde5332b9f578/prod/CastExpr.xml#L24524	Unsupported cast type xs:language
prod-CastExpr	K2-SeqExprCast-420	https://github.com/w3c/qt3tests/blob/201a6e466940cdfc727f4babfedcde5332b9f578/prod/CastExpr.xml#L24533	Unsupported cast type xs:anyURI
prod-CastExpr	K2-SeqExprCast-421	https://github.com/w3c/qt3tests/blob/201a6e466940cdfc727f4babfedcde5332b9f578/prod/CastExpr.xml#L24542	Unsupported cast type xs:anyURI
prod-CastExpr	K2-SeqExprCast-422	https://github.com/w3c/qt3tests/blob/201a6e466940cdfc727f4babfedcde5332b9f578/prod/CastExpr.xml#L24555	Unsupported dependencies xsd-version 1.0
prod-CastExpr	K2-SeqExprCast-423	https://github.com/w3c/qt3tests/blob/201a6e466940cdfc727f4babfedcde5332b9f578/prod/CastExpr.xml#L24566	Unsupported dependencies xsd-version 1.0
prod-CastExpr	K2-SeqExprCast-424	https://github.com/w3c/qt3tests/blob/201a6e466940cdfc727f4babfedcde5332b9f578/prod/CastExpr.xml#L24577	Unsupported dependencies xsd-version 1.0
prod-CastExpr	K2-SeqExprCast-425	https://github.com/w3c/qt3tests/blob/201a6e466940cdfc727f4babfedcde5332b9f578/prod/CastExpr.xml#L24588	Unsupported function fn:QName#2
prod-CastExpr	K2-SeqExprCast-426	https://github.com/w3c/qt3tests/blob/201a6e466940cdfc727f4babfedcde5332b9f578/prod/CastExpr.xml#L24605	Unsupported function fn:QName#2
prod-CastExpr	K2-SeqExprCast-427	https://github.com/w3c/qt3tests/blob/201a6e466940cdfc727f4babfedcde5332b9f578/prod/CastExpr.xml#L24622	Unsupported cast type xs:anyURI
prod-CastExpr	K2-SeqExprCast-428	https://github.com/w3c/qt3tests/blob/201a6e466940cdfc727f4babfedcde5332b9f578/prod/CastExpr.xml#L24631	Invalid value -9876 for xs:unsignedLong
prod-CastExpr	K2-SeqExprCast-477	https://github.com/w3c/qt3tests/blob/201a6e466940cdfc727f4babfedcde5332b9f578/prod/CastExpr.xml#L25072	Unsupported cast type xs:gYear
prod-CastExpr	K2-SeqExprCast-478	https://github.com/w3c/qt3tests/blob/201a6e466940cdfc727f4babfedcde5332b9f578/prod/CastExpr.xml#L25081	Unsupported cast type xs:gYearMonth
prod-CastExpr	K2-SeqExprCast-479	https://github.com/w3c/qt3tests/blob/201a6e466940cdfc727f4babfedcde5332b9f578/prod/CastExpr.xml#L25090	Unsupported dependencies spec XQ10+
prod-CastExpr	K2-SeqExprCast-480	https://github.com/w3c/qt3tests/blob/201a6e466940cdfc727f4babfedcde5332b9f578/prod/CastExpr.xml#L25100	Unsupported cast type xs:untypedAtomic
prod-CastExpr	K2-SeqExprCast-488	https://github.com/w3c/qt3tests/blob/201a6e466940cdfc727f4babfedcde5332b9f578/prod/CastExpr.xml#L25186	Unsupported function fn:QName#2
prod-CastExpr	K2-SeqExprCast-489	https://github.com/w3c/qt3tests/blob/201a6e466940cdfc727f4babfedcde5332b9f578/prod/CastExpr.xml#L25195	Unsupported cast type xs:base64Binary
prod-CastExpr	K2-SeqExprCast-490	https://github.com/w3c/qt3tests/blob/201a6e466940cdfc727f4babfedcde5332b9f578/prod/CastExpr.xml#L25204	Unsupported cast type xs:hexBinary
prod-CastExpr	K2-SeqExprCast-491	https://github.com/w3c/qt3tests/blob/201a6e466940cdfc727f4babfedcde5332b9f578/prod/CastExpr.xml#L25213	Unsupported cast type xs:gMonth
prod-CastExpr	K2-SeqExprCast-492	https://github.com/w3c/qt3tests/blob/201a6e466940cdfc727f4babfedcde5332b9f578/prod/CastExpr.xml#L25222	Unsupported cast type xs:gDay
prod-CastExpr	K2-SeqExprCast-493	https://github.com/w3c/qt3tests/blob/201a6e466940cdfc727f4babfedcde5332b9f578/prod/CastExpr.xml#L25231	Unsupported cast type xs:gMonthDay
prod-CastExpr	K2-SeqExprCast-494	https://github.com/w3c/qt3tests/blob/201a6e466940cdfc727f4babfedcde5332b9f578/prod/CastExpr.xml#L25240	Unsupported cast type xs:gYear
prod-CastExpr	K2-SeqExprCast-495	https://github.com/w3c/qt3tests/blob/201a6e466940cdfc727f4babfedcde5332b9f578/prod/CastExpr.xml#L25249	Unsupported cast type xs:language
prod-CastExpr	K2-SeqExprCast-496	https://github.com/w3c/qt3tests/blob/201a6e466940cdfc727f4babfedcde5332b9f578/prod/CastExpr.xml#L25258	Unsupported cast type xs:language
prod-CastExpr	K2-SeqExprCast-497	https://github.com/w3c/qt3tests/blob/201a6e466940cdfc727f4babfedcde5332b9f578/prod/CastExpr.xml#L25267	Unsupported cast type xs:language
prod-CastExpr	K2-SeqExprCast-498	https://github.com/w3c/qt3tests/blob/201a6e466940cdfc727f4babfedcde5332b9f578/prod/CastExpr.xml#L25276	Unsupported cast type xs:language
prod-CastExpr	K2-SeqExprCast-499	https://github.com/w3c/qt3tests/blob/201a6e466940cdfc727f4babfedcde5332b9f578/prod/CastExpr.xml#L25285	Unsupported function fn:current-time#0
prod-CastExpr	K2-SeqExprCast-500	https://github.com/w3c/qt3tests/blob/201a6e466940cdfc727f4babfedcde5332b9f578/prod/CastExpr.xml#L25294	Unsupported function fn:current-date#0
prod-CastExpr	K2-SeqExprCast-501	https://github.com/w3c/qt3tests/blob/201a6e466940cdfc727f4babfedcde5332b9f578/prod/CastExpr.xml#L25303	Unsupported cast type xs:language
prod-CastExpr	K2-SeqExprCast-502	https://github.com/w3c/qt3tests/blob/201a6e466940cdfc727f4babfedcde5332b9f578/prod/CastExpr.xml#L25312	Unsupported cast type xs:language
prod-CastExpr	K2-SeqExprCast-503	https://github.com/w3c/qt3tests/blob/201a6e466940cdfc727f4babfedcde5332b9f578/prod/CastExpr.xml#L25321	Unsupported cast type xs:language
prod-CastExpr	K2-SeqExprCast-504	https://github.com/w3c/qt3tests/blob/201a6e466940cdfc727f4babfedcde5332b9f578/prod/CastExpr.xml#L25330	Unsupported sequenceExpr
prod-CastExpr	K2-SeqExprCast-505	https://github.com/w3c/qt3tests/blob/201a6e466940cdfc727f4babfedcde5332b9f578/prod/CastExpr.xml#L25339	Unsupported dependencies xsd-version 1.0
prod-CastExpr	K2-SeqExprCast-506	https://github.com/w3c/qt3tests/blob/201a6e466940cdfc727f4babfedcde5332b9f578/prod/CastExpr.xml#L25350	Unsupported cast type xs:gMonth
prod-GeneralComp.eq	generalexpression1	https://github.com/w3c/qt3tests/blob/201a6e466940cdfc727f4babfedcde5332b9f578/prod/GeneralComp.eq.xml#L16	Unsupported sequenceExpr
prod-GeneralComp.eq	generalexpression2	https://github.com/w3c/qt3tests/blob/201a6e466940cdfc727f4babfedcde5332b9f578/prod/GeneralComp.eq.xml#L25	Unsupported sequenceExpr
prod-GeneralComp.eq	generalexpression3	https://github.com/w3c/qt3tests/blob/201a6e466940cdfc727f4babfedcde5332b9f578/prod/GeneralComp.eq.xml#L34	Unsupported sequenceExpr
prod-GeneralComp.eq	generalexpression4	https://github.com/w3c/qt3tests/blob/201a6e466940cdfc727f4babfedcde5332b9f578/prod/GeneralComp.eq.xml#L43	Unsupported sequenceExpr
prod-GeneralComp.eq	generalexpression5	https://github.com/w3c/qt3tests/blob/201a6e466940cdfc727f4babfedcde5332b9f578/prod/GeneralComp.eq.xml#L52	Unsupported dependencies spec XQ10+
prod-GeneralComp.eq	generalexpression6	https://github.com/w3c/qt3tests/blob/201a6e466940cdfc727f4babfedcde5332b9f578/prod/GeneralComp.eq.xml#L62	Unsupported dependencies spec XQ10+
prod-GeneralComp.eq	generalexpression7	https://github.com/w3c/qt3tests/blob/201a6e466940cdfc727f4babfedcde5332b9f578/prod/GeneralComp.eq.xml#L72	Unsupported dependencies spec XQ10+
prod-GeneralComp.eq	generalexpression8	https://github.com/w3c/qt3tests/blob/201a6e466940cdfc727f4babfedcde5332b9f578/prod/GeneralComp.eq.xml#L82	Unsupported environment with source
prod-GeneralComp.eq	generalexpression9	https://github.com/w3c/qt3tests/blob/201a6e466940cdfc727f4babfedcde5332b9f578/prod/GeneralComp.eq.xml#L92	Unsupported environment with source
prod-GeneralComp.eq	generalexpression10	https://github.com/w3c/qt3tests/blob/201a6e466940cdfc727f4babfedcde5332b9f578/prod/GeneralComp.eq.xml#L102	Unsupported environment with source
prod-GeneralComp.eq	generalexpression11	https://github.com/w3c/qt3tests/blob/201a6e466940cdfc727f4babfedcde5332b9f578/prod/GeneralComp.eq.xml#L112	Unsupported sequenceExpr
prod-GeneralComp.eq	generalexpression12	https://github.com/w3c/qt3tests/blob/201a6e466940cdfc727f4babfedcde5332b9f578/prod/GeneralComp.eq.xml#L121	Unsupported sequenceExpr
prod-GeneralComp.eq	generalexpression13	https://github.com/w3c/qt3tests/blob/201a6e466940cdfc727f4babfedcde5332b9f578/prod/GeneralComp.eq.xml#L130	Unsupported sequenceExpr
prod-GeneralComp.eq	generalexpression14	https://github.com/w3c/qt3tests/blob/201a6e466940cdfc727f4babfedcde5332b9f578/prod/GeneralComp.eq.xml#L139	Unsupported dependencies spec XQ10+
prod-GeneralComp.eq	generalexpression15	https://github.com/w3c/qt3tests/blob/201a6e466940cdfc727f4babfedcde5332b9f578/prod/GeneralComp.eq.xml#L149	Unsupported dependencies spec XQ10+
prod-GeneralComp.eq	generalexpression16	https://github.com/w3c/qt3tests/blob/201a6e466940cdfc727f4babfedcde5332b9f578/prod/GeneralComp.eq.xml#L159	Unsupported dependencies spec XQ10+
prod-GeneralComp.eq	generalexpression17	https://github.com/w3c/qt3tests/blob/201a6e466940cdfc727f4babfedcde5332b9f578/prod/GeneralComp.eq.xml#L169	Unsupported environment with source
prod-GeneralComp.eq	generalexpression18	https://github.com/w3c/qt3tests/blob/201a6e466940cdfc727f4babfedcde5332b9f578/prod/GeneralComp.eq.xml#L179	Unsupported environment with source
prod-GeneralComp.eq	generalexpression19	https://github.com/w3c/qt3tests/blob/201a6e466940cdfc727f4babfedcde5332b9f578/prod/GeneralComp.eq.xml#L189	Unsupported environment with source
prod-GeneralComp.eq	generalexpression20	https://github.com/w3c/qt3tests/blob/201a6e466940cdfc727f4babfedcde5332b9f578/prod/GeneralComp.eq.xml#L199	Unsupported sequenceExpr
prod-GeneralComp.eq	generalexpression23	https://github.com/w3c/qt3tests/blob/201a6e466940cdfc727f4babfedcde5332b9f578/prod/GeneralComp.eq.xml#L226	Unsupported sequenceExpr
prod-GeneralComp.eq	generalexpression24	https://github.com/w3c/qt3tests/blob/201a6e466940cdfc727f4babfedcde5332b9f578/prod/GeneralComp.eq.xml#L235	Unsupported dependencies spec XQ10+
prod-GeneralComp.eq	generalexpression25	https://github.com/w3c/qt3tests/blob/201a6e466940cdfc727f4babfedcde5332b9f578/prod/GeneralComp.eq.xml#L245	Unsupported dependencies spec XQ10+
prod-GeneralComp.eq	generalexpression26	https://github.com/w3c/qt3tests/blob/201a6e466940cdfc727f4babfedcde5332b9f578/prod/GeneralComp.eq.xml#L255	Unsupported dependencies spec XQ10+
prod-GeneralComp.eq	generalexpression27	https://github.com/w3c/qt3tests/blob/201a6e466940cdfc727f4babfedcde5332b9f578/prod/GeneralComp.eq.xml#L265	Unsupported environment with source
prod-GeneralComp.eq	generalexpression28	https://github.com/w3c/qt3tests/blob/201a6e466940cdfc727f4babfedcde5332b9f578/prod/GeneralComp.eq.xml#L275	Unsupported environment with source
prod-GeneralComp.eq	generalexpression29	https://github.com/w3c/qt3tests/blob/201a6e466940cdfc727f4babfedcde5332b9f578/prod/GeneralComp.eq.xml#L285	Unsupported environment with source
prod-GeneralComp.eq	generalexpression30	https://github.com/w3c/qt3tests/blob/201a6e466940cdfc727f4babfedcde5332b9f578/prod/GeneralComp.eq.xml#L295	Unsupported sequenceExpr
prod-GeneralComp.eq	generalexpression31	https://github.com/w3c/qt3tests/blob/201a6e466940cdfc727f4babfedcde5332b9f578/prod/GeneralComp.eq.xml#L304	Unsupported sequenceExpr
prod-GeneralComp.eq	generalexpression32	https://github.com/w3c/qt3tests/blob/201a6e466940cdfc727f4babfedcde5332b9f578/prod/GeneralComp.eq.xml#L313	Unsupported sequenceExpr
prod-GeneralComp.eq	generalexpression33	https://github.com/w3c/qt3tests/blob/201a6e466940cdfc727f4babfedcde5332b9f578/prod/GeneralComp.eq.xml#L322	Unsupported sequenceExpr
prod-GeneralComp.eq	generalexpression34	https://github.com/w3c/qt3tests/blob/201a6e466940cdfc727f4babfedcde5332b9f578/prod/GeneralComp.eq.xml#L331	Unsupported dependencies spec XQ10+
prod-GeneralComp.eq	generalexpression35	https://github.com/w3c/qt3tests/blob/201a6e466940cdfc727f4babfedcde5332b9f578/prod/GeneralComp.eq.xml#L341	Unsupported dependencies spec XQ10+
prod-GeneralComp.eq	generalexpression36	https://github.com/w3c/qt3tests/blob/201a6e466940cdfc727f4babfedcde5332b9f578/prod/GeneralComp.eq.xml#L351	Unsupported dependencies spec XQ10+
prod-GeneralComp.eq	generalexpression37	https://github.com/w3c/qt3tests/blob/201a6e466940cdfc727f4babfedcde5332b9f578/prod/GeneralComp.eq.xml#L361	Unsupported environment with source
prod-GeneralComp.eq	generalexpression38	https://github.com/w3c/qt3tests/blob/201a6e466940cdfc727f4babfedcde5332b9f578/prod/GeneralComp.eq.xml#L371	Unsupported environment with source
prod-GeneralComp.eq	generalexpression39	https://github.com/w3c/qt3tests/blob/201a6e466940cdfc727f4babfedcde5332b9f578/prod/GeneralComp.eq.xml#L381	Unsupported environment with source
prod-GeneralComp.eq	generalexpression40	https://github.com/w3c/qt3tests/blob/201a6e466940cdfc727f4babfedcde5332b9f578/prod/GeneralComp.eq.xml#L391	Unsupported dependencies spec XQ10+
prod-GeneralComp.eq	generalexpression41	https://github.com/w3c/qt3tests/blob/201a6e466940cdfc727f4babfedcde5332b9f578/prod/GeneralComp.eq.xml#L401	Unsupported dependencies spec XQ10+
prod-GeneralComp.eq	generalexpression42	https://github.com/w3c/qt3tests/blob/201a6e466940cdfc727f4babfedcde5332b9f578/prod/GeneralComp.eq.xml#L411	Unsupported dependencies spec XQ10+
prod-GeneralComp.eq	generalexpression43	https://github.com/w3c/qt3tests/blob/201a6e466940cdfc727f4babfedcde5332b9f578/prod/GeneralComp.eq.xml#L421	Unsupported dependencies spec XQ10+
prod-GeneralComp.eq	generalexpression44	https://github.com/w3c/qt3tests/blob/201a6e466940cdfc727f4babfedcde5332b9f578/prod/GeneralComp.eq.xml#L431	Unsupported dependencies spec XQ10+
prod-GeneralComp.eq	generalexpression45	https://github.com/w3c/qt3tests/blob/201a6e466940cdfc727f4babfedcde5332b9f578/prod/GeneralComp.eq.xml#L441	Unsupported dependencies spec XQ10+
prod-GeneralComp.eq	generalexpression46	https://github.com/w3c/qt3tests/blob/201a6e466940cdfc727f4babfedcde5332b9f578/prod/GeneralComp.eq.xml#L451	Unsupported dependencies spec XQ10+
prod-GeneralComp.eq	generalexpression47	https://github.com/w3c/qt3tests/blob/201a6e466940cdfc727f4babfedcde5332b9f578/prod/GeneralComp.eq.xml#L461	Unsupported dependencies spec XQ10+
prod-GeneralComp.eq	generalexpression48	https://github.com/w3c/qt3tests/blob/201a6e466940cdfc727f4babfedcde5332b9f578/prod/GeneralComp.eq.xml#L472	Unsupported dependencies spec XQ10+
prod-GeneralComp.eq	generalexpression49	https://github.com/w3c/qt3tests/blob/201a6e466940cdfc727f4babfedcde5332b9f578/prod/GeneralComp.eq.xml#L483	Unsupported dependencies spec XQ10+
prod-GeneralComp.eq	generalexpression50	https://github.com/w3c/qt3tests/blob/201a6e466940cdfc727f4babfedcde5332b9f578/prod/GeneralComp.eq.xml#L494	Unsupported dependencies spec XQ10+
prod-GeneralComp.eq	generalexpression51	https://github.com/w3c/qt3tests/blob/201a6e466940cdfc727f4babfedcde5332b9f578/prod/GeneralComp.eq.xml#L504	Unsupported dependencies spec XQ10+
prod-GeneralComp.eq	generalexpression52	https://github.com/w3c/qt3tests/blob/201a6e466940cdfc727f4babfedcde5332b9f578/prod/GeneralComp.eq.xml#L514	Unsupported dependencies spec XQ10+
prod-GeneralComp.eq	generalexpression53	https://github.com/w3c/qt3tests/blob/201a6e466940cdfc727f4babfedcde5332b9f578/prod/GeneralComp.eq.xml#L524	Unsupported dependencies spec XQ10+
prod-GeneralComp.eq	generalexpression54	https://github.com/w3c/qt3tests/blob/201a6e466940cdfc727f4babfedcde5332b9f578/prod/GeneralComp.eq.xml#L534	Unsupported dependencies spec XQ10+
prod-GeneralComp.eq	generalexpression55	https://github.com/w3c/qt3tests/blob/201a6e466940cdfc727f4babfedcde5332b9f578/prod/GeneralComp.eq.xml#L544	Unsupported dependencies spec XQ10+
prod-GeneralComp.eq	generalexpression56	https://github.com/w3c/qt3tests/blob/201a6e466940cdfc727f4babfedcde5332b9f578/prod/GeneralComp.eq.xml#L554	Unsupported dependencies spec XQ10+
prod-GeneralComp.eq	generalexpression57	https://github.com/w3c/qt3tests/blob/201a6e466940cdfc727f4babfedcde5332b9f578/prod/GeneralComp.eq.xml#L564	Unsupported dependencies spec XQ10+
prod-GeneralComp.eq	generalexpression58	https://github.com/w3c/qt3tests/blob/201a6e466940cdfc727f4babfedcde5332b9f578/prod/GeneralComp.eq.xml#L575	Unsupported dependencies spec XQ10+
prod-GeneralComp.eq	generalexpression59	https://github.com/w3c/qt3tests/blob/201a6e466940cdfc727f4babfedcde5332b9f578/prod/GeneralComp.eq.xml#L586	Unsupported dependencies spec XQ10+
prod-GeneralComp.eq	generalexpression60	https://github.com/w3c/qt3tests/blob/201a6e466940cdfc727f4babfedcde5332b9f578/prod/GeneralComp.eq.xml#L597	Unsupported dependencies spec XQ10+
prod-GeneralComp.eq	generalexpression61	https://github.com/w3c/qt3tests/blob/201a6e466940cdfc727f4babfedcde5332b9f578/prod/GeneralComp.eq.xml#L607	Unsupported dependencies spec XQ10+
prod-GeneralComp.eq	generalexpression62	https://github.com/w3c/qt3tests/blob/201a6e466940cdfc727f4babfedcde5332b9f578/prod/GeneralComp.eq.xml#L617	Unsupported dependencies spec XQ10+
prod-GeneralComp.eq	generalexpression63	https://github.com/w3c/qt3tests/blob/201a6e466940cdfc727f4babfedcde5332b9f578/prod/GeneralComp.eq.xml#L627	Unsupported dependencies spec XQ10+
prod-GeneralComp.eq	generalexpression64	https://github.com/w3c/qt3tests/blob/201a6e466940cdfc727f4babfedcde5332b9f578/prod/GeneralComp.eq.xml#L637	Unsupported dependencies spec XQ10+
prod-GeneralComp.eq	generalexpression65	https://github.com/w3c/qt3tests/blob/201a6e466940cdfc727f4babfedcde5332b9f578/prod/GeneralComp.eq.xml#L647	Unsupported dependencies spec XQ10+
prod-GeneralComp.eq	generalexpression66	https://github.com/w3c/qt3tests/blob/201a6e466940cdfc727f4babfedcde5332b9f578/prod/GeneralComp.eq.xml#L657	Unsupported dependencies spec XQ10+
prod-GeneralComp.eq	generalexpression67	https://github.com/w3c/qt3tests/blob/201a6e466940cdfc727f4babfedcde5332b9f578/prod/GeneralComp.eq.xml#L667	Unsupported dependencies spec XQ10+
prod-GeneralComp.eq	generalexpression68	https://github.com/w3c/qt3tests/blob/201a6e466940cdfc727f4babfedcde5332b9f578/prod/GeneralComp.eq.xml#L678	Unsupported dependencies spec XQ10+
prod-GeneralComp.eq	generalexpression69	https://github.com/w3c/qt3tests/blob/201a6e466940cdfc727f4babfedcde5332b9f578/prod/GeneralComp.eq.xml#L689	Unsupported dependencies spec XQ10+
prod-GeneralComp.eq	generalexpression70	https://github.com/w3c/qt3tests/blob/201a6e466940cdfc727f4babfedcde5332b9f578/prod/GeneralComp.eq.xml#L700	Unsupported environment with source
prod-GeneralComp.eq	generalexpression71	https://github.com/w3c/qt3tests/blob/201a6e466940cdfc727f4babfedcde5332b9f578/prod/GeneralComp.eq.xml#L710	Unsupported environment with source
prod-GeneralComp.eq	generalexpression72	https://github.com/w3c/qt3tests/blob/201a6e466940cdfc727f4babfedcde5332b9f578/prod/GeneralComp.eq.xml#L720	Unsupported environment with source
prod-GeneralComp.eq	generalexpression73	https://github.com/w3c/qt3tests/blob/201a6e466940cdfc727f4babfedcde5332b9f578/prod/GeneralComp.eq.xml#L730	Unsupported environment with source
prod-GeneralComp.eq	generalexpression74	https://github.com/w3c/qt3tests/blob/201a6e466940cdfc727f4babfedcde5332b9f578/prod/GeneralComp.eq.xml#L740	Unsupported dependencies spec XQ10+
prod-GeneralComp.eq	generalexpression75	https://github.com/w3c/qt3tests/blob/201a6e466940cdfc727f4babfedcde5332b9f578/prod/GeneralComp.eq.xml#L751	Unsupported dependencies spec XQ10+
prod-GeneralComp.eq	generalexpression76	https://github.com/w3c/qt3tests/blob/201a6e466940cdfc727f4babfedcde5332b9f578/prod/GeneralComp.eq.xml#L762	Unsupported dependencies spec XQ10+
prod-GeneralComp.eq	generalexpression77	https://github.com/w3c/qt3tests/blob/201a6e466940cdfc727f4babfedcde5332b9f578/prod/GeneralComp.eq.xml#L773	Unsupported environment with source
prod-GeneralComp.eq	generalexpression78	https://github.com/w3c/qt3tests/blob/201a6e466940cdfc727f4babfedcde5332b9f578/prod/GeneralComp.eq.xml#L783	Unsupported environment with source
prod-GeneralComp.eq	generalexpression79	https://github.com/w3c/qt3tests/blob/201a6e466940cdfc727f4babfedcde5332b9f578/prod/GeneralComp.eq.xml#L793	Unsupported environment with source
prod-GeneralComp.eq	generalexpression80	https://github.com/w3c/qt3tests/blob/201a6e466940cdfc727f4babfedcde5332b9f578/prod/GeneralComp.eq.xml#L803	Unsupported environment with source
prod-GeneralComp.eq	generalexpression81	https://github.com/w3c/qt3tests/blob/201a6e466940cdfc727f4babfedcde5332b9f578/prod/GeneralComp.eq.xml#L813	Unsupported environment with source
prod-GeneralComp.eq	generalexpression82	https://github.com/w3c/qt3tests/blob/201a6e466940cdfc727f4babfedcde5332b9f578/prod/GeneralComp.eq.xml#L823	Unsupported environment with source
prod-GeneralComp.eq	generalexpression83	https://github.com/w3c/qt3tests/blob/201a6e466940cdfc727f4babfedcde5332b9f578/prod/GeneralComp.eq.xml#L833	Unsupported environment with source
prod-GeneralComp.eq	generalexpression84	https://github.com/w3c/qt3tests/blob/201a6e466940cdfc727f4babfedcde5332b9f578/prod/GeneralComp.eq.xml#L843	Unsupported dependencies spec XQ10+
prod-GeneralComp.eq	generalexpression85	https://github.com/w3c/qt3tests/blob/201a6e466940cdfc727f4babfedcde5332b9f578/prod/GeneralComp.eq.xml#L854	Unsupported dependencies spec XQ10+
prod-GeneralComp.eq	generalexpression86	https://github.com/w3c/qt3tests/blob/201a6e466940cdfc727f4babfedcde5332b9f578/prod/GeneralComp.eq.xml#L865	Unsupported dependencies spec XQ10+
prod-GeneralComp.eq	generalexpression87	https://github.com/w3c/qt3tests/blob/201a6e466940cdfc727f4babfedcde5332b9f578/prod/GeneralComp.eq.xml#L876	Unsupported environment with source
prod-GeneralComp.eq	generalexpression88	https://github.com/w3c/qt3tests/blob/201a6e466940cdfc727f4babfedcde5332b9f578/prod/GeneralComp.eq.xml#L886	Unsupported environment with source
prod-GeneralComp.eq	generalexpression89	https://github.com/w3c/qt3tests/blob/201a6e466940cdfc727f4babfedcde5332b9f578/prod/GeneralComp.eq.xml#L896	Unsupported environment with source
prod-GeneralComp.eq	generalexpression90	https://github.com/w3c/qt3tests/blob/201a6e466940cdfc727f4babfedcde5332b9f578/prod/GeneralComp.eq.xml#L907	Unsupported environment with source
prod-GeneralComp.eq	generalexpression91	https://github.com/w3c/qt3tests/blob/201a6e466940cdfc727f4babfedcde5332b9f578/prod/GeneralComp.eq.xml#L917	Unsupported environment with source
prod-GeneralComp.eq	generalexpression92	https://github.com/w3c/qt3tests/blob/201a6e466940cdfc727f4babfedcde5332b9f578/prod/GeneralComp.eq.xml#L927	Unsupported environment with source
prod-GeneralComp.eq	generalexpression93	https://github.com/w3c/qt3tests/blob/201a6e466940cdfc727f4babfedcde5332b9f578/prod/GeneralComp.eq.xml#L937	Unsupported environment with source
prod-GeneralComp.eq	generalexpression94	https://github.com/w3c/qt3tests/blob/201a6e466940cdfc727f4babfedcde5332b9f578/prod/GeneralComp.eq.xml#L947	Unsupported dependencies spec XQ10+
prod-GeneralComp.eq	generalexpression95	https://github.com/w3c/qt3tests/blob/201a6e466940cdfc727f4babfedcde5332b9f578/prod/GeneralComp.eq.xml#L958	Unsupported dependencies spec XQ10+
prod-GeneralComp.eq	generalexpression96	https://github.com/w3c/qt3tests/blob/201a6e466940cdfc727f4babfedcde5332b9f578/prod/GeneralComp.eq.xml#L969	Unsupported dependencies spec XQ10+
prod-GeneralComp.eq	generalexpression97	https://github.com/w3c/qt3tests/blob/201a6e466940cdfc727f4babfedcde5332b9f578/prod/GeneralComp.eq.xml#L980	Unsupported environment with source
prod-GeneralComp.eq	generalexpression98	https://github.com/w3c/qt3tests/blob/201a6e466940cdfc727f4babfedcde5332b9f578/prod/GeneralComp.eq.xml#L991	Unsupported environment with source
prod-GeneralComp.eq	generalexpression99	https://github.com/w3c/qt3tests/blob/201a6e466940cdfc727f4babfedcde5332b9f578/prod/GeneralComp.eq.xml#L1002	Unsupported environment with source
prod-GeneralComp.eq	K-GenCompEq-1	https://github.com/w3c/qt3tests/blob/201a6e466940cdfc727f4babfedcde5332b9f578/prod/GeneralComp.eq.xml#L1012	Unsupported sequenceExpr
prod-GeneralComp.eq	K-GenCompEq-2	https://github.com/w3c/qt3tests/blob/201a6e466940cdfc727f4babfedcde5332b9f578/prod/GeneralComp.eq.xml#L1021	Unsupported sequenceExpr
prod-GeneralComp.eq	K-GenCompEq-3	https://github.com/w3c/qt3tests/blob/201a6e466940cdfc727f4babfedcde5332b9f578/prod/GeneralComp.eq.xml#L1030	Unsupported sequenceExpr
prod-GeneralComp.eq	K-GenCompEq-4	https://github.com/w3c/qt3tests/blob/201a6e466940cdfc727f4babfedcde5332b9f578/prod/GeneralComp.eq.xml#L1039	Unsupported sequenceExpr
prod-GeneralComp.eq	K-GenCompEq-5	https://github.com/w3c/qt3tests/blob/201a6e466940cdfc727f4babfedcde5332b9f578/prod/GeneralComp.eq.xml#L1048	Invalid XPath: 1: 1 == 1\n      ^\n\nError: XPST0003: Failed to parse script. Expected -,+,validate,(#,.,[0-9]+,",',$,(,Q,[A-Z_a-z\\xC0-\\xD6\\xD8-\\xF6\\xF8-\\u02FF\\u0370-\\u037D\\u037F-\\u1FFF\\u200C\\u200D\\u2070-\\u218F\\u2C00-\\u2FEF\\u3001-\\uD7FF\\uF900-\\uFDCF\\uFDF0-\\uFFFD],[\\uD800-\\uDB7F],<,<!--,<?,document,element,attribute,namespace,text,comment,processing-instruction,function,map,[,array,``[,?,parent::,ancestor::,preceding-sibling::,preceding::,ancestor-or-self::,..,child::,descendant::,attribute::,self::,descendant-or-self::,following-sibling::,following::,document-node(,schema-element,schema-attribute(,processing-instruction(,processing-instruction(),comment(),text(),namespace-node(),node(),*:,*,/,//\n  at <>:1:4 - 1:5
prod-GeneralComp.eq	K-GenCompEq-6	https://github.com/w3c/qt3tests/blob/201a6e466940cdfc727f4babfedcde5332b9f578/prod/GeneralComp.eq.xml#L1057	Unsupported sequenceExpr
prod-GeneralComp.eq	K-GenCompEq-7	https://github.com/w3c/qt3tests/blob/201a6e466940cdfc727f4babfedcde5332b9f578/prod/GeneralComp.eq.xml#L1066	Unsupported sequenceExpr
prod-GeneralComp.eq	K-GenCompEq-8	https://github.com/w3c/qt3tests/blob/201a6e466940cdfc727f4babfedcde5332b9f578/prod/GeneralComp.eq.xml#L1075	Unsupported sequenceExpr
prod-GeneralComp.eq	K-GenCompEq-9	https://github.com/w3c/qt3tests/blob/201a6e466940cdfc727f4babfedcde5332b9f578/prod/GeneralComp.eq.xml#L1084	Unsupported cast type xs:untypedAtomic
prod-GeneralComp.eq	K-GenCompEq-10	https://github.com/w3c/qt3tests/blob/201a6e466940cdfc727f4babfedcde5332b9f578/prod/GeneralComp.eq.xml#L1096	Unsupported cast type xs:untypedAtomic
prod-GeneralComp.eq	K-GenCompEq-11	https://github.com/w3c/qt3tests/blob/201a6e466940cdfc727f4babfedcde5332b9f578/prod/GeneralComp.eq.xml#L1108	Unsupported cast type xs:untypedAtomic
prod-GeneralComp.eq	K-GenCompEq-12	https://github.com/w3c/qt3tests/blob/201a6e466940cdfc727f4babfedcde5332b9f578/prod/GeneralComp.eq.xml#L1117	Unsupported cast type xs:untypedAtomic
prod-GeneralComp.eq	K-GenCompEq-13	https://github.com/w3c/qt3tests/blob/201a6e466940cdfc727f4babfedcde5332b9f578/prod/GeneralComp.eq.xml#L1126	Unsupported cast type xs:untypedAtomic
prod-GeneralComp.eq	K-GenCompEq-14	https://github.com/w3c/qt3tests/blob/201a6e466940cdfc727f4babfedcde5332b9f578/prod/GeneralComp.eq.xml#L1135	Unsupported cast type xs:untypedAtomic
prod-GeneralComp.eq	K-GenCompEq-15	https://github.com/w3c/qt3tests/blob/201a6e466940cdfc727f4babfedcde5332b9f578/prod/GeneralComp.eq.xml#L1144	Unsupported cast type xs:untypedAtomic
prod-GeneralComp.eq	K-GenCompEq-16	https://github.com/w3c/qt3tests/blob/201a6e466940cdfc727f4babfedcde5332b9f578/prod/GeneralComp.eq.xml#L1153	Unsupported function fn:error#0
prod-GeneralComp.eq	K-GenCompEq-17	https://github.com/w3c/qt3tests/blob/201a6e466940cdfc727f4babfedcde5332b9f578/prod/GeneralComp.eq.xml#L1162	Unsupported function fn:error#0
prod-GeneralComp.eq	K-GenCompEq-18	https://github.com/w3c/qt3tests/blob/201a6e466940cdfc727f4babfedcde5332b9f578/prod/GeneralComp.eq.xml#L1171	Unsupported function fn:error#0
prod-GeneralComp.eq	K-GenCompEq-19	https://github.com/w3c/qt3tests/blob/201a6e466940cdfc727f4babfedcde5332b9f578/prod/GeneralComp.eq.xml#L1180	Unsupported function fn:error#0
prod-GeneralComp.eq	K-GenCompEq-20	https://github.com/w3c/qt3tests/blob/201a6e466940cdfc727f4babfedcde5332b9f578/prod/GeneralComp.eq.xml#L1189	Unsupported function fn:current-time#0
prod-GeneralComp.eq	K-GenCompEq-21	https://github.com/w3c/qt3tests/blob/201a6e466940cdfc727f4babfedcde5332b9f578/prod/GeneralComp.eq.xml#L1198	Unsupported function fn:current-time#0
prod-GeneralComp.eq	K-GenCompEq-22	https://github.com/w3c/qt3tests/blob/201a6e466940cdfc727f4babfedcde5332b9f578/prod/GeneralComp.eq.xml#L1207	Unsupported function fn:current-time#0
prod-GeneralComp.eq	K-GenCompEq-23	https://github.com/w3c/qt3tests/blob/201a6e466940cdfc727f4babfedcde5332b9f578/prod/GeneralComp.eq.xml#L1216	Unsupported cast type xs:anyURI
prod-GeneralComp.eq	K-GenCompEq-25	https://github.com/w3c/qt3tests/blob/201a6e466940cdfc727f4babfedcde5332b9f578/prod/GeneralComp.eq.xml#L1234	Unsupported cast type xs:untypedAtomic
prod-GeneralComp.eq	K-GenCompEq-26	https://github.com/w3c/qt3tests/blob/201a6e466940cdfc727f4babfedcde5332b9f578/prod/GeneralComp.eq.xml#L1243	Unsupported cast type xs:untypedAtomic
prod-GeneralComp.eq	K-GenCompEq-27	https://github.com/w3c/qt3tests/blob/201a6e466940cdfc727f4babfedcde5332b9f578/prod/GeneralComp.eq.xml#L1252	Unsupported cast type xs:untypedAtomic
prod-GeneralComp.eq	K-GenCompEq-28	https://github.com/w3c/qt3tests/blob/201a6e466940cdfc727f4babfedcde5332b9f578/prod/GeneralComp.eq.xml#L1261	Unsupported cast type xs:untypedAtomic
prod-GeneralComp.eq	K-GenCompEq-30	https://github.com/w3c/qt3tests/blob/201a6e466940cdfc727f4babfedcde5332b9f578/prod/GeneralComp.eq.xml#L1279	Unsupported sequenceExpr
prod-GeneralComp.eq	K-GenCompEq-31	https://github.com/w3c/qt3tests/blob/201a6e466940cdfc727f4babfedcde5332b9f578/prod/GeneralComp.eq.xml#L1288	Unsupported sequenceExpr
prod-GeneralComp.eq	K-GenCompEq-32	https://github.com/w3c/qt3tests/blob/201a6e466940cdfc727f4babfedcde5332b9f578/prod/GeneralComp.eq.xml#L1297	Unsupported sequenceExpr
prod-GeneralComp.eq	K-GenCompEq-33	https://github.com/w3c/qt3tests/blob/201a6e466940cdfc727f4babfedcde5332b9f578/prod/GeneralComp.eq.xml#L1309	Unsupported cast type xs:untypedAtomic
prod-GeneralComp.eq	K-GenCompEq-34	https://github.com/w3c/qt3tests/blob/201a6e466940cdfc727f4babfedcde5332b9f578/prod/GeneralComp.eq.xml#L1321	Unsupported cast type xs:untypedAtomic
prod-GeneralComp.eq	K-GenCompEq-35	https://github.com/w3c/qt3tests/blob/201a6e466940cdfc727f4babfedcde5332b9f578/prod/GeneralComp.eq.xml#L1333	Unsupported cast type xs:untypedAtomic
prod-GeneralComp.eq	K-GenCompEq-37	https://github.com/w3c/qt3tests/blob/201a6e466940cdfc727f4babfedcde5332b9f578/prod/GeneralComp.eq.xml#L1354	Unsupported sequenceExpr
prod-GeneralComp.eq	K-GenCompEq-38	https://github.com/w3c/qt3tests/blob/201a6e466940cdfc727f4babfedcde5332b9f578/prod/GeneralComp.eq.xml#L1363	Unsupported sequenceExpr
prod-GeneralComp.eq	K-GenCompEq-39	https://github.com/w3c/qt3tests/blob/201a6e466940cdfc727f4babfedcde5332b9f578/prod/GeneralComp.eq.xml#L1372	Unsupported sequenceExpr
prod-GeneralComp.eq	K-GenCompEq-40	https://github.com/w3c/qt3tests/blob/201a6e466940cdfc727f4babfedcde5332b9f578/prod/GeneralComp.eq.xml#L1381	Unsupported sequenceExpr
prod-GeneralComp.eq	K-GenCompEq-41	https://github.com/w3c/qt3tests/blob/201a6e466940cdfc727f4babfedcde5332b9f578/prod/GeneralComp.eq.xml#L1390	Unsupported sequenceExpr
prod-GeneralComp.eq	K-GenCompEq-42	https://github.com/w3c/qt3tests/blob/201a6e466940cdfc727f4babfedcde5332b9f578/prod/GeneralComp.eq.xml#L1399	Unsupported sequenceExpr
prod-GeneralComp.eq	K-GenCompEq-43	https://github.com/w3c/qt3tests/blob/201a6e466940cdfc727f4babfedcde5332b9f578/prod/GeneralComp.eq.xml#L1408	Unsupported cast type xs:untypedAtomic
prod-GeneralComp.eq	K-GenCompEq-44	https://github.com/w3c/qt3tests/blob/201a6e466940cdfc727f4babfedcde5332b9f578/prod/GeneralComp.eq.xml#L1417	Unsupported cast type xs:untypedAtomic
prod-GeneralComp.eq	K-GenCompEq-45	https://github.com/w3c/qt3tests/blob/201a6e466940cdfc727f4babfedcde5332b9f578/prod/GeneralComp.eq.xml#L1426	Unsupported cast type xs:untypedAtomic
prod-GeneralComp.eq	K-GenCompEq-46	https://github.com/w3c/qt3tests/blob/201a6e466940cdfc727f4babfedcde5332b9f578/prod/GeneralComp.eq.xml#L1435	Unsupported cast type xs:untypedAtomic
prod-GeneralComp.eq	K-GenCompEq-51	https://github.com/w3c/qt3tests/blob/201a6e466940cdfc727f4babfedcde5332b9f578/prod/GeneralComp.eq.xml#L1480	Unsupported cast type xs:untypedAtomic
prod-GeneralComp.eq	K-GenCompEq-54	https://github.com/w3c/qt3tests/blob/201a6e466940cdfc727f4babfedcde5332b9f578/prod/GeneralComp.eq.xml#L1507	Unsupported cast type xs:untypedAtomic
prod-GeneralComp.eq	K-GenCompEq-55	https://github.com/w3c/qt3tests/blob/201a6e466940cdfc727f4babfedcde5332b9f578/prod/GeneralComp.eq.xml#L1516	Unsupported cast type xs:untypedAtomic
prod-GeneralComp.eq	K-GenCompEq-56	https://github.com/w3c/qt3tests/blob/201a6e466940cdfc727f4babfedcde5332b9f578/prod/GeneralComp.eq.xml#L1525	Unsupported cast type xs:untypedAtomic
prod-GeneralComp.eq	K-GenCompEq-57	https://github.com/w3c/qt3tests/blob/201a6e466940cdfc727f4babfedcde5332b9f578/prod/GeneralComp.eq.xml#L1534	Unsupported cast type xs:untypedAtomic
prod-GeneralComp.eq	K-GenCompEq-58	https://github.com/w3c/qt3tests/blob/201a6e466940cdfc727f4babfedcde5332b9f578/prod/GeneralComp.eq.xml#L1543	Unsupported cast type xs:anyURI
prod-GeneralComp.eq	K-GenCompEq-59	https://github.com/w3c/qt3tests/blob/201a6e466940cdfc727f4babfedcde5332b9f578/prod/GeneralComp.eq.xml#L1552	Unsupported cast type xs:anyURI
prod-GeneralComp.eq	K2-GenCompEq-1	https://github.com/w3c/qt3tests/blob/201a6e466940cdfc727f4babfedcde5332b9f578/prod/GeneralComp.eq.xml#L1561	Unsupported dependencies spec XQ10+
prod-GeneralComp.eq	K2-GenCompEq-2	https://github.com/w3c/qt3tests/blob/201a6e466940cdfc727f4babfedcde5332b9f578/prod/GeneralComp.eq.xml#L1575	Unsupported dependencies spec XQ10+
prod-GeneralComp.eq	K2-GenCompEq-3	https://github.com/w3c/qt3tests/blob/201a6e466940cdfc727f4babfedcde5332b9f578/prod/GeneralComp.eq.xml#L1589	Unsupported dependencies spec XQ10+
prod-GeneralComp.eq	K2-GenCompEq-4	https://github.com/w3c/qt3tests/blob/201a6e466940cdfc727f4babfedcde5332b9f578/prod/GeneralComp.eq.xml#L1603	Unsupported dependencies spec XQ10+
prod-GeneralComp.eq	K2-GenCompEq-5	https://github.com/w3c/qt3tests/blob/201a6e466940cdfc727f4babfedcde5332b9f578/prod/GeneralComp.eq.xml#L1617	Unsupported dependencies spec XQ10+
prod-GeneralComp.eq	K2-GenCompEq-6	https://github.com/w3c/qt3tests/blob/201a6e466940cdfc727f4babfedcde5332b9f578/prod/GeneralComp.eq.xml#L1631	Unsupported dependencies spec XQ10+
prod-GeneralComp.eq	K2-GenCompEq-7	https://github.com/w3c/qt3tests/blob/201a6e466940cdfc727f4babfedcde5332b9f578/prod/GeneralComp.eq.xml#L1645	Unsupported varName
prod-GeneralComp.eq	K2-GenCompEq-8	https://github.com/w3c/qt3tests/blob/201a6e466940cdfc727f4babfedcde5332b9f578/prod/GeneralComp.eq.xml#L1658	Unsupported dependencies spec XQ10+
prod-GeneralComp.eq	GenCompEq-1	https://github.com/w3c/qt3tests/blob/201a6e466940cdfc727f4babfedcde5332b9f578/prod/GeneralComp.eq.xml#L1671	Unsupported cast type xs:untypedAtomic
prod-GeneralComp.eq	GenCompEq-2	https://github.com/w3c/qt3tests/blob/201a6e466940cdfc727f4babfedcde5332b9f578/prod/GeneralComp.eq.xml#L1680	Unsupported cast type xs:untypedAtomic
prod-GeneralComp.eq	GenCompEq-3	https://github.com/w3c/qt3tests/blob/201a6e466940cdfc727f4babfedcde5332b9f578/prod/GeneralComp.eq.xml#L1689	Unsupported cast type xs:untypedAtomic
prod-GeneralComp.eq	GenCompEq-4	https://github.com/w3c/qt3tests/blob/201a6e466940cdfc727f4babfedcde5332b9f578/prod/GeneralComp.eq.xml#L1698	Unsupported cast type xs:untypedAtomic
prod-GeneralComp.eq	GenCompEq-5	https://github.com/w3c/qt3tests/blob/201a6e466940cdfc727f4babfedcde5332b9f578/prod/GeneralComp.eq.xml#L1707	Unsupported cast type xs:untypedAtomic
prod-GeneralComp.eq	GenCompEq-6	https://github.com/w3c/qt3tests/blob/201a6e466940cdfc727f4babfedcde5332b9f578/prod/GeneralComp.eq.xml#L1716	Unsupported cast type xs:untypedAtomic
prod-GeneralComp.eq	GenCompEq-7	https://github.com/w3c/qt3tests/blob/201a6e466940cdfc727f4babfedcde5332b9f578/prod/GeneralComp.eq.xml#L1725	Unsupported arrayElem
prod-GeneralComp.eq	GenCompEq-8	https://github.com/w3c/qt3tests/blob/201a6e466940cdfc727f4babfedcde5332b9f578/prod/GeneralComp.eq.xml#L1735	Unsupported arrayElem
prod-GeneralComp.eq	GenCompEq-9	https://github.com/w3c/qt3tests/blob/201a6e466940cdfc727f4babfedcde5332b9f578/prod/GeneralComp.eq.xml#L1745	Unsupported arrayElem
prod-GeneralComp.eq	GenCompEq-10	https://github.com/w3c/qt3tests/blob/201a6e466940cdfc727f4babfedcde5332b9f578/prod/GeneralComp.eq.xml#L1755	Unsupported dependencies spec XQ30+
prod-GeneralComp.eq	GenCompEq-11	https://github.com/w3c/qt3tests/blob/201a6e466940cdfc727f4babfedcde5332b9f578/prod/GeneralComp.eq.xml#L1765	Unsupported dependencies spec XQ30+
prod-GeneralComp.eq	GenCompEq-12	https://github.com/w3c/qt3tests/blob/201a6e466940cdfc727f4babfedcde5332b9f578/prod/GeneralComp.eq.xml#L1775	Unsupported dependencies spec XQ30+
prod-GeneralComp.eq	GenCompEq-13	https://github.com/w3c/qt3tests/blob/201a6e466940cdfc727f4babfedcde5332b9f578/prod/GeneralComp.eq.xml#L1785	Unsupported dependencies spec XQ30+
prod-GeneralComp.eq	GenCompEq-14	https://github.com/w3c/qt3tests/blob/201a6e466940cdfc727f4babfedcde5332b9f578/prod/GeneralComp.eq.xml#L1795	Unsupported dependencies spec XQ30+
prod-GeneralComp.eq	GenCompEq-15	https://github.com/w3c/qt3tests/blob/201a6e466940cdfc727f4babfedcde5332b9f578/prod/GeneralComp.eq.xml#L1805	Unsupported dependencies spec XQ30+
prod-GeneralComp.eq	GenCompEq-16	https://github.com/w3c/qt3tests/blob/201a6e466940cdfc727f4babfedcde5332b9f578/prod/GeneralComp.eq.xml#L1815	Unsupported dependencies spec XQ30+
prod-GeneralComp.eq	GenCompEq-17	https://github.com/w3c/qt3tests/blob/201a6e466940cdfc727f4babfedcde5332b9f578/prod/GeneralComp.eq.xml#L1825	Unsupported dependencies spec XQ30+
prod-GeneralComp.eq	GenCompEq-18	https://github.com/w3c/qt3tests/blob/201a6e466940cdfc727f4babfedcde5332b9f578/prod/GeneralComp.eq.xml#L1835	Unsupported dependencies spec XQ30+
prod-GeneralComp.eq	GenCompEq-19	https://github.com/w3c/qt3tests/blob/201a6e466940cdfc727f4babfedcde5332b9f578/prod/GeneralComp.eq.xml#L1845	Unsupported dependencies spec XQ30+
prod-GeneralComp.eq	GenCompEq-20	https://github.com/w3c/qt3tests/blob/201a6e466940cdfc727f4babfedcde5332b9f578/prod/GeneralComp.eq.xml#L1855	Unsupported dependencies spec XQ30+
prod-GeneralComp.eq	GenCompEq-21	https://github.com/w3c/qt3tests/blob/201a6e466940cdfc727f4babfedcde5332b9f578/prod/GeneralComp.eq.xml#L1865	Unsupported dependencies spec XQ30+
prod-GeneralComp.eq	GenCompEq-22	https://github.com/w3c/qt3tests/blob/201a6e466940cdfc727f4babfedcde5332b9f578/prod/GeneralComp.eq.xml#L1875	Unsupported dependencies spec XQ30+
prod-GeneralComp.eq	GenCompEq-23	https://github.com/w3c/qt3tests/blob/201a6e466940cdfc727f4babfedcde5332b9f578/prod/GeneralComp.eq.xml#L1889	Unsupported dependencies spec XQ30+
prod-GeneralComp.eq	GenCompEq-24	https://github.com/w3c/qt3tests/blob/201a6e466940cdfc727f4babfedcde5332b9f578/prod/GeneralComp.eq.xml#L1901	Invalid XPath: 1: true() = true() = true() = true()\n                   ^\n\nError: XPST0003: Failed to parse script. Expected end of input\n  at <>:1:17 - 1:18
prod-GeneralComp.eq	GenCompEq-26	https://github.com/w3c/qt3tests/blob/201a6e466940cdfc727f4babfedcde5332b9f578/prod/GeneralComp.eq.xml#L1919	Unsupported dependencies spec XQ30+, feature schemaImport
prod-GeneralComp.eq	GenCompEq-27	https://github.com/w3c/qt3tests/blob/201a6e466940cdfc727f4babfedcde5332b9f578/prod/GeneralComp.eq.xml#L1934	Unsupported dependencies spec XQ30+, feature schemaImport
prod-GeneralComp.ge	generalexpression496	https://github.com/w3c/qt3tests/blob/201a6e466940cdfc727f4babfedcde5332b9f578/prod/GeneralComp.ge.xml#L10	Unsupported sequenceExpr
prod-GeneralComp.ge	generalexpression497	https://github.com/w3c/qt3tests/blob/201a6e466940cdfc727f4babfedcde5332b9f578/prod/GeneralComp.ge.xml#L19	Unsupported sequenceExpr
prod-GeneralComp.ge	generalexpression498	https://github.com/w3c/qt3tests/blob/201a6e466940cdfc727f4babfedcde5332b9f578/prod/GeneralComp.ge.xml#L28	Unsupported sequenceExpr
prod-GeneralComp.ge	generalexpression499	https://github.com/w3c/qt3tests/blob/201a6e466940cdfc727f4babfedcde5332b9f578/prod/GeneralComp.ge.xml#L37	Unsupported sequenceExpr
prod-GeneralComp.ge	generalexpression500	https://github.com/w3c/qt3tests/blob/201a6e466940cdfc727f4babfedcde5332b9f578/prod/GeneralComp.ge.xml#L46	Unsupported dependencies spec XQ10+
prod-GeneralComp.ge	generalexpression501	https://github.com/w3c/qt3tests/blob/201a6e466940cdfc727f4babfedcde5332b9f578/prod/GeneralComp.ge.xml#L56	Unsupported dependencies spec XQ10+
prod-GeneralComp.ge	generalexpression502	https://github.com/w3c/qt3tests/blob/201a6e466940cdfc727f4babfedcde5332b9f578/prod/GeneralComp.ge.xml#L66	Unsupported dependencies spec XQ10+
prod-GeneralComp.ge	generalexpression503	https://github.com/w3c/qt3tests/blob/201a6e466940cdfc727f4babfedcde5332b9f578/prod/GeneralComp.ge.xml#L76	Unsupported environment with source
prod-GeneralComp.ge	generalexpression504	https://github.com/w3c/qt3tests/blob/201a6e466940cdfc727f4babfedcde5332b9f578/prod/GeneralComp.ge.xml#L86	Unsupported environment with source
prod-GeneralComp.ge	generalexpression505	https://github.com/w3c/qt3tests/blob/201a6e466940cdfc727f4babfedcde5332b9f578/prod/GeneralComp.ge.xml#L96	Unsupported environment with source
prod-GeneralComp.ge	generalexpression506	https://github.com/w3c/qt3tests/blob/201a6e466940cdfc727f4babfedcde5332b9f578/prod/GeneralComp.ge.xml#L106	Unsupported sequenceExpr
prod-GeneralComp.ge	generalexpression508	https://github.com/w3c/qt3tests/blob/201a6e466940cdfc727f4babfedcde5332b9f578/prod/GeneralComp.ge.xml#L124	Unsupported sequenceExpr
prod-GeneralComp.ge	generalexpression509	https://github.com/w3c/qt3tests/blob/201a6e466940cdfc727f4babfedcde5332b9f578/prod/GeneralComp.ge.xml#L133	Unsupported dependencies spec XQ10+
prod-GeneralComp.ge	generalexpression510	https://github.com/w3c/qt3tests/blob/201a6e466940cdfc727f4babfedcde5332b9f578/prod/GeneralComp.ge.xml#L143	Unsupported dependencies spec XQ10+
prod-GeneralComp.ge	generalexpression511	https://github.com/w3c/qt3tests/blob/201a6e466940cdfc727f4babfedcde5332b9f578/prod/GeneralComp.ge.xml#L153	Unsupported dependencies spec XQ10+
prod-GeneralComp.ge	generalexpression512	https://github.com/w3c/qt3tests/blob/201a6e466940cdfc727f4babfedcde5332b9f578/prod/GeneralComp.ge.xml#L163	Unsupported environment with source
prod-GeneralComp.ge	generalexpression513	https://github.com/w3c/qt3tests/blob/201a6e466940cdfc727f4babfedcde5332b9f578/prod/GeneralComp.ge.xml#L173	Unsupported environment with source
prod-GeneralComp.ge	generalexpression514	https://github.com/w3c/qt3tests/blob/201a6e466940cdfc727f4babfedcde5332b9f578/prod/GeneralComp.ge.xml#L183	Unsupported environment with source
prod-GeneralComp.ge	generalexpression515	https://github.com/w3c/qt3tests/blob/201a6e466940cdfc727f4babfedcde5332b9f578/prod/GeneralComp.ge.xml#L193	Unsupported sequenceExpr
prod-GeneralComp.ge	generalexpression518	https://github.com/w3c/qt3tests/blob/201a6e466940cdfc727f4babfedcde5332b9f578/prod/GeneralComp.ge.xml#L220	Unsupported sequenceExpr
prod-GeneralComp.ge	generalexpression519	https://github.com/w3c/qt3tests/blob/201a6e466940cdfc727f4babfedcde5332b9f578/prod/GeneralComp.ge.xml#L229	Unsupported dependencies spec XQ10+
prod-GeneralComp.ge	generalexpression520	https://github.com/w3c/qt3tests/blob/201a6e466940cdfc727f4babfedcde5332b9f578/prod/GeneralComp.ge.xml#L239	Unsupported dependencies spec XQ10+
prod-GeneralComp.ge	generalexpression521	https://github.com/w3c/qt3tests/blob/201a6e466940cdfc727f4babfedcde5332b9f578/prod/GeneralComp.ge.xml#L249	Unsupported dependencies spec XQ10+
prod-GeneralComp.ge	generalexpression522	https://github.com/w3c/qt3tests/blob/201a6e466940cdfc727f4babfedcde5332b9f578/prod/GeneralComp.ge.xml#L259	Unsupported environment with source
prod-GeneralComp.ge	generalexpression523	https://github.com/w3c/qt3tests/blob/201a6e466940cdfc727f4babfedcde5332b9f578/prod/GeneralComp.ge.xml#L269	Unsupported environment with source
prod-GeneralComp.ge	generalexpression524	https://github.com/w3c/qt3tests/blob/201a6e466940cdfc727f4babfedcde5332b9f578/prod/GeneralComp.ge.xml#L279	Unsupported environment with source
prod-GeneralComp.ge	generalexpression525	https://github.com/w3c/qt3tests/blob/201a6e466940cdfc727f4babfedcde5332b9f578/prod/GeneralComp.ge.xml#L289	Unsupported sequenceExpr
prod-GeneralComp.ge	generalexpression526	https://github.com/w3c/qt3tests/blob/201a6e466940cdfc727f4babfedcde5332b9f578/prod/GeneralComp.ge.xml#L298	Unsupported sequenceExpr
prod-GeneralComp.ge	generalexpression527	https://github.com/w3c/qt3tests/blob/201a6e466940cdfc727f4babfedcde5332b9f578/prod/GeneralComp.ge.xml#L307	Unsupported sequenceExpr
prod-GeneralComp.ge	generalexpression528	https://github.com/w3c/qt3tests/blob/201a6e466940cdfc727f4babfedcde5332b9f578/prod/GeneralComp.ge.xml#L316	Unsupported sequenceExpr
prod-GeneralComp.ge	generalexpression529	https://github.com/w3c/qt3tests/blob/201a6e466940cdfc727f4babfedcde5332b9f578/prod/GeneralComp.ge.xml#L325	Unsupported dependencies spec XQ10+
prod-GeneralComp.ge	generalexpression530	https://github.com/w3c/qt3tests/blob/201a6e466940cdfc727f4babfedcde5332b9f578/prod/GeneralComp.ge.xml#L335	Unsupported dependencies spec XQ10+
prod-GeneralComp.ge	generalexpression531	https://github.com/w3c/qt3tests/blob/201a6e466940cdfc727f4babfedcde5332b9f578/prod/GeneralComp.ge.xml#L345	Unsupported dependencies spec XQ10+
prod-GeneralComp.ge	generalexpression532	https://github.com/w3c/qt3tests/blob/201a6e466940cdfc727f4babfedcde5332b9f578/prod/GeneralComp.ge.xml#L355	Unsupported environment with source
prod-GeneralComp.ge	generalexpression533	https://github.com/w3c/qt3tests/blob/201a6e466940cdfc727f4babfedcde5332b9f578/prod/GeneralComp.ge.xml#L365	Unsupported environment with source
prod-GeneralComp.ge	generalexpression534	https://github.com/w3c/qt3tests/blob/201a6e466940cdfc727f4babfedcde5332b9f578/prod/GeneralComp.ge.xml#L375	Unsupported environment with source
prod-GeneralComp.ge	generalexpression535	https://github.com/w3c/qt3tests/blob/201a6e466940cdfc727f4babfedcde5332b9f578/prod/GeneralComp.ge.xml#L385	Unsupported dependencies spec XQ10+
prod-GeneralComp.ge	generalexpression536	https://github.com/w3c/qt3tests/blob/201a6e466940cdfc727f4babfedcde5332b9f578/prod/GeneralComp.ge.xml#L395	Unsupported dependencies spec XQ10+
prod-GeneralComp.ge	generalexpression537	https://github.com/w3c/qt3tests/blob/201a6e466940cdfc727f4babfedcde5332b9f578/prod/GeneralComp.ge.xml#L405	Unsupported dependencies spec XQ10+
prod-GeneralComp.ge	generalexpression538	https://github.com/w3c/qt3tests/blob/201a6e466940cdfc727f4babfedcde5332b9f578/prod/GeneralComp.ge.xml#L415	Unsupported dependencies spec XQ10+
prod-GeneralComp.ge	generalexpression539	https://github.com/w3c/qt3tests/blob/201a6e466940cdfc727f4babfedcde5332b9f578/prod/GeneralComp.ge.xml#L425	Unsupported dependencies spec XQ10+
prod-GeneralComp.ge	generalexpression540	https://github.com/w3c/qt3tests/blob/201a6e466940cdfc727f4babfedcde5332b9f578/prod/GeneralComp.ge.xml#L435	Unsupported dependencies spec XQ10+
prod-GeneralComp.ge	generalexpression541	https://github.com/w3c/qt3tests/blob/201a6e466940cdfc727f4babfedcde5332b9f578/prod/GeneralComp.ge.xml#L445	Unsupported dependencies spec XQ10+
prod-GeneralComp.ge	generalexpression542	https://github.com/w3c/qt3tests/blob/201a6e466940cdfc727f4babfedcde5332b9f578/prod/GeneralComp.ge.xml#L455	Unsupported dependencies spec XQ10+
prod-GeneralComp.ge	generalexpression543	https://github.com/w3c/qt3tests/blob/201a6e466940cdfc727f4babfedcde5332b9f578/prod/GeneralComp.ge.xml#L466	Unsupported dependencies spec XQ10+
prod-GeneralComp.ge	generalexpression544	https://github.com/w3c/qt3tests/blob/201a6e466940cdfc727f4babfedcde5332b9f578/prod/GeneralComp.ge.xml#L477	Unsupported dependencies spec XQ10+
prod-GeneralComp.ge	generalexpression545	https://github.com/w3c/qt3tests/blob/201a6e466940cdfc727f4babfedcde5332b9f578/prod/GeneralComp.ge.xml#L488	Unsupported dependencies spec XQ10+
prod-GeneralComp.ge	generalexpression546	https://github.com/w3c/qt3tests/blob/201a6e466940cdfc727f4babfedcde5332b9f578/prod/GeneralComp.ge.xml#L498	Unsupported dependencies spec XQ10+
prod-GeneralComp.ge	generalexpression547	https://github.com/w3c/qt3tests/blob/201a6e466940cdfc727f4babfedcde5332b9f578/prod/GeneralComp.ge.xml#L508	Unsupported dependencies spec XQ10+
prod-GeneralComp.ge	generalexpression548	https://github.com/w3c/qt3tests/blob/201a6e466940cdfc727f4babfedcde5332b9f578/prod/GeneralComp.ge.xml#L518	Unsupported dependencies spec XQ10+
prod-GeneralComp.ge	generalexpression549	https://github.com/w3c/qt3tests/blob/201a6e466940cdfc727f4babfedcde5332b9f578/prod/GeneralComp.ge.xml#L528	Unsupported dependencies spec XQ10+
prod-GeneralComp.ge	generalexpression550	https://github.com/w3c/qt3tests/blob/201a6e466940cdfc727f4babfedcde5332b9f578/prod/GeneralComp.ge.xml#L538	Unsupported dependencies spec XQ10+
prod-GeneralComp.ge	generalexpression551	https://github.com/w3c/qt3tests/blob/201a6e466940cdfc727f4babfedcde5332b9f578/prod/GeneralComp.ge.xml#L548	Unsupported dependencies spec XQ10+
prod-GeneralComp.ge	generalexpression552	https://github.com/w3c/qt3tests/blob/201a6e466940cdfc727f4babfedcde5332b9f578/prod/GeneralComp.ge.xml#L558	Unsupported dependencies spec XQ10+
prod-GeneralComp.ge	generalexpression553	https://github.com/w3c/qt3tests/blob/201a6e466940cdfc727f4babfedcde5332b9f578/prod/GeneralComp.ge.xml#L569	Unsupported dependencies spec XQ10+
prod-GeneralComp.ge	generalexpression554	https://github.com/w3c/qt3tests/blob/201a6e466940cdfc727f4babfedcde5332b9f578/prod/GeneralComp.ge.xml#L580	Unsupported dependencies spec XQ10+
prod-GeneralComp.ge	generalexpression555	https://github.com/w3c/qt3tests/blob/201a6e466940cdfc727f4babfedcde5332b9f578/prod/GeneralComp.ge.xml#L591	Unsupported dependencies spec XQ10+
prod-GeneralComp.ge	generalexpression556	https://github.com/w3c/qt3tests/blob/201a6e466940cdfc727f4babfedcde5332b9f578/prod/GeneralComp.ge.xml#L601	Unsupported dependencies spec XQ10+
prod-GeneralComp.ge	generalexpression557	https://github.com/w3c/qt3tests/blob/201a6e466940cdfc727f4babfedcde5332b9f578/prod/GeneralComp.ge.xml#L611	Unsupported dependencies spec XQ10+
prod-GeneralComp.ge	generalexpression558	https://github.com/w3c/qt3tests/blob/201a6e466940cdfc727f4babfedcde5332b9f578/prod/GeneralComp.ge.xml#L621	Unsupported dependencies spec XQ10+
prod-GeneralComp.ge	generalexpression559	https://github.com/w3c/qt3tests/blob/201a6e466940cdfc727f4babfedcde5332b9f578/prod/GeneralComp.ge.xml#L631	Unsupported dependencies spec XQ10+
prod-GeneralComp.ge	generalexpression560	https://github.com/w3c/qt3tests/blob/201a6e466940cdfc727f4babfedcde5332b9f578/prod/GeneralComp.ge.xml#L641	Unsupported dependencies spec XQ10+
prod-GeneralComp.ge	generalexpression561	https://github.com/w3c/qt3tests/blob/201a6e466940cdfc727f4babfedcde5332b9f578/prod/GeneralComp.ge.xml#L651	Unsupported dependencies spec XQ10+
prod-GeneralComp.ge	generalexpression562	https://github.com/w3c/qt3tests/blob/201a6e466940cdfc727f4babfedcde5332b9f578/prod/GeneralComp.ge.xml#L661	Unsupported dependencies spec XQ10+
prod-GeneralComp.ge	generalexpression563	https://github.com/w3c/qt3tests/blob/201a6e466940cdfc727f4babfedcde5332b9f578/prod/GeneralComp.ge.xml#L672	Unsupported dependencies spec XQ10+
prod-GeneralComp.ge	generalexpression564	https://github.com/w3c/qt3tests/blob/201a6e466940cdfc727f4babfedcde5332b9f578/prod/GeneralComp.ge.xml#L683	Unsupported dependencies spec XQ10+
prod-GeneralComp.ge	generalexpression565	https://github.com/w3c/qt3tests/blob/201a6e466940cdfc727f4babfedcde5332b9f578/prod/GeneralComp.ge.xml#L694	Unsupported environment with source
prod-GeneralComp.ge	generalexpression566	https://github.com/w3c/qt3tests/blob/201a6e466940cdfc727f4babfedcde5332b9f578/prod/GeneralComp.ge.xml#L704	Unsupported environment with source
prod-GeneralComp.ge	generalexpression567	https://github.com/w3c/qt3tests/blob/201a6e466940cdfc727f4babfedcde5332b9f578/prod/GeneralComp.ge.xml#L714	Unsupported environment with source
prod-GeneralComp.ge	generalexpression568	https://github.com/w3c/qt3tests/blob/201a6e466940cdfc727f4babfedcde5332b9f578/prod/GeneralComp.ge.xml#L724	Unsupported environment with source
prod-GeneralComp.ge	generalexpression569	https://github.com/w3c/qt3tests/blob/201a6e466940cdfc727f4babfedcde5332b9f578/prod/GeneralComp.ge.xml#L734	Unsupported dependencies spec XQ10+
prod-GeneralComp.ge	generalexpression570	https://github.com/w3c/qt3tests/blob/201a6e466940cdfc727f4babfedcde5332b9f578/prod/GeneralComp.ge.xml#L745	Unsupported dependencies spec XQ10+
prod-GeneralComp.ge	generalexpression571	https://github.com/w3c/qt3tests/blob/201a6e466940cdfc727f4babfedcde5332b9f578/prod/GeneralComp.ge.xml#L756	Unsupported dependencies spec XQ10+
prod-GeneralComp.ge	generalexpression572	https://github.com/w3c/qt3tests/blob/201a6e466940cdfc727f4babfedcde5332b9f578/prod/GeneralComp.ge.xml#L767	Unsupported environment with source
prod-GeneralComp.ge	generalexpression573	https://github.com/w3c/qt3tests/blob/201a6e466940cdfc727f4babfedcde5332b9f578/prod/GeneralComp.ge.xml#L777	Unsupported environment with source
prod-GeneralComp.ge	generalexpression574	https://github.com/w3c/qt3tests/blob/201a6e466940cdfc727f4babfedcde5332b9f578/prod/GeneralComp.ge.xml#L787	Unsupported environment with source
prod-GeneralComp.ge	generalexpression575	https://github.com/w3c/qt3tests/blob/201a6e466940cdfc727f4babfedcde5332b9f578/prod/GeneralComp.ge.xml#L797	Unsupported environment with source
prod-GeneralComp.ge	generalexpression576	https://github.com/w3c/qt3tests/blob/201a6e466940cdfc727f4babfedcde5332b9f578/prod/GeneralComp.ge.xml#L807	Unsupported environment with source
prod-GeneralComp.ge	generalexpression577	https://github.com/w3c/qt3tests/blob/201a6e466940cdfc727f4babfedcde5332b9f578/prod/GeneralComp.ge.xml#L817	Unsupported environment with source
prod-GeneralComp.ge	generalexpression578	https://github.com/w3c/qt3tests/blob/201a6e466940cdfc727f4babfedcde5332b9f578/prod/GeneralComp.ge.xml#L827	Unsupported environment with source
prod-GeneralComp.ge	generalexpression579	https://github.com/w3c/qt3tests/blob/201a6e466940cdfc727f4babfedcde5332b9f578/prod/GeneralComp.ge.xml#L837	Unsupported dependencies spec XQ10+
prod-GeneralComp.ge	generalexpression580	https://github.com/w3c/qt3tests/blob/201a6e466940cdfc727f4babfedcde5332b9f578/prod/GeneralComp.ge.xml#L848	Unsupported dependencies spec XQ10+
prod-GeneralComp.ge	generalexpression581	https://github.com/w3c/qt3tests/blob/201a6e466940cdfc727f4babfedcde5332b9f578/prod/GeneralComp.ge.xml#L859	Unsupported dependencies spec XQ10+
prod-GeneralComp.ge	generalexpression582	https://github.com/w3c/qt3tests/blob/201a6e466940cdfc727f4babfedcde5332b9f578/prod/GeneralComp.ge.xml#L870	Unsupported environment with source
prod-GeneralComp.ge	generalexpression583	https://github.com/w3c/qt3tests/blob/201a6e466940cdfc727f4babfedcde5332b9f578/prod/GeneralComp.ge.xml#L880	Unsupported environment with source
prod-GeneralComp.ge	generalexpression584	https://github.com/w3c/qt3tests/blob/201a6e466940cdfc727f4babfedcde5332b9f578/prod/GeneralComp.ge.xml#L890	Unsupported environment with source
prod-GeneralComp.ge	generalexpression585	https://github.com/w3c/qt3tests/blob/201a6e466940cdfc727f4babfedcde5332b9f578/prod/GeneralComp.ge.xml#L900	Unsupported environment with source
prod-GeneralComp.ge	generalexpression586	https://github.com/w3c/qt3tests/blob/201a6e466940cdfc727f4babfedcde5332b9f578/prod/GeneralComp.ge.xml#L910	Unsupported environment with source
prod-GeneralComp.ge	generalexpression587	https://github.com/w3c/qt3tests/blob/201a6e466940cdfc727f4babfedcde5332b9f578/prod/GeneralComp.ge.xml#L920	Unsupported environment with source
prod-GeneralComp.ge	generalexpression588	https://github.com/w3c/qt3tests/blob/201a6e466940cdfc727f4babfedcde5332b9f578/prod/GeneralComp.ge.xml#L930	Unsupported environment with source
prod-GeneralComp.ge	generalexpression589	https://github.com/w3c/qt3tests/blob/201a6e466940cdfc727f4babfedcde5332b9f578/prod/GeneralComp.ge.xml#L940	Unsupported dependencies spec XQ10+
prod-GeneralComp.ge	generalexpression590	https://github.com/w3c/qt3tests/blob/201a6e466940cdfc727f4babfedcde5332b9f578/prod/GeneralComp.ge.xml#L951	Unsupported dependencies spec XQ10+
prod-GeneralComp.ge	generalexpression591	https://github.com/w3c/qt3tests/blob/201a6e466940cdfc727f4babfedcde5332b9f578/prod/GeneralComp.ge.xml#L962	Unsupported dependencies spec XQ10+
prod-GeneralComp.ge	generalexpression592	https://github.com/w3c/qt3tests/blob/201a6e466940cdfc727f4babfedcde5332b9f578/prod/GeneralComp.ge.xml#L973	Unsupported environment with source
prod-GeneralComp.ge	generalexpression593	https://github.com/w3c/qt3tests/blob/201a6e466940cdfc727f4babfedcde5332b9f578/prod/GeneralComp.ge.xml#L983	Unsupported environment with source
prod-GeneralComp.ge	generalexpression594	https://github.com/w3c/qt3tests/blob/201a6e466940cdfc727f4babfedcde5332b9f578/prod/GeneralComp.ge.xml#L993	Unsupported environment with source
prod-GeneralComp.ge	generalexpression595	https://github.com/w3c/qt3tests/blob/201a6e466940cdfc727f4babfedcde5332b9f578/prod/GeneralComp.ge.xml#L1003	Unsupported dependencies spec XQ30+
prod-GeneralComp.ge	generalexpression596	https://github.com/w3c/qt3tests/blob/201a6e466940cdfc727f4babfedcde5332b9f578/prod/GeneralComp.ge.xml#L1015	Unsupported dependencies spec XQ30+
prod-GeneralComp.ge	greaterthaneqonanyuri-1	https://github.com/w3c/qt3tests/blob/201a6e466940cdfc727f4babfedcde5332b9f578/prod/GeneralComp.ge.xml#L1027	Unsupported cast type xs:anyURI
prod-GeneralComp.ge	K-GenCompGTEQ-1	https://github.com/w3c/qt3tests/blob/201a6e466940cdfc727f4babfedcde5332b9f578/prod/GeneralComp.ge.xml#L1036	Unsupported sequenceExpr
prod-GeneralComp.ge	K-GenCompGTEQ-2	https://github.com/w3c/qt3tests/blob/201a6e466940cdfc727f4babfedcde5332b9f578/prod/GeneralComp.ge.xml#L1045	Unsupported sequenceExpr
prod-GeneralComp.ge	K-GenCompGTEQ-3	https://github.com/w3c/qt3tests/blob/201a6e466940cdfc727f4babfedcde5332b9f578/prod/GeneralComp.ge.xml#L1054	Unsupported sequenceExpr
prod-GeneralComp.ge	K-GenCompGTEQ-4	https://github.com/w3c/qt3tests/blob/201a6e466940cdfc727f4babfedcde5332b9f578/prod/GeneralComp.ge.xml#L1063	Invalid XPath: 1: 1 =>; 1\n      ^\n\nError: XPST0003: Failed to parse script. Expected -,+,validate,(#,.,[0-9]+,",',$,(,Q,[A-Z_a-z\\xC0-\\xD6\\xD8-\\xF6\\xF8-\\u02FF\\u0370-\\u037D\\u037F-\\u1FFF\\u200C\\u200D\\u2070-\\u218F\\u2C00-\\u2FEF\\u3001-\\uD7FF\\uF900-\\uFDCF\\uFDF0-\\uFFFD],[\\uD800-\\uDB7F],<,<!--,<?,document,element,attribute,namespace,text,comment,processing-instruction,function,map,[,array,``[,?,parent::,ancestor::,preceding-sibling::,preceding::,ancestor-or-self::,..,child::,descendant::,attribute::,self::,descendant-or-self::,following-sibling::,following::,document-node(,schema-element,schema-attribute(,processing-instruction(,processing-instruction(),comment(),text(),namespace-node(),node(),*:,*,/,//\n  at <>:1:4 - 1:5
prod-GeneralComp.ge	K-GenCompGTEQ-5	https://github.com/w3c/qt3tests/blob/201a6e466940cdfc727f4babfedcde5332b9f578/prod/GeneralComp.ge.xml#L1072	Unsupported function fn:current-time#0
prod-GeneralComp.ge	K-GenCompGTEQ-6	https://github.com/w3c/qt3tests/blob/201a6e466940cdfc727f4babfedcde5332b9f578/prod/GeneralComp.ge.xml#L1081	Unsupported cast type xs:untypedAtomic
prod-GeneralComp.ge	K-GenCompGTEQ-7	https://github.com/w3c/qt3tests/blob/201a6e466940cdfc727f4babfedcde5332b9f578/prod/GeneralComp.ge.xml#L1090	Unsupported cast type xs:untypedAtomic
prod-GeneralComp.ge	K-GenCompGTEQ-8	https://github.com/w3c/qt3tests/blob/201a6e466940cdfc727f4babfedcde5332b9f578/prod/GeneralComp.ge.xml#L1099	Unsupported cast type xs:untypedAtomic
prod-GeneralComp.ge	K-GenCompGTEQ-9	https://github.com/w3c/qt3tests/blob/201a6e466940cdfc727f4babfedcde5332b9f578/prod/GeneralComp.ge.xml#L1108	Unsupported cast type xs:untypedAtomic
prod-GeneralComp.ge	K-GenCompGTEQ-10	https://github.com/w3c/qt3tests/blob/201a6e466940cdfc727f4babfedcde5332b9f578/prod/GeneralComp.ge.xml#L1117	Unsupported dependencies spec XQ10+
prod-GeneralComp.gt	generalexpression397	https://github.com/w3c/qt3tests/blob/201a6e466940cdfc727f4babfedcde5332b9f578/prod/GeneralComp.gt.xml#L11	Unsupported sequenceExpr
prod-GeneralComp.gt	generalexpression398	https://github.com/w3c/qt3tests/blob/201a6e466940cdfc727f4babfedcde5332b9f578/prod/GeneralComp.gt.xml#L20	Unsupported sequenceExpr
prod-GeneralComp.gt	generalexpression399	https://github.com/w3c/qt3tests/blob/201a6e466940cdfc727f4babfedcde5332b9f578/prod/GeneralComp.gt.xml#L29	Unsupported sequenceExpr
prod-GeneralComp.gt	generalexpression400	https://github.com/w3c/qt3tests/blob/201a6e466940cdfc727f4babfedcde5332b9f578/prod/GeneralComp.gt.xml#L38	Unsupported sequenceExpr
prod-GeneralComp.gt	generalexpression401	https://github.com/w3c/qt3tests/blob/201a6e466940cdfc727f4babfedcde5332b9f578/prod/GeneralComp.gt.xml#L47	Unsupported dependencies spec XQ10+
prod-GeneralComp.gt	generalexpression402	https://github.com/w3c/qt3tests/blob/201a6e466940cdfc727f4babfedcde5332b9f578/prod/GeneralComp.gt.xml#L57	Unsupported dependencies spec XQ10+
prod-GeneralComp.gt	generalexpression403	https://github.com/w3c/qt3tests/blob/201a6e466940cdfc727f4babfedcde5332b9f578/prod/GeneralComp.gt.xml#L67	Unsupported dependencies spec XQ10+
prod-GeneralComp.gt	generalexpression404	https://github.com/w3c/qt3tests/blob/201a6e466940cdfc727f4babfedcde5332b9f578/prod/GeneralComp.gt.xml#L77	Unsupported environment with source
prod-GeneralComp.gt	generalexpression405	https://github.com/w3c/qt3tests/blob/201a6e466940cdfc727f4babfedcde5332b9f578/prod/GeneralComp.gt.xml#L87	Unsupported environment with source
prod-GeneralComp.gt	generalexpression406	https://github.com/w3c/qt3tests/blob/201a6e466940cdfc727f4babfedcde5332b9f578/prod/GeneralComp.gt.xml#L97	Unsupported environment with source
prod-GeneralComp.gt	generalexpression407	https://github.com/w3c/qt3tests/blob/201a6e466940cdfc727f4babfedcde5332b9f578/prod/GeneralComp.gt.xml#L107	Unsupported sequenceExpr
prod-GeneralComp.gt	generalexpression409	https://github.com/w3c/qt3tests/blob/201a6e466940cdfc727f4babfedcde5332b9f578/prod/GeneralComp.gt.xml#L125	Unsupported sequenceExpr
prod-GeneralComp.gt	generalexpression410	https://github.com/w3c/qt3tests/blob/201a6e466940cdfc727f4babfedcde5332b9f578/prod/GeneralComp.gt.xml#L134	Unsupported dependencies spec XQ10+
prod-GeneralComp.gt	generalexpression411	https://github.com/w3c/qt3tests/blob/201a6e466940cdfc727f4babfedcde5332b9f578/prod/GeneralComp.gt.xml#L144	Unsupported dependencies spec XQ10+
prod-GeneralComp.gt	generalexpression412	https://github.com/w3c/qt3tests/blob/201a6e466940cdfc727f4babfedcde5332b9f578/prod/GeneralComp.gt.xml#L154	Unsupported dependencies spec XQ10+
prod-GeneralComp.gt	generalexpression413	https://github.com/w3c/qt3tests/blob/201a6e466940cdfc727f4babfedcde5332b9f578/prod/GeneralComp.gt.xml#L164	Unsupported environment with source
prod-GeneralComp.gt	generalexpression414	https://github.com/w3c/qt3tests/blob/201a6e466940cdfc727f4babfedcde5332b9f578/prod/GeneralComp.gt.xml#L174	Unsupported environment with source
prod-GeneralComp.gt	generalexpression415	https://github.com/w3c/qt3tests/blob/201a6e466940cdfc727f4babfedcde5332b9f578/prod/GeneralComp.gt.xml#L184	Unsupported environment with source
prod-GeneralComp.gt	generalexpression416	https://github.com/w3c/qt3tests/blob/201a6e466940cdfc727f4babfedcde5332b9f578/prod/GeneralComp.gt.xml#L194	Unsupported sequenceExpr
prod-GeneralComp.gt	generalexpression419	https://github.com/w3c/qt3tests/blob/201a6e466940cdfc727f4babfedcde5332b9f578/prod/GeneralComp.gt.xml#L221	Unsupported sequenceExpr
prod-GeneralComp.gt	generalexpression420	https://github.com/w3c/qt3tests/blob/201a6e466940cdfc727f4babfedcde5332b9f578/prod/GeneralComp.gt.xml#L230	Unsupported dependencies spec XQ10+
prod-GeneralComp.gt	generalexpression421	https://github.com/w3c/qt3tests/blob/201a6e466940cdfc727f4babfedcde5332b9f578/prod/GeneralComp.gt.xml#L240	Unsupported dependencies spec XQ10+
prod-GeneralComp.gt	generalexpression422	https://github.com/w3c/qt3tests/blob/201a6e466940cdfc727f4babfedcde5332b9f578/prod/GeneralComp.gt.xml#L250	Unsupported dependencies spec XQ10+
prod-GeneralComp.gt	generalexpression423	https://github.com/w3c/qt3tests/blob/201a6e466940cdfc727f4babfedcde5332b9f578/prod/GeneralComp.gt.xml#L260	Unsupported environment with source
prod-GeneralComp.gt	generalexpression424	https://github.com/w3c/qt3tests/blob/201a6e466940cdfc727f4babfedcde5332b9f578/prod/GeneralComp.gt.xml#L270	Unsupported environment with source
prod-GeneralComp.gt	generalexpression425	https://github.com/w3c/qt3tests/blob/201a6e466940cdfc727f4babfedcde5332b9f578/prod/GeneralComp.gt.xml#L280	Unsupported environment with source
prod-GeneralComp.gt	generalexpression426	https://github.com/w3c/qt3tests/blob/201a6e466940cdfc727f4babfedcde5332b9f578/prod/GeneralComp.gt.xml#L290	Unsupported sequenceExpr
prod-GeneralComp.gt	generalexpression427	https://github.com/w3c/qt3tests/blob/201a6e466940cdfc727f4babfedcde5332b9f578/prod/GeneralComp.gt.xml#L299	Unsupported sequenceExpr
prod-GeneralComp.gt	generalexpression428	https://github.com/w3c/qt3tests/blob/201a6e466940cdfc727f4babfedcde5332b9f578/prod/GeneralComp.gt.xml#L308	Unsupported sequenceExpr
prod-GeneralComp.gt	generalexpression429	https://github.com/w3c/qt3tests/blob/201a6e466940cdfc727f4babfedcde5332b9f578/prod/GeneralComp.gt.xml#L317	Unsupported sequenceExpr
prod-GeneralComp.gt	generalexpression430	https://github.com/w3c/qt3tests/blob/201a6e466940cdfc727f4babfedcde5332b9f578/prod/GeneralComp.gt.xml#L326	Unsupported dependencies spec XQ10+
prod-GeneralComp.gt	generalexpression431	https://github.com/w3c/qt3tests/blob/201a6e466940cdfc727f4babfedcde5332b9f578/prod/GeneralComp.gt.xml#L336	Unsupported dependencies spec XQ10+
prod-GeneralComp.gt	generalexpression432	https://github.com/w3c/qt3tests/blob/201a6e466940cdfc727f4babfedcde5332b9f578/prod/GeneralComp.gt.xml#L346	Unsupported dependencies spec XQ10+
prod-GeneralComp.gt	generalexpression433	https://github.com/w3c/qt3tests/blob/201a6e466940cdfc727f4babfedcde5332b9f578/prod/GeneralComp.gt.xml#L356	Unsupported environment with source
prod-GeneralComp.gt	generalexpression434	https://github.com/w3c/qt3tests/blob/201a6e466940cdfc727f4babfedcde5332b9f578/prod/GeneralComp.gt.xml#L366	Unsupported environment with source
prod-GeneralComp.gt	generalexpression435	https://github.com/w3c/qt3tests/blob/201a6e466940cdfc727f4babfedcde5332b9f578/prod/GeneralComp.gt.xml#L376	Unsupported environment with source
prod-GeneralComp.gt	generalexpression436	https://github.com/w3c/qt3tests/blob/201a6e466940cdfc727f4babfedcde5332b9f578/prod/GeneralComp.gt.xml#L386	Unsupported dependencies spec XQ10+
prod-GeneralComp.gt	generalexpression437	https://github.com/w3c/qt3tests/blob/201a6e466940cdfc727f4babfedcde5332b9f578/prod/GeneralComp.gt.xml#L396	Unsupported dependencies spec XQ10+
prod-GeneralComp.gt	generalexpression438	https://github.com/w3c/qt3tests/blob/201a6e466940cdfc727f4babfedcde5332b9f578/prod/GeneralComp.gt.xml#L406	Unsupported dependencies spec XQ10+
prod-GeneralComp.gt	generalexpression439	https://github.com/w3c/qt3tests/blob/201a6e466940cdfc727f4babfedcde5332b9f578/prod/GeneralComp.gt.xml#L416	Unsupported dependencies spec XQ10+
prod-GeneralComp.gt	generalexpression440	https://github.com/w3c/qt3tests/blob/201a6e466940cdfc727f4babfedcde5332b9f578/prod/GeneralComp.gt.xml#L426	Unsupported dependencies spec XQ10+
prod-GeneralComp.gt	generalexpression441	https://github.com/w3c/qt3tests/blob/201a6e466940cdfc727f4babfedcde5332b9f578/prod/GeneralComp.gt.xml#L436	Unsupported dependencies spec XQ10+
prod-GeneralComp.gt	generalexpression442	https://github.com/w3c/qt3tests/blob/201a6e466940cdfc727f4babfedcde5332b9f578/prod/GeneralComp.gt.xml#L446	Unsupported dependencies spec XQ10+
prod-GeneralComp.gt	generalexpression443	https://github.com/w3c/qt3tests/blob/201a6e466940cdfc727f4babfedcde5332b9f578/prod/GeneralComp.gt.xml#L456	Unsupported dependencies spec XQ10+
prod-GeneralComp.gt	generalexpression444	https://github.com/w3c/qt3tests/blob/201a6e466940cdfc727f4babfedcde5332b9f578/prod/GeneralComp.gt.xml#L467	Unsupported dependencies spec XQ10+
prod-GeneralComp.gt	generalexpression445	https://github.com/w3c/qt3tests/blob/201a6e466940cdfc727f4babfedcde5332b9f578/prod/GeneralComp.gt.xml#L478	Unsupported dependencies spec XQ10+
prod-GeneralComp.gt	generalexpression446	https://github.com/w3c/qt3tests/blob/201a6e466940cdfc727f4babfedcde5332b9f578/prod/GeneralComp.gt.xml#L489	Unsupported dependencies spec XQ10+
prod-GeneralComp.gt	generalexpression447	https://github.com/w3c/qt3tests/blob/201a6e466940cdfc727f4babfedcde5332b9f578/prod/GeneralComp.gt.xml#L499	Unsupported dependencies spec XQ10+
prod-GeneralComp.gt	generalexpression448	https://github.com/w3c/qt3tests/blob/201a6e466940cdfc727f4babfedcde5332b9f578/prod/GeneralComp.gt.xml#L509	Unsupported dependencies spec XQ10+
prod-GeneralComp.gt	generalexpression449	https://github.com/w3c/qt3tests/blob/201a6e466940cdfc727f4babfedcde5332b9f578/prod/GeneralComp.gt.xml#L519	Unsupported dependencies spec XQ10+
prod-GeneralComp.gt	generalexpression450	https://github.com/w3c/qt3tests/blob/201a6e466940cdfc727f4babfedcde5332b9f578/prod/GeneralComp.gt.xml#L529	Unsupported dependencies spec XQ10+
prod-GeneralComp.gt	generalexpression451	https://github.com/w3c/qt3tests/blob/201a6e466940cdfc727f4babfedcde5332b9f578/prod/GeneralComp.gt.xml#L539	Unsupported dependencies spec XQ10+
prod-GeneralComp.gt	generalexpression452	https://github.com/w3c/qt3tests/blob/201a6e466940cdfc727f4babfedcde5332b9f578/prod/GeneralComp.gt.xml#L549	Unsupported dependencies spec XQ10+
prod-GeneralComp.gt	generalexpression453	https://github.com/w3c/qt3tests/blob/201a6e466940cdfc727f4babfedcde5332b9f578/prod/GeneralComp.gt.xml#L559	Unsupported dependencies spec XQ10+
prod-GeneralComp.gt	generalexpression454	https://github.com/w3c/qt3tests/blob/201a6e466940cdfc727f4babfedcde5332b9f578/prod/GeneralComp.gt.xml#L570	Unsupported dependencies spec XQ10+
prod-GeneralComp.gt	generalexpression455	https://github.com/w3c/qt3tests/blob/201a6e466940cdfc727f4babfedcde5332b9f578/prod/GeneralComp.gt.xml#L581	Unsupported dependencies spec XQ10+
prod-GeneralComp.gt	generalexpression456	https://github.com/w3c/qt3tests/blob/201a6e466940cdfc727f4babfedcde5332b9f578/prod/GeneralComp.gt.xml#L592	Unsupported dependencies spec XQ10+
prod-GeneralComp.gt	generalexpression457	https://github.com/w3c/qt3tests/blob/201a6e466940cdfc727f4babfedcde5332b9f578/prod/GeneralComp.gt.xml#L602	Unsupported dependencies spec XQ10+
prod-GeneralComp.gt	generalexpression458	https://github.com/w3c/qt3tests/blob/201a6e466940cdfc727f4babfedcde5332b9f578/prod/GeneralComp.gt.xml#L612	Unsupported dependencies spec XQ10+
prod-GeneralComp.gt	generalexpression459	https://github.com/w3c/qt3tests/blob/201a6e466940cdfc727f4babfedcde5332b9f578/prod/GeneralComp.gt.xml#L622	Unsupported dependencies spec XQ10+
prod-GeneralComp.gt	generalexpression460	https://github.com/w3c/qt3tests/blob/201a6e466940cdfc727f4babfedcde5332b9f578/prod/GeneralComp.gt.xml#L632	Unsupported dependencies spec XQ10+
prod-GeneralComp.gt	generalexpression461	https://github.com/w3c/qt3tests/blob/201a6e466940cdfc727f4babfedcde5332b9f578/prod/GeneralComp.gt.xml#L642	Unsupported dependencies spec XQ10+
prod-GeneralComp.gt	generalexpression462	https://github.com/w3c/qt3tests/blob/201a6e466940cdfc727f4babfedcde5332b9f578/prod/GeneralComp.gt.xml#L652	Unsupported dependencies spec XQ10+
prod-GeneralComp.gt	generalexpression463	https://github.com/w3c/qt3tests/blob/201a6e466940cdfc727f4babfedcde5332b9f578/prod/GeneralComp.gt.xml#L662	Unsupported dependencies spec XQ10+
prod-GeneralComp.gt	generalexpression464	https://github.com/w3c/qt3tests/blob/201a6e466940cdfc727f4babfedcde5332b9f578/prod/GeneralComp.gt.xml#L673	Unsupported dependencies spec XQ10+
prod-GeneralComp.gt	generalexpression465	https://github.com/w3c/qt3tests/blob/201a6e466940cdfc727f4babfedcde5332b9f578/prod/GeneralComp.gt.xml#L684	Unsupported dependencies spec XQ10+
prod-GeneralComp.gt	generalexpression466	https://github.com/w3c/qt3tests/blob/201a6e466940cdfc727f4babfedcde5332b9f578/prod/GeneralComp.gt.xml#L695	Unsupported environment with source
prod-GeneralComp.gt	generalexpression467	https://github.com/w3c/qt3tests/blob/201a6e466940cdfc727f4babfedcde5332b9f578/prod/GeneralComp.gt.xml#L705	Unsupported environment with source
prod-GeneralComp.gt	generalexpression468	https://github.com/w3c/qt3tests/blob/201a6e466940cdfc727f4babfedcde5332b9f578/prod/GeneralComp.gt.xml#L715	Unsupported environment with source
prod-GeneralComp.gt	generalexpression469	https://github.com/w3c/qt3tests/blob/201a6e466940cdfc727f4babfedcde5332b9f578/prod/GeneralComp.gt.xml#L725	Unsupported environment with source
prod-GeneralComp.gt	generalexpression470	https://github.com/w3c/qt3tests/blob/201a6e466940cdfc727f4babfedcde5332b9f578/prod/GeneralComp.gt.xml#L735	Unsupported dependencies spec XQ10+
prod-GeneralComp.gt	generalexpression471	https://github.com/w3c/qt3tests/blob/201a6e466940cdfc727f4babfedcde5332b9f578/prod/GeneralComp.gt.xml#L746	Unsupported dependencies spec XQ10+
prod-GeneralComp.gt	generalexpression472	https://github.com/w3c/qt3tests/blob/201a6e466940cdfc727f4babfedcde5332b9f578/prod/GeneralComp.gt.xml#L757	Unsupported dependencies spec XQ10+
prod-GeneralComp.gt	generalexpression473	https://github.com/w3c/qt3tests/blob/201a6e466940cdfc727f4babfedcde5332b9f578/prod/GeneralComp.gt.xml#L768	Unsupported environment with source
prod-GeneralComp.gt	generalexpression474	https://github.com/w3c/qt3tests/blob/201a6e466940cdfc727f4babfedcde5332b9f578/prod/GeneralComp.gt.xml#L778	Unsupported environment with source
prod-GeneralComp.gt	generalexpression475	https://github.com/w3c/qt3tests/blob/201a6e466940cdfc727f4babfedcde5332b9f578/prod/GeneralComp.gt.xml#L788	Unsupported environment with source
prod-GeneralComp.gt	generalexpression476	https://github.com/w3c/qt3tests/blob/201a6e466940cdfc727f4babfedcde5332b9f578/prod/GeneralComp.gt.xml#L798	Unsupported environment with source
prod-GeneralComp.gt	generalexpression477	https://github.com/w3c/qt3tests/blob/201a6e466940cdfc727f4babfedcde5332b9f578/prod/GeneralComp.gt.xml#L808	Unsupported environment with source
prod-GeneralComp.gt	generalexpression478	https://github.com/w3c/qt3tests/blob/201a6e466940cdfc727f4babfedcde5332b9f578/prod/GeneralComp.gt.xml#L818	Unsupported environment with source
prod-GeneralComp.gt	generalexpression479	https://github.com/w3c/qt3tests/blob/201a6e466940cdfc727f4babfedcde5332b9f578/prod/GeneralComp.gt.xml#L828	Unsupported environment with source
prod-GeneralComp.gt	generalexpression480	https://github.com/w3c/qt3tests/blob/201a6e466940cdfc727f4babfedcde5332b9f578/prod/GeneralComp.gt.xml#L838	Unsupported dependencies spec XQ10+
prod-GeneralComp.gt	generalexpression481	https://github.com/w3c/qt3tests/blob/201a6e466940cdfc727f4babfedcde5332b9f578/prod/GeneralComp.gt.xml#L849	Unsupported dependencies spec XQ10+
prod-GeneralComp.gt	generalexpression482	https://github.com/w3c/qt3tests/blob/201a6e466940cdfc727f4babfedcde5332b9f578/prod/GeneralComp.gt.xml#L860	Unsupported dependencies spec XQ10+
prod-GeneralComp.gt	generalexpression483	https://github.com/w3c/qt3tests/blob/201a6e466940cdfc727f4babfedcde5332b9f578/prod/GeneralComp.gt.xml#L871	Unsupported environment with source
prod-GeneralComp.gt	generalexpression484	https://github.com/w3c/qt3tests/blob/201a6e466940cdfc727f4babfedcde5332b9f578/prod/GeneralComp.gt.xml#L881	Unsupported environment with source
prod-GeneralComp.gt	generalexpression485	https://github.com/w3c/qt3tests/blob/201a6e466940cdfc727f4babfedcde5332b9f578/prod/GeneralComp.gt.xml#L891	Unsupported environment with source
prod-GeneralComp.gt	generalexpression486	https://github.com/w3c/qt3tests/blob/201a6e466940cdfc727f4babfedcde5332b9f578/prod/GeneralComp.gt.xml#L901	Unsupported environment with source
prod-GeneralComp.gt	generalexpression487	https://github.com/w3c/qt3tests/blob/201a6e466940cdfc727f4babfedcde5332b9f578/prod/GeneralComp.gt.xml#L911	Unsupported environment with source
prod-GeneralComp.gt	generalexpression488	https://github.com/w3c/qt3tests/blob/201a6e466940cdfc727f4babfedcde5332b9f578/prod/GeneralComp.gt.xml#L921	Unsupported environment with source
prod-GeneralComp.gt	generalexpression489	https://github.com/w3c/qt3tests/blob/201a6e466940cdfc727f4babfedcde5332b9f578/prod/GeneralComp.gt.xml#L931	Unsupported environment with source
prod-GeneralComp.gt	generalexpression490	https://github.com/w3c/qt3tests/blob/201a6e466940cdfc727f4babfedcde5332b9f578/prod/GeneralComp.gt.xml#L941	Unsupported dependencies spec XQ10+
prod-GeneralComp.gt	generalexpression491	https://github.com/w3c/qt3tests/blob/201a6e466940cdfc727f4babfedcde5332b9f578/prod/GeneralComp.gt.xml#L952	Unsupported dependencies spec XQ10+
prod-GeneralComp.gt	generalexpression492	https://github.com/w3c/qt3tests/blob/201a6e466940cdfc727f4babfedcde5332b9f578/prod/GeneralComp.gt.xml#L963	Unsupported dependencies spec XQ10+
prod-GeneralComp.gt	generalexpression493	https://github.com/w3c/qt3tests/blob/201a6e466940cdfc727f4babfedcde5332b9f578/prod/GeneralComp.gt.xml#L974	Unsupported environment with source
prod-GeneralComp.gt	generalexpression494	https://github.com/w3c/qt3tests/blob/201a6e466940cdfc727f4babfedcde5332b9f578/prod/GeneralComp.gt.xml#L984	Unsupported environment with source
prod-GeneralComp.gt	greaterthanonanyuri-1	https://github.com/w3c/qt3tests/blob/201a6e466940cdfc727f4babfedcde5332b9f578/prod/GeneralComp.gt.xml#L994	Unsupported cast type xs:anyURI
prod-GeneralComp.gt	K-GenCompGT-1	https://github.com/w3c/qt3tests/blob/201a6e466940cdfc727f4babfedcde5332b9f578/prod/GeneralComp.gt.xml#L1003	Unsupported sequenceExpr
prod-GeneralComp.gt	K-GenCompGT-2	https://github.com/w3c/qt3tests/blob/201a6e466940cdfc727f4babfedcde5332b9f578/prod/GeneralComp.gt.xml#L1012	Unsupported sequenceExpr
prod-GeneralComp.gt	K-GenCompGT-3	https://github.com/w3c/qt3tests/blob/201a6e466940cdfc727f4babfedcde5332b9f578/prod/GeneralComp.gt.xml#L1021	Unsupported sequenceExpr
prod-GeneralComp.gt	K-GenCompGT-4	https://github.com/w3c/qt3tests/blob/201a6e466940cdfc727f4babfedcde5332b9f578/prod/GeneralComp.gt.xml#L1030	Unsupported sequenceExpr
prod-GeneralComp.gt	K-GenCompGT-5	https://github.com/w3c/qt3tests/blob/201a6e466940cdfc727f4babfedcde5332b9f578/prod/GeneralComp.gt.xml#L1039	Unsupported sequenceExpr
prod-GeneralComp.gt	K-GenCompGT-6	https://github.com/w3c/qt3tests/blob/201a6e466940cdfc727f4babfedcde5332b9f578/prod/GeneralComp.gt.xml#L1048	Unsupported sequenceExpr
prod-GeneralComp.gt	K-GenCompGT-7	https://github.com/w3c/qt3tests/blob/201a6e466940cdfc727f4babfedcde5332b9f578/prod/GeneralComp.gt.xml#L1057	Unsupported sequenceExpr
prod-GeneralComp.gt	K-GenCompGT-8	https://github.com/w3c/qt3tests/blob/201a6e466940cdfc727f4babfedcde5332b9f578/prod/GeneralComp.gt.xml#L1066	Unsupported sequenceExpr
prod-GeneralComp.gt	K-GenCompGT-9	https://github.com/w3c/qt3tests/blob/201a6e466940cdfc727f4babfedcde5332b9f578/prod/GeneralComp.gt.xml#L1075	Unsupported sequenceExpr
prod-GeneralComp.gt	K-GenCompGT-12	https://github.com/w3c/qt3tests/blob/201a6e466940cdfc727f4babfedcde5332b9f578/prod/GeneralComp.gt.xml#L1102	Unsupported cast type xs:untypedAtomic
prod-GeneralComp.gt	K-GenCompGT-13	https://github.com/w3c/qt3tests/blob/201a6e466940cdfc727f4babfedcde5332b9f578/prod/GeneralComp.gt.xml#L1111	Unsupported cast type xs:untypedAtomic
prod-GeneralComp.gt	K-GenCompGT-14	https://github.com/w3c/qt3tests/blob/201a6e466940cdfc727f4babfedcde5332b9f578/prod/GeneralComp.gt.xml#L1120	Unsupported cast type xs:untypedAtomic
prod-GeneralComp.gt	K-GenCompGT-15	https://github.com/w3c/qt3tests/blob/201a6e466940cdfc727f4babfedcde5332b9f578/prod/GeneralComp.gt.xml#L1129	Unsupported cast type xs:untypedAtomic
prod-GeneralComp.gt	K-GenCompGT-16	https://github.com/w3c/qt3tests/blob/201a6e466940cdfc727f4babfedcde5332b9f578/prod/GeneralComp.gt.xml#L1138	Unsupported cast type xs:anyURI
prod-GeneralComp.gt	K-GenCompGT-17	https://github.com/w3c/qt3tests/blob/201a6e466940cdfc727f4babfedcde5332b9f578/prod/GeneralComp.gt.xml#L1147	Unsupported cast type xs:anyURI
prod-GeneralComp.gt	K-GenCompGT-18	https://github.com/w3c/qt3tests/blob/201a6e466940cdfc727f4babfedcde5332b9f578/prod/GeneralComp.gt.xml#L1156	Unsupported function fn:current-time#0
prod-GeneralComp.gt	K-GenCompGT-19	https://github.com/w3c/qt3tests/blob/201a6e466940cdfc727f4babfedcde5332b9f578/prod/GeneralComp.gt.xml#L1165	Unsupported function fn:current-time#0
prod-GeneralComp.le	generalexpression298	https://github.com/w3c/qt3tests/blob/201a6e466940cdfc727f4babfedcde5332b9f578/prod/GeneralComp.le.xml#L10	Unsupported sequenceExpr
prod-GeneralComp.le	generalexpression299	https://github.com/w3c/qt3tests/blob/201a6e466940cdfc727f4babfedcde5332b9f578/prod/GeneralComp.le.xml#L19	Unsupported sequenceExpr
prod-GeneralComp.le	generalexpression300	https://github.com/w3c/qt3tests/blob/201a6e466940cdfc727f4babfedcde5332b9f578/prod/GeneralComp.le.xml#L28	Unsupported sequenceExpr
prod-GeneralComp.le	generalexpression301	https://github.com/w3c/qt3tests/blob/201a6e466940cdfc727f4babfedcde5332b9f578/prod/GeneralComp.le.xml#L37	Unsupported sequenceExpr
prod-GeneralComp.le	generalexpression302	https://github.com/w3c/qt3tests/blob/201a6e466940cdfc727f4babfedcde5332b9f578/prod/GeneralComp.le.xml#L46	Unsupported dependencies spec XQ10+
prod-GeneralComp.le	generalexpression303	https://github.com/w3c/qt3tests/blob/201a6e466940cdfc727f4babfedcde5332b9f578/prod/GeneralComp.le.xml#L56	Unsupported dependencies spec XQ10+
prod-GeneralComp.le	generalexpression304	https://github.com/w3c/qt3tests/blob/201a6e466940cdfc727f4babfedcde5332b9f578/prod/GeneralComp.le.xml#L66	Unsupported dependencies spec XQ10+
prod-GeneralComp.le	generalexpression305	https://github.com/w3c/qt3tests/blob/201a6e466940cdfc727f4babfedcde5332b9f578/prod/GeneralComp.le.xml#L76	Unsupported environment with source
prod-GeneralComp.le	generalexpression306	https://github.com/w3c/qt3tests/blob/201a6e466940cdfc727f4babfedcde5332b9f578/prod/GeneralComp.le.xml#L86	Unsupported environment with source
prod-GeneralComp.le	generalexpression307	https://github.com/w3c/qt3tests/blob/201a6e466940cdfc727f4babfedcde5332b9f578/prod/GeneralComp.le.xml#L96	Unsupported environment with source
prod-GeneralComp.le	generalexpression308	https://github.com/w3c/qt3tests/blob/201a6e466940cdfc727f4babfedcde5332b9f578/prod/GeneralComp.le.xml#L106	Unsupported sequenceExpr
prod-GeneralComp.le	generalexpression310	https://github.com/w3c/qt3tests/blob/201a6e466940cdfc727f4babfedcde5332b9f578/prod/GeneralComp.le.xml#L124	Unsupported sequenceExpr
prod-GeneralComp.le	generalexpression311	https://github.com/w3c/qt3tests/blob/201a6e466940cdfc727f4babfedcde5332b9f578/prod/GeneralComp.le.xml#L133	Unsupported dependencies spec XQ10+
prod-GeneralComp.le	generalexpression312	https://github.com/w3c/qt3tests/blob/201a6e466940cdfc727f4babfedcde5332b9f578/prod/GeneralComp.le.xml#L143	Unsupported dependencies spec XQ10+
prod-GeneralComp.le	generalexpression313	https://github.com/w3c/qt3tests/blob/201a6e466940cdfc727f4babfedcde5332b9f578/prod/GeneralComp.le.xml#L153	Unsupported dependencies spec XQ10+
prod-GeneralComp.le	generalexpression314	https://github.com/w3c/qt3tests/blob/201a6e466940cdfc727f4babfedcde5332b9f578/prod/GeneralComp.le.xml#L163	Unsupported environment with source
prod-GeneralComp.le	generalexpression315	https://github.com/w3c/qt3tests/blob/201a6e466940cdfc727f4babfedcde5332b9f578/prod/GeneralComp.le.xml#L173	Unsupported environment with source
prod-GeneralComp.le	generalexpression316	https://github.com/w3c/qt3tests/blob/201a6e466940cdfc727f4babfedcde5332b9f578/prod/GeneralComp.le.xml#L183	Unsupported environment with source
prod-GeneralComp.le	generalexpression317	https://github.com/w3c/qt3tests/blob/201a6e466940cdfc727f4babfedcde5332b9f578/prod/GeneralComp.le.xml#L193	Unsupported sequenceExpr
prod-GeneralComp.le	generalexpression320	https://github.com/w3c/qt3tests/blob/201a6e466940cdfc727f4babfedcde5332b9f578/prod/GeneralComp.le.xml#L220	Unsupported sequenceExpr
prod-GeneralComp.le	generalexpression321	https://github.com/w3c/qt3tests/blob/201a6e466940cdfc727f4babfedcde5332b9f578/prod/GeneralComp.le.xml#L229	Unsupported dependencies spec XQ10+
prod-GeneralComp.le	generalexpression322	https://github.com/w3c/qt3tests/blob/201a6e466940cdfc727f4babfedcde5332b9f578/prod/GeneralComp.le.xml#L239	Unsupported dependencies spec XQ10+
prod-GeneralComp.le	generalexpression323	https://github.com/w3c/qt3tests/blob/201a6e466940cdfc727f4babfedcde5332b9f578/prod/GeneralComp.le.xml#L249	Unsupported dependencies spec XQ10+
prod-GeneralComp.le	generalexpression324	https://github.com/w3c/qt3tests/blob/201a6e466940cdfc727f4babfedcde5332b9f578/prod/GeneralComp.le.xml#L259	Unsupported environment with source
prod-GeneralComp.le	generalexpression325	https://github.com/w3c/qt3tests/blob/201a6e466940cdfc727f4babfedcde5332b9f578/prod/GeneralComp.le.xml#L269	Unsupported environment with source
prod-GeneralComp.le	generalexpression326	https://github.com/w3c/qt3tests/blob/201a6e466940cdfc727f4babfedcde5332b9f578/prod/GeneralComp.le.xml#L279	Unsupported environment with source
prod-GeneralComp.le	generalexpression327	https://github.com/w3c/qt3tests/blob/201a6e466940cdfc727f4babfedcde5332b9f578/prod/GeneralComp.le.xml#L289	Unsupported sequenceExpr
prod-GeneralComp.le	generalexpression328	https://github.com/w3c/qt3tests/blob/201a6e466940cdfc727f4babfedcde5332b9f578/prod/GeneralComp.le.xml#L298	Unsupported sequenceExpr
prod-GeneralComp.le	generalexpression329	https://github.com/w3c/qt3tests/blob/201a6e466940cdfc727f4babfedcde5332b9f578/prod/GeneralComp.le.xml#L307	Unsupported sequenceExpr
prod-GeneralComp.le	generalexpression330	https://github.com/w3c/qt3tests/blob/201a6e466940cdfc727f4babfedcde5332b9f578/prod/GeneralComp.le.xml#L316	Unsupported sequenceExpr
prod-GeneralComp.le	generalexpression331	https://github.com/w3c/qt3tests/blob/201a6e466940cdfc727f4babfedcde5332b9f578/prod/GeneralComp.le.xml#L325	Unsupported dependencies spec XQ10+
prod-GeneralComp.le	generalexpression332	https://github.com/w3c/qt3tests/blob/201a6e466940cdfc727f4babfedcde5332b9f578/prod/GeneralComp.le.xml#L335	Unsupported dependencies spec XQ10+
prod-GeneralComp.le	generalexpression333	https://github.com/w3c/qt3tests/blob/201a6e466940cdfc727f4babfedcde5332b9f578/prod/GeneralComp.le.xml#L345	Unsupported dependencies spec XQ10+
prod-GeneralComp.le	generalexpression334	https://github.com/w3c/qt3tests/blob/201a6e466940cdfc727f4babfedcde5332b9f578/prod/GeneralComp.le.xml#L355	Unsupported environment with source
prod-GeneralComp.le	generalexpression335	https://github.com/w3c/qt3tests/blob/201a6e466940cdfc727f4babfedcde5332b9f578/prod/GeneralComp.le.xml#L365	Unsupported environment with source
prod-GeneralComp.le	generalexpression336	https://github.com/w3c/qt3tests/blob/201a6e466940cdfc727f4babfedcde5332b9f578/prod/GeneralComp.le.xml#L375	Unsupported environment with source
prod-GeneralComp.le	generalexpression337	https://github.com/w3c/qt3tests/blob/201a6e466940cdfc727f4babfedcde5332b9f578/prod/GeneralComp.le.xml#L385	Unsupported dependencies spec XQ10+
prod-GeneralComp.le	generalexpression338	https://github.com/w3c/qt3tests/blob/201a6e466940cdfc727f4babfedcde5332b9f578/prod/GeneralComp.le.xml#L395	Unsupported dependencies spec XQ10+
prod-GeneralComp.le	generalexpression339	https://github.com/w3c/qt3tests/blob/201a6e466940cdfc727f4babfedcde5332b9f578/prod/GeneralComp.le.xml#L405	Unsupported dependencies spec XQ10+
prod-GeneralComp.le	generalexpression340	https://github.com/w3c/qt3tests/blob/201a6e466940cdfc727f4babfedcde5332b9f578/prod/GeneralComp.le.xml#L415	Unsupported dependencies spec XQ10+
prod-GeneralComp.le	generalexpression341	https://github.com/w3c/qt3tests/blob/201a6e466940cdfc727f4babfedcde5332b9f578/prod/GeneralComp.le.xml#L425	Unsupported dependencies spec XQ10+
prod-GeneralComp.le	generalexpression342	https://github.com/w3c/qt3tests/blob/201a6e466940cdfc727f4babfedcde5332b9f578/prod/GeneralComp.le.xml#L435	Unsupported dependencies spec XQ10+
prod-GeneralComp.le	generalexpression343	https://github.com/w3c/qt3tests/blob/201a6e466940cdfc727f4babfedcde5332b9f578/prod/GeneralComp.le.xml#L445	Unsupported dependencies spec XQ10+
prod-GeneralComp.le	generalexpression344	https://github.com/w3c/qt3tests/blob/201a6e466940cdfc727f4babfedcde5332b9f578/prod/GeneralComp.le.xml#L455	Unsupported dependencies spec XQ10+
prod-GeneralComp.le	generalexpression345	https://github.com/w3c/qt3tests/blob/201a6e466940cdfc727f4babfedcde5332b9f578/prod/GeneralComp.le.xml#L466	Unsupported dependencies spec XQ10+
prod-GeneralComp.le	generalexpression346	https://github.com/w3c/qt3tests/blob/201a6e466940cdfc727f4babfedcde5332b9f578/prod/GeneralComp.le.xml#L477	Unsupported dependencies spec XQ10+
prod-GeneralComp.le	generalexpression347	https://github.com/w3c/qt3tests/blob/201a6e466940cdfc727f4babfedcde5332b9f578/prod/GeneralComp.le.xml#L488	Unsupported dependencies spec XQ10+
prod-GeneralComp.le	generalexpression348	https://github.com/w3c/qt3tests/blob/201a6e466940cdfc727f4babfedcde5332b9f578/prod/GeneralComp.le.xml#L498	Unsupported dependencies spec XQ10+
prod-GeneralComp.le	generalexpression349	https://github.com/w3c/qt3tests/blob/201a6e466940cdfc727f4babfedcde5332b9f578/prod/GeneralComp.le.xml#L508	Unsupported dependencies spec XQ10+
prod-GeneralComp.le	generalexpression350	https://github.com/w3c/qt3tests/blob/201a6e466940cdfc727f4babfedcde5332b9f578/prod/GeneralComp.le.xml#L518	Unsupported dependencies spec XQ10+
prod-GeneralComp.le	generalexpression351	https://github.com/w3c/qt3tests/blob/201a6e466940cdfc727f4babfedcde5332b9f578/prod/GeneralComp.le.xml#L528	Unsupported dependencies spec XQ10+
prod-GeneralComp.le	generalexpression352	https://github.com/w3c/qt3tests/blob/201a6e466940cdfc727f4babfedcde5332b9f578/prod/GeneralComp.le.xml#L538	Unsupported dependencies spec XQ10+
prod-GeneralComp.le	generalexpression353	https://github.com/w3c/qt3tests/blob/201a6e466940cdfc727f4babfedcde5332b9f578/prod/GeneralComp.le.xml#L548	Unsupported dependencies spec XQ10+
prod-GeneralComp.le	generalexpression354	https://github.com/w3c/qt3tests/blob/201a6e466940cdfc727f4babfedcde5332b9f578/prod/GeneralComp.le.xml#L558	Unsupported dependencies spec XQ10+
prod-GeneralComp.le	generalexpression355	https://github.com/w3c/qt3tests/blob/201a6e466940cdfc727f4babfedcde5332b9f578/prod/GeneralComp.le.xml#L569	Unsupported dependencies spec XQ10+
prod-GeneralComp.le	generalexpression356	https://github.com/w3c/qt3tests/blob/201a6e466940cdfc727f4babfedcde5332b9f578/prod/GeneralComp.le.xml#L580	Unsupported dependencies spec XQ10+
prod-GeneralComp.le	generalexpression357	https://github.com/w3c/qt3tests/blob/201a6e466940cdfc727f4babfedcde5332b9f578/prod/GeneralComp.le.xml#L591	Unsupported dependencies spec XQ10+
prod-GeneralComp.le	generalexpression358	https://github.com/w3c/qt3tests/blob/201a6e466940cdfc727f4babfedcde5332b9f578/prod/GeneralComp.le.xml#L601	Unsupported dependencies spec XQ10+
prod-GeneralComp.le	generalexpression359	https://github.com/w3c/qt3tests/blob/201a6e466940cdfc727f4babfedcde5332b9f578/prod/GeneralComp.le.xml#L611	Unsupported dependencies spec XQ10+
prod-GeneralComp.le	generalexpression360	https://github.com/w3c/qt3tests/blob/201a6e466940cdfc727f4babfedcde5332b9f578/prod/GeneralComp.le.xml#L621	Unsupported dependencies spec XQ10+
prod-GeneralComp.le	generalexpression361	https://github.com/w3c/qt3tests/blob/201a6e466940cdfc727f4babfedcde5332b9f578/prod/GeneralComp.le.xml#L631	Unsupported dependencies spec XQ10+
prod-GeneralComp.le	generalexpression362	https://github.com/w3c/qt3tests/blob/201a6e466940cdfc727f4babfedcde5332b9f578/prod/GeneralComp.le.xml#L641	Unsupported dependencies spec XQ10+
prod-GeneralComp.le	generalexpression363	https://github.com/w3c/qt3tests/blob/201a6e466940cdfc727f4babfedcde5332b9f578/prod/GeneralComp.le.xml#L651	Unsupported dependencies spec XQ10+
prod-GeneralComp.le	generalexpression364	https://github.com/w3c/qt3tests/blob/201a6e466940cdfc727f4babfedcde5332b9f578/prod/GeneralComp.le.xml#L661	Unsupported dependencies spec XQ10+
prod-GeneralComp.le	generalexpression365	https://github.com/w3c/qt3tests/blob/201a6e466940cdfc727f4babfedcde5332b9f578/prod/GeneralComp.le.xml#L672	Unsupported dependencies spec XQ10+
prod-GeneralComp.le	generalexpression366	https://github.com/w3c/qt3tests/blob/201a6e466940cdfc727f4babfedcde5332b9f578/prod/GeneralComp.le.xml#L683	Unsupported dependencies spec XQ10+
prod-GeneralComp.le	generalexpression367	https://github.com/w3c/qt3tests/blob/201a6e466940cdfc727f4babfedcde5332b9f578/prod/GeneralComp.le.xml#L694	Unsupported environment with source
prod-GeneralComp.le	generalexpression368	https://github.com/w3c/qt3tests/blob/201a6e466940cdfc727f4babfedcde5332b9f578/prod/GeneralComp.le.xml#L704	Unsupported environment with source
prod-GeneralComp.le	generalexpression369	https://github.com/w3c/qt3tests/blob/201a6e466940cdfc727f4babfedcde5332b9f578/prod/GeneralComp.le.xml#L714	Unsupported environment with source
prod-GeneralComp.le	generalexpression370	https://github.com/w3c/qt3tests/blob/201a6e466940cdfc727f4babfedcde5332b9f578/prod/GeneralComp.le.xml#L724	Unsupported environment with source
prod-GeneralComp.le	generalexpression371	https://github.com/w3c/qt3tests/blob/201a6e466940cdfc727f4babfedcde5332b9f578/prod/GeneralComp.le.xml#L734	Unsupported dependencies spec XQ10+
prod-GeneralComp.le	generalexpression372	https://github.com/w3c/qt3tests/blob/201a6e466940cdfc727f4babfedcde5332b9f578/prod/GeneralComp.le.xml#L745	Unsupported dependencies spec XQ10+
prod-GeneralComp.le	generalexpression373	https://github.com/w3c/qt3tests/blob/201a6e466940cdfc727f4babfedcde5332b9f578/prod/GeneralComp.le.xml#L756	Unsupported dependencies spec XQ10+
prod-GeneralComp.le	generalexpression374	https://github.com/w3c/qt3tests/blob/201a6e466940cdfc727f4babfedcde5332b9f578/prod/GeneralComp.le.xml#L767	Unsupported environment with source
prod-GeneralComp.le	generalexpression375	https://github.com/w3c/qt3tests/blob/201a6e466940cdfc727f4babfedcde5332b9f578/prod/GeneralComp.le.xml#L777	Unsupported environment with source
prod-GeneralComp.le	generalexpression376	https://github.com/w3c/qt3tests/blob/201a6e466940cdfc727f4babfedcde5332b9f578/prod/GeneralComp.le.xml#L787	Unsupported environment with source
prod-GeneralComp.le	generalexpression377	https://github.com/w3c/qt3tests/blob/201a6e466940cdfc727f4babfedcde5332b9f578/prod/GeneralComp.le.xml#L797	Unsupported environment with source
prod-GeneralComp.le	generalexpression378	https://github.com/w3c/qt3tests/blob/201a6e466940cdfc727f4babfedcde5332b9f578/prod/GeneralComp.le.xml#L807	Unsupported environment with source
prod-GeneralComp.le	generalexpression379	https://github.com/w3c/qt3tests/blob/201a6e466940cdfc727f4babfedcde5332b9f578/prod/GeneralComp.le.xml#L817	Unsupported environment with source
prod-GeneralComp.le	generalexpression380	https://github.com/w3c/qt3tests/blob/201a6e466940cdfc727f4babfedcde5332b9f578/prod/GeneralComp.le.xml#L827	Unsupported environment with source
prod-GeneralComp.le	generalexpression381	https://github.com/w3c/qt3tests/blob/201a6e466940cdfc727f4babfedcde5332b9f578/prod/GeneralComp.le.xml#L837	Unsupported dependencies spec XQ10+
prod-GeneralComp.le	generalexpression382	https://github.com/w3c/qt3tests/blob/201a6e466940cdfc727f4babfedcde5332b9f578/prod/GeneralComp.le.xml#L848	Unsupported dependencies spec XQ10+
prod-GeneralComp.le	generalexpression383	https://github.com/w3c/qt3tests/blob/201a6e466940cdfc727f4babfedcde5332b9f578/prod/GeneralComp.le.xml#L859	Unsupported dependencies spec XQ10+
prod-GeneralComp.le	generalexpression384	https://github.com/w3c/qt3tests/blob/201a6e466940cdfc727f4babfedcde5332b9f578/prod/GeneralComp.le.xml#L870	Unsupported environment with source
prod-GeneralComp.le	generalexpression385	https://github.com/w3c/qt3tests/blob/201a6e466940cdfc727f4babfedcde5332b9f578/prod/GeneralComp.le.xml#L880	Unsupported environment with source
prod-GeneralComp.le	generalexpression386	https://github.com/w3c/qt3tests/blob/201a6e466940cdfc727f4babfedcde5332b9f578/prod/GeneralComp.le.xml#L890	Unsupported environment with source
prod-GeneralComp.le	generalexpression387	https://github.com/w3c/qt3tests/blob/201a6e466940cdfc727f4babfedcde5332b9f578/prod/GeneralComp.le.xml#L900	Unsupported environment with source
prod-GeneralComp.le	generalexpression388	https://github.com/w3c/qt3tests/blob/201a6e466940cdfc727f4babfedcde5332b9f578/prod/GeneralComp.le.xml#L910	Unsupported environment with source
prod-GeneralComp.le	generalexpression389	https://github.com/w3c/qt3tests/blob/201a6e466940cdfc727f4babfedcde5332b9f578/prod/GeneralComp.le.xml#L920	Unsupported environment with source
prod-GeneralComp.le	generalexpression390	https://github.com/w3c/qt3tests/blob/201a6e466940cdfc727f4babfedcde5332b9f578/prod/GeneralComp.le.xml#L930	Unsupported environment with source
prod-GeneralComp.le	generalexpression391	https://github.com/w3c/qt3tests/blob/201a6e466940cdfc727f4babfedcde5332b9f578/prod/GeneralComp.le.xml#L940	Unsupported dependencies spec XQ10+
prod-GeneralComp.le	generalexpression392	https://github.com/w3c/qt3tests/blob/201a6e466940cdfc727f4babfedcde5332b9f578/prod/GeneralComp.le.xml#L951	Unsupported dependencies spec XQ10+
prod-GeneralComp.le	generalexpression393	https://github.com/w3c/qt3tests/blob/201a6e466940cdfc727f4babfedcde5332b9f578/prod/GeneralComp.le.xml#L962	Unsupported dependencies spec XQ10+
prod-GeneralComp.le	generalexpression394	https://github.com/w3c/qt3tests/blob/201a6e466940cdfc727f4babfedcde5332b9f578/prod/GeneralComp.le.xml#L973	Unsupported environment with source
prod-GeneralComp.le	generalexpression395	https://github.com/w3c/qt3tests/blob/201a6e466940cdfc727f4babfedcde5332b9f578/prod/GeneralComp.le.xml#L983	Unsupported environment with source
prod-GeneralComp.le	generalexpression396	https://github.com/w3c/qt3tests/blob/201a6e466940cdfc727f4babfedcde5332b9f578/prod/GeneralComp.le.xml#L993	Unsupported environment with source
prod-GeneralComp.le	lessthaneqonanyuri-1	https://github.com/w3c/qt3tests/blob/201a6e466940cdfc727f4babfedcde5332b9f578/prod/GeneralComp.le.xml#L1003	Unsupported cast type xs:anyURI
prod-GeneralComp.le	K-GenCompLTEQ-1	https://github.com/w3c/qt3tests/blob/201a6e466940cdfc727f4babfedcde5332b9f578/prod/GeneralComp.le.xml#L1012	Unsupported sequenceExpr
prod-GeneralComp.le	K-GenCompLTEQ-2	https://github.com/w3c/qt3tests/blob/201a6e466940cdfc727f4babfedcde5332b9f578/prod/GeneralComp.le.xml#L1021	Unsupported sequenceExpr
prod-GeneralComp.le	K-GenCompLTEQ-3	https://github.com/w3c/qt3tests/blob/201a6e466940cdfc727f4babfedcde5332b9f578/prod/GeneralComp.le.xml#L1030	Unsupported sequenceExpr
prod-GeneralComp.le	K-GenCompLTEQ-5	https://github.com/w3c/qt3tests/blob/201a6e466940cdfc727f4babfedcde5332b9f578/prod/GeneralComp.le.xml#L1048	Unsupported cast type xs:untypedAtomic
prod-GeneralComp.le	K-GenCompLTEQ-6	https://github.com/w3c/qt3tests/blob/201a6e466940cdfc727f4babfedcde5332b9f578/prod/GeneralComp.le.xml#L1057	Unsupported cast type xs:untypedAtomic
prod-GeneralComp.le	K-GenCompLTEQ-7	https://github.com/w3c/qt3tests/blob/201a6e466940cdfc727f4babfedcde5332b9f578/prod/GeneralComp.le.xml#L1066	Unsupported cast type xs:untypedAtomic
prod-GeneralComp.le	K-GenCompLTEQ-8	https://github.com/w3c/qt3tests/blob/201a6e466940cdfc727f4babfedcde5332b9f578/prod/GeneralComp.le.xml#L1075	Unsupported cast type xs:untypedAtomic
prod-GeneralComp.lt	generalexpression199	https://github.com/w3c/qt3tests/blob/201a6e466940cdfc727f4babfedcde5332b9f578/prod/GeneralComp.lt.xml#L11	Unsupported sequenceExpr
prod-GeneralComp.lt	generalexpression200	https://github.com/w3c/qt3tests/blob/201a6e466940cdfc727f4babfedcde5332b9f578/prod/GeneralComp.lt.xml#L20	Unsupported sequenceExpr
prod-GeneralComp.lt	generalexpression201	https://github.com/w3c/qt3tests/blob/201a6e466940cdfc727f4babfedcde5332b9f578/prod/GeneralComp.lt.xml#L29	Unsupported sequenceExpr
prod-GeneralComp.lt	generalexpression202	https://github.com/w3c/qt3tests/blob/201a6e466940cdfc727f4babfedcde5332b9f578/prod/GeneralComp.lt.xml#L38	Unsupported sequenceExpr
prod-GeneralComp.lt	generalexpression203	https://github.com/w3c/qt3tests/blob/201a6e466940cdfc727f4babfedcde5332b9f578/prod/GeneralComp.lt.xml#L47	Unsupported dependencies spec XQ10+
prod-GeneralComp.lt	generalexpression204	https://github.com/w3c/qt3tests/blob/201a6e466940cdfc727f4babfedcde5332b9f578/prod/GeneralComp.lt.xml#L57	Unsupported dependencies spec XQ10+
prod-GeneralComp.lt	generalexpression205	https://github.com/w3c/qt3tests/blob/201a6e466940cdfc727f4babfedcde5332b9f578/prod/GeneralComp.lt.xml#L67	Unsupported dependencies spec XQ10+
prod-GeneralComp.lt	generalexpression206	https://github.com/w3c/qt3tests/blob/201a6e466940cdfc727f4babfedcde5332b9f578/prod/GeneralComp.lt.xml#L77	Unsupported environment with source
prod-GeneralComp.lt	generalexpression207	https://github.com/w3c/qt3tests/blob/201a6e466940cdfc727f4babfedcde5332b9f578/prod/GeneralComp.lt.xml#L87	Unsupported environment with source
prod-GeneralComp.lt	generalexpression208	https://github.com/w3c/qt3tests/blob/201a6e466940cdfc727f4babfedcde5332b9f578/prod/GeneralComp.lt.xml#L97	Unsupported environment with source
prod-GeneralComp.lt	generalexpression209	https://github.com/w3c/qt3tests/blob/201a6e466940cdfc727f4babfedcde5332b9f578/prod/GeneralComp.lt.xml#L109	Unsupported sequenceExpr
prod-GeneralComp.lt	generalexpression211	https://github.com/w3c/qt3tests/blob/201a6e466940cdfc727f4babfedcde5332b9f578/prod/GeneralComp.lt.xml#L127	Unsupported sequenceExpr
prod-GeneralComp.lt	generalexpression212	https://github.com/w3c/qt3tests/blob/201a6e466940cdfc727f4babfedcde5332b9f578/prod/GeneralComp.lt.xml#L136	Unsupported dependencies spec XQ10+
prod-GeneralComp.lt	generalexpression213	https://github.com/w3c/qt3tests/blob/201a6e466940cdfc727f4babfedcde5332b9f578/prod/GeneralComp.lt.xml#L146	Unsupported dependencies spec XQ10+
prod-GeneralComp.lt	generalexpression214	https://github.com/w3c/qt3tests/blob/201a6e466940cdfc727f4babfedcde5332b9f578/prod/GeneralComp.lt.xml#L156	Unsupported dependencies spec XQ10+
prod-GeneralComp.lt	generalexpression215	https://github.com/w3c/qt3tests/blob/201a6e466940cdfc727f4babfedcde5332b9f578/prod/GeneralComp.lt.xml#L166	Unsupported environment with source
prod-GeneralComp.lt	generalexpression216	https://github.com/w3c/qt3tests/blob/201a6e466940cdfc727f4babfedcde5332b9f578/prod/GeneralComp.lt.xml#L176	Unsupported environment with source
prod-GeneralComp.lt	generalexpression217	https://github.com/w3c/qt3tests/blob/201a6e466940cdfc727f4babfedcde5332b9f578/prod/GeneralComp.lt.xml#L186	Unsupported environment with source
prod-GeneralComp.lt	generalexpression218	https://github.com/w3c/qt3tests/blob/201a6e466940cdfc727f4babfedcde5332b9f578/prod/GeneralComp.lt.xml#L197	Unsupported sequenceExpr
prod-GeneralComp.lt	generalexpression221	https://github.com/w3c/qt3tests/blob/201a6e466940cdfc727f4babfedcde5332b9f578/prod/GeneralComp.lt.xml#L224	Unsupported sequenceExpr
prod-GeneralComp.lt	generalexpression222	https://github.com/w3c/qt3tests/blob/201a6e466940cdfc727f4babfedcde5332b9f578/prod/GeneralComp.lt.xml#L233	Unsupported dependencies spec XQ10+
prod-GeneralComp.lt	generalexpression223	https://github.com/w3c/qt3tests/blob/201a6e466940cdfc727f4babfedcde5332b9f578/prod/GeneralComp.lt.xml#L243	Unsupported dependencies spec XQ10+
prod-GeneralComp.lt	generalexpression224	https://github.com/w3c/qt3tests/blob/201a6e466940cdfc727f4babfedcde5332b9f578/prod/GeneralComp.lt.xml#L253	Unsupported dependencies spec XQ10+
prod-GeneralComp.lt	generalexpression225	https://github.com/w3c/qt3tests/blob/201a6e466940cdfc727f4babfedcde5332b9f578/prod/GeneralComp.lt.xml#L263	Unsupported environment with source
prod-GeneralComp.lt	generalexpression226	https://github.com/w3c/qt3tests/blob/201a6e466940cdfc727f4babfedcde5332b9f578/prod/GeneralComp.lt.xml#L273	Unsupported environment with source
prod-GeneralComp.lt	generalexpression227	https://github.com/w3c/qt3tests/blob/201a6e466940cdfc727f4babfedcde5332b9f578/prod/GeneralComp.lt.xml#L283	Unsupported environment with source
prod-GeneralComp.lt	generalexpression228	https://github.com/w3c/qt3tests/blob/201a6e466940cdfc727f4babfedcde5332b9f578/prod/GeneralComp.lt.xml#L294	Unsupported sequenceExpr
prod-GeneralComp.lt	generalexpression229	https://github.com/w3c/qt3tests/blob/201a6e466940cdfc727f4babfedcde5332b9f578/prod/GeneralComp.lt.xml#L303	Unsupported sequenceExpr
prod-GeneralComp.lt	generalexpression230	https://github.com/w3c/qt3tests/blob/201a6e466940cdfc727f4babfedcde5332b9f578/prod/GeneralComp.lt.xml#L312	Unsupported sequenceExpr
prod-GeneralComp.lt	generalexpression231	https://github.com/w3c/qt3tests/blob/201a6e466940cdfc727f4babfedcde5332b9f578/prod/GeneralComp.lt.xml#L321	Unsupported sequenceExpr
prod-GeneralComp.lt	generalexpression232	https://github.com/w3c/qt3tests/blob/201a6e466940cdfc727f4babfedcde5332b9f578/prod/GeneralComp.lt.xml#L330	Unsupported dependencies spec XQ10+
prod-GeneralComp.lt	generalexpression233	https://github.com/w3c/qt3tests/blob/201a6e466940cdfc727f4babfedcde5332b9f578/prod/GeneralComp.lt.xml#L340	Unsupported dependencies spec XQ10+
prod-GeneralComp.lt	generalexpression234	https://github.com/w3c/qt3tests/blob/201a6e466940cdfc727f4babfedcde5332b9f578/prod/GeneralComp.lt.xml#L350	Unsupported dependencies spec XQ10+
prod-GeneralComp.lt	generalexpression235	https://github.com/w3c/qt3tests/blob/201a6e466940cdfc727f4babfedcde5332b9f578/prod/GeneralComp.lt.xml#L360	Unsupported environment with source
prod-GeneralComp.lt	generalexpression236	https://github.com/w3c/qt3tests/blob/201a6e466940cdfc727f4babfedcde5332b9f578/prod/GeneralComp.lt.xml#L370	Unsupported environment with source
prod-GeneralComp.lt	generalexpression237	https://github.com/w3c/qt3tests/blob/201a6e466940cdfc727f4babfedcde5332b9f578/prod/GeneralComp.lt.xml#L380	Unsupported environment with source
prod-GeneralComp.lt	generalexpression238	https://github.com/w3c/qt3tests/blob/201a6e466940cdfc727f4babfedcde5332b9f578/prod/GeneralComp.lt.xml#L391	Unsupported dependencies spec XQ10+
prod-GeneralComp.lt	generalexpression239	https://github.com/w3c/qt3tests/blob/201a6e466940cdfc727f4babfedcde5332b9f578/prod/GeneralComp.lt.xml#L401	Unsupported dependencies spec XQ10+
prod-GeneralComp.lt	generalexpression240	https://github.com/w3c/qt3tests/blob/201a6e466940cdfc727f4babfedcde5332b9f578/prod/GeneralComp.lt.xml#L411	Unsupported dependencies spec XQ10+
prod-GeneralComp.lt	generalexpression241	https://github.com/w3c/qt3tests/blob/201a6e466940cdfc727f4babfedcde5332b9f578/prod/GeneralComp.lt.xml#L421	Unsupported dependencies spec XQ10+
prod-GeneralComp.lt	generalexpression242	https://github.com/w3c/qt3tests/blob/201a6e466940cdfc727f4babfedcde5332b9f578/prod/GeneralComp.lt.xml#L431	Unsupported dependencies spec XQ10+
prod-GeneralComp.lt	generalexpression243	https://github.com/w3c/qt3tests/blob/201a6e466940cdfc727f4babfedcde5332b9f578/prod/GeneralComp.lt.xml#L441	Unsupported dependencies spec XQ10+
prod-GeneralComp.lt	generalexpression244	https://github.com/w3c/qt3tests/blob/201a6e466940cdfc727f4babfedcde5332b9f578/prod/GeneralComp.lt.xml#L451	Unsupported dependencies spec XQ10+
prod-GeneralComp.lt	generalexpression245	https://github.com/w3c/qt3tests/blob/201a6e466940cdfc727f4babfedcde5332b9f578/prod/GeneralComp.lt.xml#L461	Unsupported dependencies spec XQ10+
prod-GeneralComp.lt	generalexpression246	https://github.com/w3c/qt3tests/blob/201a6e466940cdfc727f4babfedcde5332b9f578/prod/GeneralComp.lt.xml#L472	Unsupported dependencies spec XQ10+
prod-GeneralComp.lt	generalexpression247	https://github.com/w3c/qt3tests/blob/201a6e466940cdfc727f4babfedcde5332b9f578/prod/GeneralComp.lt.xml#L483	Unsupported dependencies spec XQ10+
prod-GeneralComp.lt	generalexpression248	https://github.com/w3c/qt3tests/blob/201a6e466940cdfc727f4babfedcde5332b9f578/prod/GeneralComp.lt.xml#L495	Unsupported dependencies spec XQ10+
prod-GeneralComp.lt	generalexpression249	https://github.com/w3c/qt3tests/blob/201a6e466940cdfc727f4babfedcde5332b9f578/prod/GeneralComp.lt.xml#L505	Unsupported dependencies spec XQ10+
prod-GeneralComp.lt	generalexpression250	https://github.com/w3c/qt3tests/blob/201a6e466940cdfc727f4babfedcde5332b9f578/prod/GeneralComp.lt.xml#L515	Unsupported dependencies spec XQ10+
prod-GeneralComp.lt	generalexpression251	https://github.com/w3c/qt3tests/blob/201a6e466940cdfc727f4babfedcde5332b9f578/prod/GeneralComp.lt.xml#L525	Unsupported dependencies spec XQ10+
prod-GeneralComp.lt	generalexpression252	https://github.com/w3c/qt3tests/blob/201a6e466940cdfc727f4babfedcde5332b9f578/prod/GeneralComp.lt.xml#L535	Unsupported dependencies spec XQ10+
prod-GeneralComp.lt	generalexpression253	https://github.com/w3c/qt3tests/blob/201a6e466940cdfc727f4babfedcde5332b9f578/prod/GeneralComp.lt.xml#L545	Unsupported dependencies spec XQ10+
prod-GeneralComp.lt	generalexpression254	https://github.com/w3c/qt3tests/blob/201a6e466940cdfc727f4babfedcde5332b9f578/prod/GeneralComp.lt.xml#L555	Unsupported dependencies spec XQ10+
prod-GeneralComp.lt	generalexpression255	https://github.com/w3c/qt3tests/blob/201a6e466940cdfc727f4babfedcde5332b9f578/prod/GeneralComp.lt.xml#L565	Unsupported dependencies spec XQ10+
prod-GeneralComp.lt	generalexpression256	https://github.com/w3c/qt3tests/blob/201a6e466940cdfc727f4babfedcde5332b9f578/prod/GeneralComp.lt.xml#L576	Unsupported dependencies spec XQ10+
prod-GeneralComp.lt	generalexpression257	https://github.com/w3c/qt3tests/blob/201a6e466940cdfc727f4babfedcde5332b9f578/prod/GeneralComp.lt.xml#L587	Unsupported dependencies spec XQ10+
prod-GeneralComp.lt	generalexpression258	https://github.com/w3c/qt3tests/blob/201a6e466940cdfc727f4babfedcde5332b9f578/prod/GeneralComp.lt.xml#L599	Unsupported dependencies spec XQ10+
prod-GeneralComp.lt	generalexpression259	https://github.com/w3c/qt3tests/blob/201a6e466940cdfc727f4babfedcde5332b9f578/prod/GeneralComp.lt.xml#L609	Unsupported dependencies spec XQ10+
prod-GeneralComp.lt	generalexpression260	https://github.com/w3c/qt3tests/blob/201a6e466940cdfc727f4babfedcde5332b9f578/prod/GeneralComp.lt.xml#L619	Unsupported dependencies spec XQ10+
prod-GeneralComp.lt	generalexpression261	https://github.com/w3c/qt3tests/blob/201a6e466940cdfc727f4babfedcde5332b9f578/prod/GeneralComp.lt.xml#L629	Unsupported dependencies spec XQ10+
prod-GeneralComp.lt	generalexpression262	https://github.com/w3c/qt3tests/blob/201a6e466940cdfc727f4babfedcde5332b9f578/prod/GeneralComp.lt.xml#L639	Unsupported dependencies spec XQ10+
prod-GeneralComp.lt	generalexpression263	https://github.com/w3c/qt3tests/blob/201a6e466940cdfc727f4babfedcde5332b9f578/prod/GeneralComp.lt.xml#L649	Unsupported dependencies spec XQ10+
prod-GeneralComp.lt	generalexpression264	https://github.com/w3c/qt3tests/blob/201a6e466940cdfc727f4babfedcde5332b9f578/prod/GeneralComp.lt.xml#L659	Unsupported dependencies spec XQ10+
prod-GeneralComp.lt	generalexpression265	https://github.com/w3c/qt3tests/blob/201a6e466940cdfc727f4babfedcde5332b9f578/prod/GeneralComp.lt.xml#L669	Unsupported dependencies spec XQ10+
prod-GeneralComp.lt	generalexpression266	https://github.com/w3c/qt3tests/blob/201a6e466940cdfc727f4babfedcde5332b9f578/prod/GeneralComp.lt.xml#L680	Unsupported dependencies spec XQ10+
prod-GeneralComp.lt	generalexpression267	https://github.com/w3c/qt3tests/blob/201a6e466940cdfc727f4babfedcde5332b9f578/prod/GeneralComp.lt.xml#L691	Unsupported dependencies spec XQ10+
prod-GeneralComp.lt	generalexpression268	https://github.com/w3c/qt3tests/blob/201a6e466940cdfc727f4babfedcde5332b9f578/prod/GeneralComp.lt.xml#L703	Unsupported environment with source
prod-GeneralComp.lt	generalexpression269	https://github.com/w3c/qt3tests/blob/201a6e466940cdfc727f4babfedcde5332b9f578/prod/GeneralComp.lt.xml#L713	Unsupported environment with source
prod-GeneralComp.lt	generalexpression270	https://github.com/w3c/qt3tests/blob/201a6e466940cdfc727f4babfedcde5332b9f578/prod/GeneralComp.lt.xml#L723	Unsupported environment with source
prod-GeneralComp.lt	generalexpression271	https://github.com/w3c/qt3tests/blob/201a6e466940cdfc727f4babfedcde5332b9f578/prod/GeneralComp.lt.xml#L733	Unsupported environment with source
prod-GeneralComp.lt	generalexpression272	https://github.com/w3c/qt3tests/blob/201a6e466940cdfc727f4babfedcde5332b9f578/prod/GeneralComp.lt.xml#L743	Unsupported dependencies spec XQ10+
prod-GeneralComp.lt	generalexpression273	https://github.com/w3c/qt3tests/blob/201a6e466940cdfc727f4babfedcde5332b9f578/prod/GeneralComp.lt.xml#L754	Unsupported dependencies spec XQ10+
prod-GeneralComp.lt	generalexpression274	https://github.com/w3c/qt3tests/blob/201a6e466940cdfc727f4babfedcde5332b9f578/prod/GeneralComp.lt.xml#L765	Unsupported dependencies spec XQ10+
prod-GeneralComp.lt	generalexpression275	https://github.com/w3c/qt3tests/blob/201a6e466940cdfc727f4babfedcde5332b9f578/prod/GeneralComp.lt.xml#L776	Unsupported environment with source
prod-GeneralComp.lt	generalexpression276	https://github.com/w3c/qt3tests/blob/201a6e466940cdfc727f4babfedcde5332b9f578/prod/GeneralComp.lt.xml#L786	Unsupported environment with source
prod-GeneralComp.lt	generalexpression277	https://github.com/w3c/qt3tests/blob/201a6e466940cdfc727f4babfedcde5332b9f578/prod/GeneralComp.lt.xml#L796	Unsupported environment with source
prod-GeneralComp.lt	generalexpression278	https://github.com/w3c/qt3tests/blob/201a6e466940cdfc727f4babfedcde5332b9f578/prod/GeneralComp.lt.xml#L807	Unsupported environment with source
prod-GeneralComp.lt	generalexpression279	https://github.com/w3c/qt3tests/blob/201a6e466940cdfc727f4babfedcde5332b9f578/prod/GeneralComp.lt.xml#L817	Unsupported environment with source
prod-GeneralComp.lt	generalexpression280	https://github.com/w3c/qt3tests/blob/201a6e466940cdfc727f4babfedcde5332b9f578/prod/GeneralComp.lt.xml#L827	Unsupported environment with source
prod-GeneralComp.lt	generalexpression281	https://github.com/w3c/qt3tests/blob/201a6e466940cdfc727f4babfedcde5332b9f578/prod/GeneralComp.lt.xml#L837	Unsupported environment with source
prod-GeneralComp.lt	generalexpression282	https://github.com/w3c/qt3tests/blob/201a6e466940cdfc727f4babfedcde5332b9f578/prod/GeneralComp.lt.xml#L847	Unsupported dependencies spec XQ10+
prod-GeneralComp.lt	generalexpression283	https://github.com/w3c/qt3tests/blob/201a6e466940cdfc727f4babfedcde5332b9f578/prod/GeneralComp.lt.xml#L858	Unsupported dependencies spec XQ10+
prod-GeneralComp.lt	generalexpression284	https://github.com/w3c/qt3tests/blob/201a6e466940cdfc727f4babfedcde5332b9f578/prod/GeneralComp.lt.xml#L869	Unsupported dependencies spec XQ10+
prod-GeneralComp.lt	generalexpression285	https://github.com/w3c/qt3tests/blob/201a6e466940cdfc727f4babfedcde5332b9f578/prod/GeneralComp.lt.xml#L880	Unsupported environment with source
prod-GeneralComp.lt	generalexpression286	https://github.com/w3c/qt3tests/blob/201a6e466940cdfc727f4babfedcde5332b9f578/prod/GeneralComp.lt.xml#L890	Unsupported environment with source
prod-GeneralComp.lt	generalexpression287	https://github.com/w3c/qt3tests/blob/201a6e466940cdfc727f4babfedcde5332b9f578/prod/GeneralComp.lt.xml#L900	Unsupported environment with source
prod-GeneralComp.lt	generalexpression288	https://github.com/w3c/qt3tests/blob/201a6e466940cdfc727f4babfedcde5332b9f578/prod/GeneralComp.lt.xml#L911	Unsupported environment with source
prod-GeneralComp.lt	generalexpression289	https://github.com/w3c/qt3tests/blob/201a6e466940cdfc727f4babfedcde5332b9f578/prod/GeneralComp.lt.xml#L922	Unsupported environment with source
prod-GeneralComp.lt	generalexpression290	https://github.com/w3c/qt3tests/blob/201a6e466940cdfc727f4babfedcde5332b9f578/prod/GeneralComp.lt.xml#L932	Unsupported environment with source
prod-GeneralComp.lt	generalexpression291	https://github.com/w3c/qt3tests/blob/201a6e466940cdfc727f4babfedcde5332b9f578/prod/GeneralComp.lt.xml#L942	Unsupported environment with source
prod-GeneralComp.lt	generalexpression292	https://github.com/w3c/qt3tests/blob/201a6e466940cdfc727f4babfedcde5332b9f578/prod/GeneralComp.lt.xml#L952	Unsupported dependencies spec XQ10+
prod-GeneralComp.lt	generalexpression293	https://github.com/w3c/qt3tests/blob/201a6e466940cdfc727f4babfedcde5332b9f578/prod/GeneralComp.lt.xml#L963	Unsupported dependencies spec XQ10+
prod-GeneralComp.lt	generalexpression294	https://github.com/w3c/qt3tests/blob/201a6e466940cdfc727f4babfedcde5332b9f578/prod/GeneralComp.lt.xml#L974	Unsupported dependencies spec XQ10+
prod-GeneralComp.lt	generalexpression295	https://github.com/w3c/qt3tests/blob/201a6e466940cdfc727f4babfedcde5332b9f578/prod/GeneralComp.lt.xml#L985	Unsupported environment with source
prod-GeneralComp.lt	generalexpression296	https://github.com/w3c/qt3tests/blob/201a6e466940cdfc727f4babfedcde5332b9f578/prod/GeneralComp.lt.xml#L995	Unsupported environment with source
prod-GeneralComp.lt	generalexpression297	https://github.com/w3c/qt3tests/blob/201a6e466940cdfc727f4babfedcde5332b9f578/prod/GeneralComp.lt.xml#L1005	Unsupported environment with source
prod-GeneralComp.lt	lessthanonanyuri-1	https://github.com/w3c/qt3tests/blob/201a6e466940cdfc727f4babfedcde5332b9f578/prod/GeneralComp.lt.xml#L1015	Unsupported cast type xs:anyURI
prod-GeneralComp.lt	K-GenCompLT-1	https://github.com/w3c/qt3tests/blob/201a6e466940cdfc727f4babfedcde5332b9f578/prod/GeneralComp.lt.xml#L1024	Unsupported sequenceExpr
prod-GeneralComp.lt	K-GenCompLT-2	https://github.com/w3c/qt3tests/blob/201a6e466940cdfc727f4babfedcde5332b9f578/prod/GeneralComp.lt.xml#L1033	Unsupported sequenceExpr
prod-GeneralComp.lt	K-GenCompLT-3	https://github.com/w3c/qt3tests/blob/201a6e466940cdfc727f4babfedcde5332b9f578/prod/GeneralComp.lt.xml#L1042	Unsupported sequenceExpr
prod-GeneralComp.lt	K-GenCompLT-4	https://github.com/w3c/qt3tests/blob/201a6e466940cdfc727f4babfedcde5332b9f578/prod/GeneralComp.lt.xml#L1051	Invalid XPath: 1: 1 =< 1\n       ^\n\nError: XPST0003: Failed to parse script. Expected -,+,validate,(#,.,[0-9]+,",',$,(,Q,[A-Z_a-z\\xC0-\\xD6\\xD8-\\xF6\\xF8-\\u02FF\\u0370-\\u037D\\u037F-\\u1FFF\\u200C\\u200D\\u2070-\\u218F\\u2C00-\\u2FEF\\u3001-\\uD7FF\\uF900-\\uFDCF\\uFDF0-\\uFFFD],[\\uD800-\\uDB7F],<,<!--,<?,document,element,attribute,namespace,text,comment,processing-instruction,function,map,[,array,``[,?,parent::,ancestor::,preceding-sibling::,preceding::,ancestor-or-self::,..,child::,descendant::,attribute::,self::,descendant-or-self::,following-sibling::,following::,document-node(,schema-element,schema-attribute(,processing-instruction(,processing-instruction(),comment(),text(),namespace-node(),node(),*:,*,/,//\n  at <>:1:5 - 1:6
prod-GeneralComp.lt	K-GenCompLT-5	https://github.com/w3c/qt3tests/blob/201a6e466940cdfc727f4babfedcde5332b9f578/prod/GeneralComp.lt.xml#L1060	Unsupported sequenceExpr
prod-GeneralComp.lt	K-GenCompLT-6	https://github.com/w3c/qt3tests/blob/201a6e466940cdfc727f4babfedcde5332b9f578/prod/GeneralComp.lt.xml#L1069	Unsupported sequenceExpr
prod-GeneralComp.lt	K-GenCompLT-7	https://github.com/w3c/qt3tests/blob/201a6e466940cdfc727f4babfedcde5332b9f578/prod/GeneralComp.lt.xml#L1078	Unsupported sequenceExpr
prod-GeneralComp.lt	K-GenCompLT-8	https://github.com/w3c/qt3tests/blob/201a6e466940cdfc727f4babfedcde5332b9f578/prod/GeneralComp.lt.xml#L1087	Unsupported sequenceExpr
prod-GeneralComp.lt	K-GenCompLT-9	https://github.com/w3c/qt3tests/blob/201a6e466940cdfc727f4babfedcde5332b9f578/prod/GeneralComp.lt.xml#L1096	Unsupported sequenceExpr
prod-GeneralComp.lt	K-GenCompLT-10	https://github.com/w3c/qt3tests/blob/201a6e466940cdfc727f4babfedcde5332b9f578/prod/GeneralComp.lt.xml#L1105	Unsupported sequenceExpr
prod-GeneralComp.lt	K-GenCompLT-12	https://github.com/w3c/qt3tests/blob/201a6e466940cdfc727f4babfedcde5332b9f578/prod/GeneralComp.lt.xml#L1123	Unsupported cast type xs:untypedAtomic
prod-GeneralComp.lt	K-GenCompLT-13	https://github.com/w3c/qt3tests/blob/201a6e466940cdfc727f4babfedcde5332b9f578/prod/GeneralComp.lt.xml#L1132	Unsupported cast type xs:untypedAtomic
prod-GeneralComp.lt	K-GenCompLT-14	https://github.com/w3c/qt3tests/blob/201a6e466940cdfc727f4babfedcde5332b9f578/prod/GeneralComp.lt.xml#L1141	Unsupported cast type xs:untypedAtomic
prod-GeneralComp.lt	K-GenCompLT-15	https://github.com/w3c/qt3tests/blob/201a6e466940cdfc727f4babfedcde5332b9f578/prod/GeneralComp.lt.xml#L1150	Unsupported cast type xs:untypedAtomic
prod-GeneralComp.lt	K-GenCompLT-16	https://github.com/w3c/qt3tests/blob/201a6e466940cdfc727f4babfedcde5332b9f578/prod/GeneralComp.lt.xml#L1159	Unsupported cast type xs:anyURI
prod-GeneralComp.lt	K-GenCompLT-17	https://github.com/w3c/qt3tests/blob/201a6e466940cdfc727f4babfedcde5332b9f578/prod/GeneralComp.lt.xml#L1168	Unsupported cast type xs:anyURI
prod-GeneralComp.lt	K-GenCompLT-18	https://github.com/w3c/qt3tests/blob/201a6e466940cdfc727f4babfedcde5332b9f578/prod/GeneralComp.lt.xml#L1177	Unsupported function fn:current-time#0
prod-GeneralComp.lt	K-GenCompLT-19	https://github.com/w3c/qt3tests/blob/201a6e466940cdfc727f4babfedcde5332b9f578/prod/GeneralComp.lt.xml#L1186	Unsupported function fn:current-time#0
prod-GeneralComp.lt	K2-GenCompLT-1	https://github.com/w3c/qt3tests/blob/201a6e466940cdfc727f4babfedcde5332b9f578/prod/GeneralComp.lt.xml#L1195	Unsupported dependencies spec XQ10+
prod-GeneralComp.lt	K2-GenCompLT-2	https://github.com/w3c/qt3tests/blob/201a6e466940cdfc727f4babfedcde5332b9f578/prod/GeneralComp.lt.xml#L1205	Unsupported dependencies spec XQ10+
prod-GeneralComp.lt	K2-GenCompLT-3	https://github.com/w3c/qt3tests/blob/201a6e466940cdfc727f4babfedcde5332b9f578/prod/GeneralComp.lt.xml#L1215	Unsupported dependencies spec XQ10+
prod-GeneralComp.lt	K2-GenCompLT-4	https://github.com/w3c/qt3tests/blob/201a6e466940cdfc727f4babfedcde5332b9f578/prod/GeneralComp.lt.xml#L1225	Unsupported dependencies spec XQ10+
prod-GeneralComp.lt	K2-GenCompLT-5	https://github.com/w3c/qt3tests/blob/201a6e466940cdfc727f4babfedcde5332b9f578/prod/GeneralComp.lt.xml#L1235	Unsupported dependencies spec XQ10+
prod-GeneralComp.lt	K2-GenCompLT-6	https://github.com/w3c/qt3tests/blob/201a6e466940cdfc727f4babfedcde5332b9f578/prod/GeneralComp.lt.xml#L1245	Unsupported dependencies spec XQ10+
prod-GeneralComp.lt	K2-GenCompLT-7	https://github.com/w3c/qt3tests/blob/201a6e466940cdfc727f4babfedcde5332b9f578/prod/GeneralComp.lt.xml#L1255	Unsupported dependencies spec XQ10+
prod-GeneralComp.lt	K2-GenCompLT-8	https://github.com/w3c/qt3tests/blob/201a6e466940cdfc727f4babfedcde5332b9f578/prod/GeneralComp.lt.xml#L1265	Unsupported dependencies spec XQ10+
prod-GeneralComp.lt	GenCompLT-9	https://github.com/w3c/qt3tests/blob/201a6e466940cdfc727f4babfedcde5332b9f578/prod/GeneralComp.lt.xml#L1275	Unsupported arrayElem
prod-GeneralComp.lt	GenCompLT-10	https://github.com/w3c/qt3tests/blob/201a6e466940cdfc727f4babfedcde5332b9f578/prod/GeneralComp.lt.xml#L1285	Unsupported arrayElem
prod-GeneralComp.lt	GenCompLT-11	https://github.com/w3c/qt3tests/blob/201a6e466940cdfc727f4babfedcde5332b9f578/prod/GeneralComp.lt.xml#L1295	Unsupported arrayElem
prod-GeneralComp.lt	GenCompLT-12	https://github.com/w3c/qt3tests/blob/201a6e466940cdfc727f4babfedcde5332b9f578/prod/GeneralComp.lt.xml#L1305	Invalid XPath: 1: 2 < 3 < 4\n         ^\n\nError: XPST0003: Failed to parse script. Expected end of input\n  at <>:1:7 - 1:8
prod-GeneralComp.lt	GenCompLT-13	https://github.com/w3c/qt3tests/blob/201a6e466940cdfc727f4babfedcde5332b9f578/prod/GeneralComp.lt.xml#L1314	Invalid XPath: 1: true() < true() < true()\n                   ^\n\nError: XPST0003: Failed to parse script. Expected end of input\n  at <>:1:17 - 1:18
prod-GeneralComp.ne	generalexpression100	https://github.com/w3c/qt3tests/blob/201a6e466940cdfc727f4babfedcde5332b9f578/prod/GeneralComp.ne.xml#L11	Unsupported sequenceExpr
prod-GeneralComp.ne	generalexpression101	https://github.com/w3c/qt3tests/blob/201a6e466940cdfc727f4babfedcde5332b9f578/prod/GeneralComp.ne.xml#L20	Unsupported sequenceExpr
prod-GeneralComp.ne	generalexpression102	https://github.com/w3c/qt3tests/blob/201a6e466940cdfc727f4babfedcde5332b9f578/prod/GeneralComp.ne.xml#L29	Unsupported sequenceExpr
prod-GeneralComp.ne	generalexpression103	https://github.com/w3c/qt3tests/blob/201a6e466940cdfc727f4babfedcde5332b9f578/prod/GeneralComp.ne.xml#L38	Unsupported sequenceExpr
prod-GeneralComp.ne	generalexpression104	https://github.com/w3c/qt3tests/blob/201a6e466940cdfc727f4babfedcde5332b9f578/prod/GeneralComp.ne.xml#L47	Unsupported dependencies spec XQ10+
prod-GeneralComp.ne	generalexpression105	https://github.com/w3c/qt3tests/blob/201a6e466940cdfc727f4babfedcde5332b9f578/prod/GeneralComp.ne.xml#L57	Unsupported dependencies spec XQ10+
prod-GeneralComp.ne	generalexpression106	https://github.com/w3c/qt3tests/blob/201a6e466940cdfc727f4babfedcde5332b9f578/prod/GeneralComp.ne.xml#L67	Unsupported dependencies spec XQ10+
prod-GeneralComp.ne	generalexpression107	https://github.com/w3c/qt3tests/blob/201a6e466940cdfc727f4babfedcde5332b9f578/prod/GeneralComp.ne.xml#L77	Unsupported environment with source
prod-GeneralComp.ne	generalexpression108	https://github.com/w3c/qt3tests/blob/201a6e466940cdfc727f4babfedcde5332b9f578/prod/GeneralComp.ne.xml#L87	Unsupported environment with source
prod-GeneralComp.ne	generalexpression109	https://github.com/w3c/qt3tests/blob/201a6e466940cdfc727f4babfedcde5332b9f578/prod/GeneralComp.ne.xml#L97	Unsupported environment with source
prod-GeneralComp.ne	generalexpression110	https://github.com/w3c/qt3tests/blob/201a6e466940cdfc727f4babfedcde5332b9f578/prod/GeneralComp.ne.xml#L107	Unsupported sequenceExpr
prod-GeneralComp.ne	generalexpression112	https://github.com/w3c/qt3tests/blob/201a6e466940cdfc727f4babfedcde5332b9f578/prod/GeneralComp.ne.xml#L125	Unsupported sequenceExpr
prod-GeneralComp.ne	generalexpression113	https://github.com/w3c/qt3tests/blob/201a6e466940cdfc727f4babfedcde5332b9f578/prod/GeneralComp.ne.xml#L134	Unsupported dependencies spec XQ10+
prod-GeneralComp.ne	generalexpression114	https://github.com/w3c/qt3tests/blob/201a6e466940cdfc727f4babfedcde5332b9f578/prod/GeneralComp.ne.xml#L144	Unsupported dependencies spec XQ10+
prod-GeneralComp.ne	generalexpression115	https://github.com/w3c/qt3tests/blob/201a6e466940cdfc727f4babfedcde5332b9f578/prod/GeneralComp.ne.xml#L154	Unsupported dependencies spec XQ10+
prod-GeneralComp.ne	generalexpression116	https://github.com/w3c/qt3tests/blob/201a6e466940cdfc727f4babfedcde5332b9f578/prod/GeneralComp.ne.xml#L164	Unsupported environment with source
prod-GeneralComp.ne	generalexpression117	https://github.com/w3c/qt3tests/blob/201a6e466940cdfc727f4babfedcde5332b9f578/prod/GeneralComp.ne.xml#L174	Unsupported environment with source
prod-GeneralComp.ne	generalexpression118	https://github.com/w3c/qt3tests/blob/201a6e466940cdfc727f4babfedcde5332b9f578/prod/GeneralComp.ne.xml#L184	Unsupported environment with source
prod-GeneralComp.ne	generalexpression119	https://github.com/w3c/qt3tests/blob/201a6e466940cdfc727f4babfedcde5332b9f578/prod/GeneralComp.ne.xml#L194	Unsupported sequenceExpr
prod-GeneralComp.ne	generalexpression122	https://github.com/w3c/qt3tests/blob/201a6e466940cdfc727f4babfedcde5332b9f578/prod/GeneralComp.ne.xml#L221	Unsupported sequenceExpr
prod-GeneralComp.ne	generalexpression123	https://github.com/w3c/qt3tests/blob/201a6e466940cdfc727f4babfedcde5332b9f578/prod/GeneralComp.ne.xml#L230	Unsupported dependencies spec XQ10+
prod-GeneralComp.ne	generalexpression124	https://github.com/w3c/qt3tests/blob/201a6e466940cdfc727f4babfedcde5332b9f578/prod/GeneralComp.ne.xml#L240	Unsupported dependencies spec XQ10+
prod-GeneralComp.ne	generalexpression125	https://github.com/w3c/qt3tests/blob/201a6e466940cdfc727f4babfedcde5332b9f578/prod/GeneralComp.ne.xml#L250	Unsupported dependencies spec XQ10+
prod-GeneralComp.ne	generalexpression126	https://github.com/w3c/qt3tests/blob/201a6e466940cdfc727f4babfedcde5332b9f578/prod/GeneralComp.ne.xml#L260	Unsupported environment with source
prod-GeneralComp.ne	generalexpression127	https://github.com/w3c/qt3tests/blob/201a6e466940cdfc727f4babfedcde5332b9f578/prod/GeneralComp.ne.xml#L270	Unsupported environment with source
prod-GeneralComp.ne	generalexpression128	https://github.com/w3c/qt3tests/blob/201a6e466940cdfc727f4babfedcde5332b9f578/prod/GeneralComp.ne.xml#L280	Unsupported environment with source
prod-GeneralComp.ne	generalexpression129	https://github.com/w3c/qt3tests/blob/201a6e466940cdfc727f4babfedcde5332b9f578/prod/GeneralComp.ne.xml#L290	Unsupported sequenceExpr
prod-GeneralComp.ne	generalexpression130	https://github.com/w3c/qt3tests/blob/201a6e466940cdfc727f4babfedcde5332b9f578/prod/GeneralComp.ne.xml#L299	Unsupported sequenceExpr
prod-GeneralComp.ne	generalexpression131	https://github.com/w3c/qt3tests/blob/201a6e466940cdfc727f4babfedcde5332b9f578/prod/GeneralComp.ne.xml#L308	Unsupported sequenceExpr
prod-GeneralComp.ne	generalexpression132	https://github.com/w3c/qt3tests/blob/201a6e466940cdfc727f4babfedcde5332b9f578/prod/GeneralComp.ne.xml#L317	Unsupported sequenceExpr
prod-GeneralComp.ne	generalexpression133	https://github.com/w3c/qt3tests/blob/201a6e466940cdfc727f4babfedcde5332b9f578/prod/GeneralComp.ne.xml#L326	Unsupported dependencies spec XQ10+
prod-GeneralComp.ne	generalexpression134	https://github.com/w3c/qt3tests/blob/201a6e466940cdfc727f4babfedcde5332b9f578/prod/GeneralComp.ne.xml#L336	Unsupported dependencies spec XQ10+
prod-GeneralComp.ne	generalexpression135	https://github.com/w3c/qt3tests/blob/201a6e466940cdfc727f4babfedcde5332b9f578/prod/GeneralComp.ne.xml#L346	Unsupported dependencies spec XQ10+
prod-GeneralComp.ne	generalexpression136	https://github.com/w3c/qt3tests/blob/201a6e466940cdfc727f4babfedcde5332b9f578/prod/GeneralComp.ne.xml#L356	Unsupported environment with source
prod-GeneralComp.ne	generalexpression137	https://github.com/w3c/qt3tests/blob/201a6e466940cdfc727f4babfedcde5332b9f578/prod/GeneralComp.ne.xml#L366	Unsupported environment with source
prod-GeneralComp.ne	generalexpression138	https://github.com/w3c/qt3tests/blob/201a6e466940cdfc727f4babfedcde5332b9f578/prod/GeneralComp.ne.xml#L376	Unsupported environment with source
prod-GeneralComp.ne	generalexpression139	https://github.com/w3c/qt3tests/blob/201a6e466940cdfc727f4babfedcde5332b9f578/prod/GeneralComp.ne.xml#L386	Unsupported dependencies spec XQ10+
prod-GeneralComp.ne	generalexpression140	https://github.com/w3c/qt3tests/blob/201a6e466940cdfc727f4babfedcde5332b9f578/prod/GeneralComp.ne.xml#L396	Unsupported dependencies spec XQ10+
prod-GeneralComp.ne	generalexpression141	https://github.com/w3c/qt3tests/blob/201a6e466940cdfc727f4babfedcde5332b9f578/prod/GeneralComp.ne.xml#L406	Unsupported dependencies spec XQ10+
prod-GeneralComp.ne	generalexpression142	https://github.com/w3c/qt3tests/blob/201a6e466940cdfc727f4babfedcde5332b9f578/prod/GeneralComp.ne.xml#L416	Unsupported dependencies spec XQ10+
prod-GeneralComp.ne	generalexpression143	https://github.com/w3c/qt3tests/blob/201a6e466940cdfc727f4babfedcde5332b9f578/prod/GeneralComp.ne.xml#L426	Unsupported dependencies spec XQ10+
prod-GeneralComp.ne	generalexpression144	https://github.com/w3c/qt3tests/blob/201a6e466940cdfc727f4babfedcde5332b9f578/prod/GeneralComp.ne.xml#L436	Unsupported dependencies spec XQ10+
prod-GeneralComp.ne	generalexpression145	https://github.com/w3c/qt3tests/blob/201a6e466940cdfc727f4babfedcde5332b9f578/prod/GeneralComp.ne.xml#L446	Unsupported dependencies spec XQ10+
prod-GeneralComp.ne	generalexpression146	https://github.com/w3c/qt3tests/blob/201a6e466940cdfc727f4babfedcde5332b9f578/prod/GeneralComp.ne.xml#L456	Unsupported dependencies spec XQ10+
prod-GeneralComp.ne	generalexpression147	https://github.com/w3c/qt3tests/blob/201a6e466940cdfc727f4babfedcde5332b9f578/prod/GeneralComp.ne.xml#L467	Unsupported dependencies spec XQ10+
prod-GeneralComp.ne	generalexpression148	https://github.com/w3c/qt3tests/blob/201a6e466940cdfc727f4babfedcde5332b9f578/prod/GeneralComp.ne.xml#L478	Unsupported dependencies spec XQ10+
prod-GeneralComp.ne	generalexpression149	https://github.com/w3c/qt3tests/blob/201a6e466940cdfc727f4babfedcde5332b9f578/prod/GeneralComp.ne.xml#L489	Unsupported dependencies spec XQ10+
prod-GeneralComp.ne	generalexpression150	https://github.com/w3c/qt3tests/blob/201a6e466940cdfc727f4babfedcde5332b9f578/prod/GeneralComp.ne.xml#L499	Unsupported dependencies spec XQ10+
prod-GeneralComp.ne	generalexpression151	https://github.com/w3c/qt3tests/blob/201a6e466940cdfc727f4babfedcde5332b9f578/prod/GeneralComp.ne.xml#L509	Unsupported dependencies spec XQ10+
prod-GeneralComp.ne	generalexpression152	https://github.com/w3c/qt3tests/blob/201a6e466940cdfc727f4babfedcde5332b9f578/prod/GeneralComp.ne.xml#L519	Unsupported dependencies spec XQ10+
prod-GeneralComp.ne	generalexpression153	https://github.com/w3c/qt3tests/blob/201a6e466940cdfc727f4babfedcde5332b9f578/prod/GeneralComp.ne.xml#L529	Unsupported dependencies spec XQ10+
prod-GeneralComp.ne	generalexpression154	https://github.com/w3c/qt3tests/blob/201a6e466940cdfc727f4babfedcde5332b9f578/prod/GeneralComp.ne.xml#L539	Unsupported dependencies spec XQ10+
prod-GeneralComp.ne	generalexpression155	https://github.com/w3c/qt3tests/blob/201a6e466940cdfc727f4babfedcde5332b9f578/prod/GeneralComp.ne.xml#L549	Unsupported dependencies spec XQ10+
prod-GeneralComp.ne	generalexpression156	https://github.com/w3c/qt3tests/blob/201a6e466940cdfc727f4babfedcde5332b9f578/prod/GeneralComp.ne.xml#L559	Unsupported dependencies spec XQ10+
prod-GeneralComp.ne	generalexpression157	https://github.com/w3c/qt3tests/blob/201a6e466940cdfc727f4babfedcde5332b9f578/prod/GeneralComp.ne.xml#L570	Unsupported dependencies spec XQ10+
prod-GeneralComp.ne	generalexpression158	https://github.com/w3c/qt3tests/blob/201a6e466940cdfc727f4babfedcde5332b9f578/prod/GeneralComp.ne.xml#L581	Unsupported dependencies spec XQ10+
prod-GeneralComp.ne	generalexpression159	https://github.com/w3c/qt3tests/blob/201a6e466940cdfc727f4babfedcde5332b9f578/prod/GeneralComp.ne.xml#L592	Unsupported dependencies spec XQ10+
prod-GeneralComp.ne	generalexpression160	https://github.com/w3c/qt3tests/blob/201a6e466940cdfc727f4babfedcde5332b9f578/prod/GeneralComp.ne.xml#L602	Unsupported dependencies spec XQ10+
prod-GeneralComp.ne	generalexpression161	https://github.com/w3c/qt3tests/blob/201a6e466940cdfc727f4babfedcde5332b9f578/prod/GeneralComp.ne.xml#L612	Unsupported dependencies spec XQ10+
prod-GeneralComp.ne	generalexpression162	https://github.com/w3c/qt3tests/blob/201a6e466940cdfc727f4babfedcde5332b9f578/prod/GeneralComp.ne.xml#L622	Unsupported dependencies spec XQ10+
prod-GeneralComp.ne	generalexpression163	https://github.com/w3c/qt3tests/blob/201a6e466940cdfc727f4babfedcde5332b9f578/prod/GeneralComp.ne.xml#L632	Unsupported dependencies spec XQ10+
prod-GeneralComp.ne	generalexpression164	https://github.com/w3c/qt3tests/blob/201a6e466940cdfc727f4babfedcde5332b9f578/prod/GeneralComp.ne.xml#L642	Unsupported dependencies spec XQ10+
prod-GeneralComp.ne	generalexpression165	https://github.com/w3c/qt3tests/blob/201a6e466940cdfc727f4babfedcde5332b9f578/prod/GeneralComp.ne.xml#L652	Unsupported dependencies spec XQ10+
prod-GeneralComp.ne	generalexpression166	https://github.com/w3c/qt3tests/blob/201a6e466940cdfc727f4babfedcde5332b9f578/prod/GeneralComp.ne.xml#L662	Unsupported dependencies spec XQ10+
prod-GeneralComp.ne	generalexpression167	https://github.com/w3c/qt3tests/blob/201a6e466940cdfc727f4babfedcde5332b9f578/prod/GeneralComp.ne.xml#L673	Unsupported dependencies spec XQ10+
prod-GeneralComp.ne	generalexpression168	https://github.com/w3c/qt3tests/blob/201a6e466940cdfc727f4babfedcde5332b9f578/prod/GeneralComp.ne.xml#L684	Unsupported dependencies spec XQ10+
prod-GeneralComp.ne	generalexpression169	https://github.com/w3c/qt3tests/blob/201a6e466940cdfc727f4babfedcde5332b9f578/prod/GeneralComp.ne.xml#L695	Unsupported environment with source
prod-GeneralComp.ne	generalexpression170	https://github.com/w3c/qt3tests/blob/201a6e466940cdfc727f4babfedcde5332b9f578/prod/GeneralComp.ne.xml#L705	Unsupported environment with source
prod-GeneralComp.ne	generalexpression171	https://github.com/w3c/qt3tests/blob/201a6e466940cdfc727f4babfedcde5332b9f578/prod/GeneralComp.ne.xml#L715	Unsupported environment with source
prod-GeneralComp.ne	generalexpression172	https://github.com/w3c/qt3tests/blob/201a6e466940cdfc727f4babfedcde5332b9f578/prod/GeneralComp.ne.xml#L725	Unsupported environment with source
prod-GeneralComp.ne	generalexpression173	https://github.com/w3c/qt3tests/blob/201a6e466940cdfc727f4babfedcde5332b9f578/prod/GeneralComp.ne.xml#L735	Unsupported dependencies spec XQ10+
prod-GeneralComp.ne	generalexpression174	https://github.com/w3c/qt3tests/blob/201a6e466940cdfc727f4babfedcde5332b9f578/prod/GeneralComp.ne.xml#L746	Unsupported dependencies spec XQ10+
prod-GeneralComp.ne	generalexpression175	https://github.com/w3c/qt3tests/blob/201a6e466940cdfc727f4babfedcde5332b9f578/prod/GeneralComp.ne.xml#L757	Unsupported dependencies spec XQ10+
prod-GeneralComp.ne	generalexpression176	https://github.com/w3c/qt3tests/blob/201a6e466940cdfc727f4babfedcde5332b9f578/prod/GeneralComp.ne.xml#L768	Unsupported environment with source
prod-GeneralComp.ne	generalexpression177	https://github.com/w3c/qt3tests/blob/201a6e466940cdfc727f4babfedcde5332b9f578/prod/GeneralComp.ne.xml#L778	Unsupported environment with source
prod-GeneralComp.ne	generalexpression178	https://github.com/w3c/qt3tests/blob/201a6e466940cdfc727f4babfedcde5332b9f578/prod/GeneralComp.ne.xml#L788	Unsupported environment with source
prod-GeneralComp.ne	generalexpression179	https://github.com/w3c/qt3tests/blob/201a6e466940cdfc727f4babfedcde5332b9f578/prod/GeneralComp.ne.xml#L798	Unsupported environment with source
prod-GeneralComp.ne	generalexpression180	https://github.com/w3c/qt3tests/blob/201a6e466940cdfc727f4babfedcde5332b9f578/prod/GeneralComp.ne.xml#L808	Unsupported environment with source
prod-GeneralComp.ne	generalexpression181	https://github.com/w3c/qt3tests/blob/201a6e466940cdfc727f4babfedcde5332b9f578/prod/GeneralComp.ne.xml#L818	Unsupported environment with source
prod-GeneralComp.ne	generalexpression182	https://github.com/w3c/qt3tests/blob/201a6e466940cdfc727f4babfedcde5332b9f578/prod/GeneralComp.ne.xml#L828	Unsupported environment with source
prod-GeneralComp.ne	generalexpression183	https://github.com/w3c/qt3tests/blob/201a6e466940cdfc727f4babfedcde5332b9f578/prod/GeneralComp.ne.xml#L838	Unsupported dependencies spec XQ10+
prod-GeneralComp.ne	generalexpression184	https://github.com/w3c/qt3tests/blob/201a6e466940cdfc727f4babfedcde5332b9f578/prod/GeneralComp.ne.xml#L849	Unsupported dependencies spec XQ10+
prod-GeneralComp.ne	generalexpression185	https://github.com/w3c/qt3tests/blob/201a6e466940cdfc727f4babfedcde5332b9f578/prod/GeneralComp.ne.xml#L860	Unsupported dependencies spec XQ10+
prod-GeneralComp.ne	generalexpression186	https://github.com/w3c/qt3tests/blob/201a6e466940cdfc727f4babfedcde5332b9f578/prod/GeneralComp.ne.xml#L871	Unsupported environment with source
prod-GeneralComp.ne	generalexpression187	https://github.com/w3c/qt3tests/blob/201a6e466940cdfc727f4babfedcde5332b9f578/prod/GeneralComp.ne.xml#L881	Unsupported environment with source
prod-GeneralComp.ne	generalexpression188	https://github.com/w3c/qt3tests/blob/201a6e466940cdfc727f4babfedcde5332b9f578/prod/GeneralComp.ne.xml#L891	Unsupported environment with source
prod-GeneralComp.ne	generalexpression189	https://github.com/w3c/qt3tests/blob/201a6e466940cdfc727f4babfedcde5332b9f578/prod/GeneralComp.ne.xml#L901	Unsupported environment with source
prod-GeneralComp.ne	generalexpression190	https://github.com/w3c/qt3tests/blob/201a6e466940cdfc727f4babfedcde5332b9f578/prod/GeneralComp.ne.xml#L911	Unsupported environment with source
prod-GeneralComp.ne	generalexpression191	https://github.com/w3c/qt3tests/blob/201a6e466940cdfc727f4babfedcde5332b9f578/prod/GeneralComp.ne.xml#L921	Unsupported environment with source
prod-GeneralComp.ne	generalexpression192	https://github.com/w3c/qt3tests/blob/201a6e466940cdfc727f4babfedcde5332b9f578/prod/GeneralComp.ne.xml#L931	Unsupported environment with source
prod-GeneralComp.ne	generalexpression193	https://github.com/w3c/qt3tests/blob/201a6e466940cdfc727f4babfedcde5332b9f578/prod/GeneralComp.ne.xml#L941	Unsupported dependencies spec XQ10+
prod-GeneralComp.ne	generalexpression194	https://github.com/w3c/qt3tests/blob/201a6e466940cdfc727f4babfedcde5332b9f578/prod/GeneralComp.ne.xml#L952	Unsupported dependencies spec XQ10+
prod-GeneralComp.ne	generalexpression195	https://github.com/w3c/qt3tests/blob/201a6e466940cdfc727f4babfedcde5332b9f578/prod/GeneralComp.ne.xml#L963	Unsupported dependencies spec XQ10+
prod-GeneralComp.ne	generalexpression196	https://github.com/w3c/qt3tests/blob/201a6e466940cdfc727f4babfedcde5332b9f578/prod/GeneralComp.ne.xml#L974	Unsupported environment with source
prod-GeneralComp.ne	generalexpression197	https://github.com/w3c/qt3tests/blob/201a6e466940cdfc727f4babfedcde5332b9f578/prod/GeneralComp.ne.xml#L984	Unsupported environment with source
prod-GeneralComp.ne	generalexpression198	https://github.com/w3c/qt3tests/blob/201a6e466940cdfc727f4babfedcde5332b9f578/prod/GeneralComp.ne.xml#L994	Unsupported environment with source
prod-GeneralComp.ne	K-GenCompNE-1	https://github.com/w3c/qt3tests/blob/201a6e466940cdfc727f4babfedcde5332b9f578/prod/GeneralComp.ne.xml#L1004	Unsupported sequenceExpr
prod-GeneralComp.ne	K-GenCompNE-2	https://github.com/w3c/qt3tests/blob/201a6e466940cdfc727f4babfedcde5332b9f578/prod/GeneralComp.ne.xml#L1013	Unsupported sequenceExpr
prod-GeneralComp.ne	K-GenCompNE-3	https://github.com/w3c/qt3tests/blob/201a6e466940cdfc727f4babfedcde5332b9f578/prod/GeneralComp.ne.xml#L1022	Unsupported sequenceExpr
prod-GeneralComp.ne	K-GenCompNE-4	https://github.com/w3c/qt3tests/blob/201a6e466940cdfc727f4babfedcde5332b9f578/prod/GeneralComp.ne.xml#L1031	Unsupported sequenceExpr
prod-GeneralComp.ne	K-GenCompNE-5	https://github.com/w3c/qt3tests/blob/201a6e466940cdfc727f4babfedcde5332b9f578/prod/GeneralComp.ne.xml#L1040	Unsupported sequenceExpr
prod-GeneralComp.ne	K-GenCompNE-6	https://github.com/w3c/qt3tests/blob/201a6e466940cdfc727f4babfedcde5332b9f578/prod/GeneralComp.ne.xml#L1049	Invalid XPath: 1: 1 !! 1\n      ^\n\nError: XPST0003: Failed to parse script. Expected .,[0-9]+,",',$,(,Q,[A-Z_a-z\\xC0-\\xD6\\xD8-\\xF6\\xF8-\\u02FF\\u0370-\\u037D\\u037F-\\u1FFF\\u200C\\u200D\\u2070-\\u218F\\u2C00-\\u2FEF\\u3001-\\uD7FF\\uF900-\\uFDCF\\uFDF0-\\uFFFD],[\\uD800-\\uDB7F],<,<!--,<?,document,element,attribute,namespace,text,comment,processing-instruction,function,map,[,array,``[,?,parent::,ancestor::,preceding-sibling::,preceding::,ancestor-or-self::,..,child::,descendant::,attribute::,self::,descendant-or-self::,following-sibling::,following::,document-node(,schema-element,schema-attribute(,processing-instruction(,processing-instruction(),comment(),text(),namespace-node(),node(),*:,*,/,//\n  at <>:1:4 - 1:5
prod-GeneralComp.ne	K-GenCompNE-7	https://github.com/w3c/qt3tests/blob/201a6e466940cdfc727f4babfedcde5332b9f578/prod/GeneralComp.ne.xml#L1058	Unsupported sequenceExpr
prod-GeneralComp.ne	K-GenCompNE-8	https://github.com/w3c/qt3tests/blob/201a6e466940cdfc727f4babfedcde5332b9f578/prod/GeneralComp.ne.xml#L1067	Unsupported cast type xs:untypedAtomic
prod-GeneralComp.ne	K-GenCompNE-9	https://github.com/w3c/qt3tests/blob/201a6e466940cdfc727f4babfedcde5332b9f578/prod/GeneralComp.ne.xml#L1076	Unsupported cast type xs:untypedAtomic
prod-GeneralComp.ne	K-GenCompNE-10	https://github.com/w3c/qt3tests/blob/201a6e466940cdfc727f4babfedcde5332b9f578/prod/GeneralComp.ne.xml#L1085	Unsupported cast type xs:untypedAtomic
prod-GeneralComp.ne	K-GenCompNE-11	https://github.com/w3c/qt3tests/blob/201a6e466940cdfc727f4babfedcde5332b9f578/prod/GeneralComp.ne.xml#L1094	Unsupported cast type xs:untypedAtomic
prod-GeneralComp.ne	K-GenCompNE-12	https://github.com/w3c/qt3tests/blob/201a6e466940cdfc727f4babfedcde5332b9f578/prod/GeneralComp.ne.xml#L1103	Unsupported cast type xs:untypedAtomic
prod-GeneralComp.ne	K-GenCompNE-13	https://github.com/w3c/qt3tests/blob/201a6e466940cdfc727f4babfedcde5332b9f578/prod/GeneralComp.ne.xml#L1112	Unsupported function fn:current-time#0
prod-GeneralComp.ne	K-GenCompNE-16	https://github.com/w3c/qt3tests/blob/201a6e466940cdfc727f4babfedcde5332b9f578/prod/GeneralComp.ne.xml#L1139	Unsupported cast type xs:untypedAtomic
prod-GeneralComp.ne	K-GenCompNE-17	https://github.com/w3c/qt3tests/blob/201a6e466940cdfc727f4babfedcde5332b9f578/prod/GeneralComp.ne.xml#L1148	Unsupported cast type xs:untypedAtomic
prod-GeneralComp.ne	K-GenCompNE-18	https://github.com/w3c/qt3tests/blob/201a6e466940cdfc727f4babfedcde5332b9f578/prod/GeneralComp.ne.xml#L1157	Unsupported cast type xs:untypedAtomic
prod-GeneralComp.ne	K-GenCompNE-19	https://github.com/w3c/qt3tests/blob/201a6e466940cdfc727f4babfedcde5332b9f578/prod/GeneralComp.ne.xml#L1166	Unsupported cast type xs:untypedAtomic
prod-GeneralComp.ne	K-GenCompNE-20	https://github.com/w3c/qt3tests/blob/201a6e466940cdfc727f4babfedcde5332b9f578/prod/GeneralComp.ne.xml#L1175	Unsupported cast type xs:untypedAtomic
prod-GeneralComp.ne	K-GenCompNE-21	https://github.com/w3c/qt3tests/blob/201a6e466940cdfc727f4babfedcde5332b9f578/prod/GeneralComp.ne.xml#L1184	Unsupported cast type xs:untypedAtomic
prod-GeneralComp.ne	K-GenCompNE-22	https://github.com/w3c/qt3tests/blob/201a6e466940cdfc727f4babfedcde5332b9f578/prod/GeneralComp.ne.xml#L1193	Unsupported cast type xs:untypedAtomic
prod-GeneralComp.ne	K-GenCompNE-23	https://github.com/w3c/qt3tests/blob/201a6e466940cdfc727f4babfedcde5332b9f578/prod/GeneralComp.ne.xml#L1202	Unsupported cast type xs:untypedAtomic
prod-GeneralComp.ne	K-GenCompNE-24	https://github.com/w3c/qt3tests/blob/201a6e466940cdfc727f4babfedcde5332b9f578/prod/GeneralComp.ne.xml#L1211	Unsupported sequenceExpr
prod-GeneralComp.ne	K-GenCompNE-25	https://github.com/w3c/qt3tests/blob/201a6e466940cdfc727f4babfedcde5332b9f578/prod/GeneralComp.ne.xml#L1220	Unsupported sequenceExpr
prod-GeneralComp.ne	K-GenCompNE-26	https://github.com/w3c/qt3tests/blob/201a6e466940cdfc727f4babfedcde5332b9f578/prod/GeneralComp.ne.xml#L1229	Unsupported sequenceExpr
prod-GeneralComp.ne	K-GenCompNE-28	https://github.com/w3c/qt3tests/blob/201a6e466940cdfc727f4babfedcde5332b9f578/prod/GeneralComp.ne.xml#L1247	Unsupported sequenceExpr
prod-GeneralComp.ne	K-GenCompNE-29	https://github.com/w3c/qt3tests/blob/201a6e466940cdfc727f4babfedcde5332b9f578/prod/GeneralComp.ne.xml#L1256	Unsupported sequenceExpr
prod-GeneralComp.ne	K-GenCompNE-30	https://github.com/w3c/qt3tests/blob/201a6e466940cdfc727f4babfedcde5332b9f578/prod/GeneralComp.ne.xml#L1265	Unsupported sequenceExpr
prod-GeneralComp.ne	K-GenCompNE-31	https://github.com/w3c/qt3tests/blob/201a6e466940cdfc727f4babfedcde5332b9f578/prod/GeneralComp.ne.xml#L1274	Unsupported cast type xs:untypedAtomic
prod-GeneralComp.ne	K-GenCompNE-32	https://github.com/w3c/qt3tests/blob/201a6e466940cdfc727f4babfedcde5332b9f578/prod/GeneralComp.ne.xml#L1283	Unsupported cast type xs:untypedAtomic
prod-GeneralComp.ne	K-GenCompNE-35	https://github.com/w3c/qt3tests/blob/201a6e466940cdfc727f4babfedcde5332b9f578/prod/GeneralComp.ne.xml#L1310	Unsupported cast type xs:untypedAtomic
prod-GeneralComp.ne	K-GenCompNE-39	https://github.com/w3c/qt3tests/blob/201a6e466940cdfc727f4babfedcde5332b9f578/prod/GeneralComp.ne.xml#L1346	Unsupported cast type xs:untypedAtomic
prod-GeneralComp.ne	K-GenCompNE-40	https://github.com/w3c/qt3tests/blob/201a6e466940cdfc727f4babfedcde5332b9f578/prod/GeneralComp.ne.xml#L1355	Unsupported cast type xs:anyURI
prod-GeneralComp.ne	K-GenCompNE-41	https://github.com/w3c/qt3tests/blob/201a6e466940cdfc727f4babfedcde5332b9f578/prod/GeneralComp.ne.xml#L1364	Unsupported cast type xs:anyURI
prod-IfExpr	CondExpr002	https://github.com/w3c/qt3tests/blob/201a6e466940cdfc727f4babfedcde5332b9f578/prod/IfExpr.xml#L37	Unsupported dependencies spec XQ10+
prod-IfExpr	CondExpr003	https://github.com/w3c/qt3tests/blob/201a6e466940cdfc727f4babfedcde5332b9f578/prod/IfExpr.xml#L47	Unsupported dependencies spec XQ10+
prod-IfExpr	CondExpr004	https://github.com/w3c/qt3tests/blob/201a6e466940cdfc727f4babfedcde5332b9f578/prod/IfExpr.xml#L57	Unsupported dependencies spec XQ10+
prod-IfExpr	CondExpr005	https://github.com/w3c/qt3tests/blob/201a6e466940cdfc727f4babfedcde5332b9f578/prod/IfExpr.xml#L68	Unsupported dependencies spec XQ10+
prod-IfExpr	CondExpr006	https://github.com/w3c/qt3tests/blob/201a6e466940cdfc727f4babfedcde5332b9f578/prod/IfExpr.xml#L79	Unsupported dependencies spec XQ10+
prod-IfExpr	CondExpr007	https://github.com/w3c/qt3tests/blob/201a6e466940cdfc727f4babfedcde5332b9f578/prod/IfExpr.xml#L89	Unsupported dependencies spec XQ10+
prod-IfExpr	CondExpr008	https://github.com/w3c/qt3tests/blob/201a6e466940cdfc727f4babfedcde5332b9f578/prod/IfExpr.xml#L100	Unsupported environment with source
prod-IfExpr	CondExpr009	https://github.com/w3c/qt3tests/blob/201a6e466940cdfc727f4babfedcde5332b9f578/prod/IfExpr.xml#L110	Unsupported environment with source
prod-IfExpr	CondExpr011	https://github.com/w3c/qt3tests/blob/201a6e466940cdfc727f4babfedcde5332b9f578/prod/IfExpr.xml#L129	Unsupported dependencies spec XQ10+
prod-IfExpr	CondExpr012	https://github.com/w3c/qt3tests/blob/201a6e466940cdfc727f4babfedcde5332b9f578/prod/IfExpr.xml#L139	Unsupported dependencies spec XQ10+
prod-IfExpr	CondExpr013	https://github.com/w3c/qt3tests/blob/201a6e466940cdfc727f4babfedcde5332b9f578/prod/IfExpr.xml#L150	Unsupported dependencies spec XQ10+
prod-IfExpr	CondExpr014	https://github.com/w3c/qt3tests/blob/201a6e466940cdfc727f4babfedcde5332b9f578/prod/IfExpr.xml#L161	Unsupported environment with source
prod-IfExpr	CondExpr016	https://github.com/w3c/qt3tests/blob/201a6e466940cdfc727f4babfedcde5332b9f578/prod/IfExpr.xml#L180	Unsupported environment with source
prod-IfExpr	CondExpr017	https://github.com/w3c/qt3tests/blob/201a6e466940cdfc727f4babfedcde5332b9f578/prod/IfExpr.xml#L210	Unsupported environment with source
prod-IfExpr	CondExpr018	https://github.com/w3c/qt3tests/blob/201a6e466940cdfc727f4babfedcde5332b9f578/prod/IfExpr.xml#L226	Unsupported environment with source
prod-IfExpr	CondExpr019	https://github.com/w3c/qt3tests/blob/201a6e466940cdfc727f4babfedcde5332b9f578/prod/IfExpr.xml#L236	Unsupported environment with source
prod-IfExpr	CondExpr20	https://github.com/w3c/qt3tests/blob/201a6e466940cdfc727f4babfedcde5332b9f578/prod/IfExpr.xml#L246	Unsupported environment with source
prod-IfExpr	CondExpr21	https://github.com/w3c/qt3tests/blob/201a6e466940cdfc727f4babfedcde5332b9f578/prod/IfExpr.xml#L256	Unsupported environment with source
prod-IfExpr	CondExpr022	https://github.com/w3c/qt3tests/blob/201a6e466940cdfc727f4babfedcde5332b9f578/prod/IfExpr.xml#L266	Unsupported function fn:doc-available#1
prod-IfExpr	K-CondExpr-2	https://github.com/w3c/qt3tests/blob/201a6e466940cdfc727f4babfedcde5332b9f578/prod/IfExpr.xml#L284	Unsupported sequenceExpr
prod-IfExpr	K-CondExpr-3	https://github.com/w3c/qt3tests/blob/201a6e466940cdfc727f4babfedcde5332b9f578/prod/IfExpr.xml#L293	Unsupported function fn:current-time#0
prod-IfExpr	K-CondExpr-4	https://github.com/w3c/qt3tests/blob/201a6e466940cdfc727f4babfedcde5332b9f578/prod/IfExpr.xml#L302	Unsupported function fn:current-time#0
prod-IfExpr	K-CondExpr-5	https://github.com/w3c/qt3tests/blob/201a6e466940cdfc727f4babfedcde5332b9f578/prod/IfExpr.xml#L311	Unsupported function fn:current-time#0
prod-IfExpr	K-CondExpr-6	https://github.com/w3c/qt3tests/blob/201a6e466940cdfc727f4babfedcde5332b9f578/prod/IfExpr.xml#L320	Unsupported function fn:current-time#0
prod-IfExpr	K-CondExpr-7	https://github.com/w3c/qt3tests/blob/201a6e466940cdfc727f4babfedcde5332b9f578/prod/IfExpr.xml#L329	Unsupported function fn:current-time#0
prod-IfExpr	K-CondExpr-8	https://github.com/w3c/qt3tests/blob/201a6e466940cdfc727f4babfedcde5332b9f578/prod/IfExpr.xml#L338	Unsupported cast type xs:anyURI
prod-IfExpr	K-CondExpr-9	https://github.com/w3c/qt3tests/blob/201a6e466940cdfc727f4babfedcde5332b9f578/prod/IfExpr.xml#L347	Unsupported cast type xs:anyURI
prod-IfExpr	K-CondExpr-10	https://github.com/w3c/qt3tests/blob/201a6e466940cdfc727f4babfedcde5332b9f578/prod/IfExpr.xml#L356	Unsupported function fn:current-time#0
prod-IfExpr	K-CondExpr-11	https://github.com/w3c/qt3tests/blob/201a6e466940cdfc727f4babfedcde5332b9f578/prod/IfExpr.xml#L365	Unsupported function fn:current-time#0
prod-IfExpr	K-CondExpr-12	https://github.com/w3c/qt3tests/blob/201a6e466940cdfc727f4babfedcde5332b9f578/prod/IfExpr.xml#L374	Unsupported function fn:current-time#0
prod-IfExpr	K2-CondExpr-1	https://github.com/w3c/qt3tests/blob/201a6e466940cdfc727f4babfedcde5332b9f578/prod/IfExpr.xml#L383	Unsupported dependencies spec XQ10+
prod-IfExpr	K2-CondExpr-2	https://github.com/w3c/qt3tests/blob/201a6e466940cdfc727f4babfedcde5332b9f578/prod/IfExpr.xml#L396	Unsupported dependencies spec XQ10+
prod-IfExpr	K2-CondExpr-3	https://github.com/w3c/qt3tests/blob/201a6e466940cdfc727f4babfedcde5332b9f578/prod/IfExpr.xml#L406	Unsupported dependencies spec XQ10+
prod-IfExpr	K2-CondExpr-4	https://github.com/w3c/qt3tests/blob/201a6e466940cdfc727f4babfedcde5332b9f578/prod/IfExpr.xml#L416	Unsupported environment with source
prod-IfExpr	K2-CondExpr-5	https://github.com/w3c/qt3tests/blob/201a6e466940cdfc727f4babfedcde5332b9f578/prod/IfExpr.xml#L426	Invalid XPath: 1: if(!true()) then 2 else 3\n     ^\n\nError: XPST0003: Failed to parse script. Expected end of input\n  at <>:1:3 - 1:4
prod-IfExpr	K2-CondExpr-6	https://github.com/w3c/qt3tests/blob/201a6e466940cdfc727f4babfedcde5332b9f578/prod/IfExpr.xml#L435	Unsupported dependencies spec XQ10+
prod-IfExpr	K2-CondExpr-7	https://github.com/w3c/qt3tests/blob/201a6e466940cdfc727f4babfedcde5332b9f578/prod/IfExpr.xml#L445	Unsupported sequenceExpr
prod-IfExpr	cbcl-condexpr-001	https://github.com/w3c/qt3tests/blob/201a6e466940cdfc727f4babfedcde5332b9f578/prod/IfExpr.xml#L454	Unsupported varName
prod-IfExpr	cbcl-condexpr-002	https://github.com/w3c/qt3tests/blob/201a6e466940cdfc727f4babfedcde5332b9f578/prod/IfExpr.xml#L467	Unsupported varName
prod-Literal	Literals005	https://github.com/w3c/qt3tests/blob/201a6e466940cdfc727f4babfedcde5332b9f578/prod/Literal.xml#L48	Unsupported dependencies spec XQ10+
prod-Literal	Literals006	https://github.com/w3c/qt3tests/blob/201a6e466940cdfc727f4babfedcde5332b9f578/prod/Literal.xml#L58	Invalid XPath: 1: "test\n        ^\n\nError: XPST0003: Failed to parse script. Expected -,+,validate,(#,.,[0-9]+,",',$,(,Q,[A-Z_a-z\\xC0-\\xD6\\xD8-\\xF6\\xF8-\\u02FF\\u0370-\\u037D\\u037F-\\u1FFF\\u200C\\u200D\\u2070-\\u218F\\u2C00-\\u2FEF\\u3001-\\uD7FF\\uF900-\\uFDCF\\uFDF0-\\uFFFD],[\\uD800-\\uDB7F],<,<!--,<?,document,element,attribute,namespace,text,comment,processing-instruction,function,map,[,array,``[,?,parent::,ancestor::,preceding-sibling::,preceding::,ancestor-or-self::,..,child::,descendant::,attribute::,self::,descendant-or-self::,following-sibling::,following::,document-node(,schema-element,schema-attribute(,processing-instruction(,processing-instruction(),comment(),text(),namespace-node(),node(),*:,*,/,//\n  at <>:1:6 - 1:7
prod-Literal	Literals007	https://github.com/w3c/qt3tests/blob/201a6e466940cdfc727f4babfedcde5332b9f578/prod/Literal.xml#L67	Invalid XPath: 1: 'test\n        ^\n\nError: XPST0003: Failed to parse script. Expected -,+,validate,(#,.,[0-9]+,",',$,(,Q,[A-Z_a-z\\xC0-\\xD6\\xD8-\\xF6\\xF8-\\u02FF\\u0370-\\u037D\\u037F-\\u1FFF\\u200C\\u200D\\u2070-\\u218F\\u2C00-\\u2FEF\\u3001-\\uD7FF\\uF900-\\uFDCF\\uFDF0-\\uFFFD],[\\uD800-\\uDB7F],<,<!--,<?,document,element,attribute,namespace,text,comment,processing-instruction,function,map,[,array,``[,?,parent::,ancestor::,preceding-sibling::,preceding::,ancestor-or-self::,..,child::,descendant::,attribute::,self::,descendant-or-self::,following-sibling::,following::,document-node(,schema-element,schema-attribute(,processing-instruction(,processing-instruction(),comment(),text(),namespace-node(),node(),*:,*,/,//\n  at <>:1:6 - 1:7
prod-Literal	Literals008	https://github.com/w3c/qt3tests/blob/201a6e466940cdfc727f4babfedcde5332b9f578/prod/Literal.xml#L76	Invalid XPath: 1: 'test"\n         ^\n\nError: XPST0003: Failed to parse script. Expected -,+,validate,(#,.,[0-9]+,",',$,(,Q,[A-Z_a-z\\xC0-\\xD6\\xD8-\\xF6\\xF8-\\u02FF\\u0370-\\u037D\\u037F-\\u1FFF\\u200C\\u200D\\u2070-\\u218F\\u2C00-\\u2FEF\\u3001-\\uD7FF\\uF900-\\uFDCF\\uFDF0-\\uFFFD],[\\uD800-\\uDB7F],<,<!--,<?,document,element,attribute,namespace,text,comment,processing-instruction,function,map,[,array,``[,?,parent::,ancestor::,preceding-sibling::,preceding::,ancestor-or-self::,..,child::,descendant::,attribute::,self::,descendant-or-self::,following-sibling::,following::,document-node(,schema-element,schema-attribute(,processing-instruction(,processing-instruction(),comment(),text(),namespace-node(),node(),*:,*,/,//\n  at <>:1:7 - 1:8
prod-Literal	Literals009	https://github.com/w3c/qt3tests/blob/201a6e466940cdfc727f4babfedcde5332b9f578/prod/Literal.xml#L85	Invalid XPath: 1: "test'\n         ^\n\nError: XPST0003: Failed to parse script. Expected -,+,validate,(#,.,[0-9]+,",',$,(,Q,[A-Z_a-z\\xC0-\\xD6\\xD8-\\xF6\\xF8-\\u02FF\\u0370-\\u037D\\u037F-\\u1FFF\\u200C\\u200D\\u2070-\\u218F\\u2C00-\\u2FEF\\u3001-\\uD7FF\\uF900-\\uFDCF\\uFDF0-\\uFFFD],[\\uD800-\\uDB7F],<,<!--,<?,document,element,attribute,namespace,text,comment,processing-instruction,function,map,[,array,``[,?,parent::,ancestor::,preceding-sibling::,preceding::,ancestor-or-self::,..,child::,descendant::,attribute::,self::,descendant-or-self::,following-sibling::,following::,document-node(,schema-element,schema-attribute(,processing-instruction(,processing-instruction(),comment(),text(),namespace-node(),node(),*:,*,/,//\n  at <>:1:7 - 1:8
prod-Literal	Literals036	https://github.com/w3c/qt3tests/blob/201a6e466940cdfc727f4babfedcde5332b9f578/prod/Literal.xml#L328	Invalid XPath: 1: 65535032.001.01\n               ^\n\nError: XPST0003: Failed to parse script. Expected end of input\n  at <>:1:13 - 1:14
prod-Literal	Literals037	https://github.com/w3c/qt3tests/blob/201a6e466940cdfc727f4babfedcde5332b9f578/prod/Literal.xml#L337	Invalid XPath: 1: ..01\n     ^\n\nError: XPST0003: Failed to parse script. Expected end of input\n  at <>:1:3 - 1:4
prod-Literal	Literals038	https://github.com/w3c/qt3tests/blob/201a6e466940cdfc727f4babfedcde5332b9f578/prod/Literal.xml#L346	Invalid XPath: 1: .0.1\n     ^\n\nError: XPST0003: Failed to parse script. Expected end of input\n  at <>:1:3 - 1:4
prod-Literal	Literals039	https://github.com/w3c/qt3tests/blob/201a6e466940cdfc727f4babfedcde5332b9f578/prod/Literal.xml#L355	Invalid XPath: 1: -.0.1\n      ^\n\nError: XPST0003: Failed to parse script. Expected end of input\n  at <>:1:4 - 1:5
prod-Literal	Literals040	https://github.com/w3c/qt3tests/blob/201a6e466940cdfc727f4babfedcde5332b9f578/prod/Literal.xml#L364	Invalid XPath: 1: +.0.1\n      ^\n\nError: XPST0003: Failed to parse script. Expected end of input\n  at <>:1:4 - 1:5
prod-Literal	Literals041	https://github.com/w3c/qt3tests/blob/201a6e466940cdfc727f4babfedcde5332b9f578/prod/Literal.xml#L373	Invalid XPath: 1: 1e 2\n    ^\n\nError: XPST0003: Failed to parse script. Expected -,+,validate,(#,.,[0-9]+,",',$,(,Q,[A-Z_a-z\\xC0-\\xD6\\xD8-\\xF6\\xF8-\\u02FF\\u0370-\\u037D\\u037F-\\u1FFF\\u200C\\u200D\\u2070-\\u218F\\u2C00-\\u2FEF\\u3001-\\uD7FF\\uF900-\\uFDCF\\uFDF0-\\uFFFD],[\\uD800-\\uDB7F],<,<!--,<?,document,element,attribute,namespace,text,comment,processing-instruction,function,map,[,array,``[,?,parent::,ancestor::,preceding-sibling::,preceding::,ancestor-or-self::,..,child::,descendant::,attribute::,self::,descendant-or-self::,following-sibling::,following::,document-node(,schema-element,schema-attribute(,processing-instruction(,processing-instruction(),comment(),text(),namespace-node(),node(),*:,*,/,//\n  at <>:1:2 - 1:3
prod-Literal	Literals042	https://github.com/w3c/qt3tests/blob/201a6e466940cdfc727f4babfedcde5332b9f578/prod/Literal.xml#L382	Invalid XPath: 1: 1E 2\n    ^\n\nError: XPST0003: Failed to parse script. Expected -,+,validate,(#,.,[0-9]+,",',$,(,Q,[A-Z_a-z\\xC0-\\xD6\\xD8-\\xF6\\xF8-\\u02FF\\u0370-\\u037D\\u037F-\\u1FFF\\u200C\\u200D\\u2070-\\u218F\\u2C00-\\u2FEF\\u3001-\\uD7FF\\uF900-\\uFDCF\\uFDF0-\\uFFFD],[\\uD800-\\uDB7F],<,<!--,<?,document,element,attribute,namespace,text,comment,processing-instruction,function,map,[,array,``[,?,parent::,ancestor::,preceding-sibling::,preceding::,ancestor-or-self::,..,child::,descendant::,attribute::,self::,descendant-or-self::,following-sibling::,following::,document-node(,schema-element,schema-attribute(,processing-instruction(,processing-instruction(),comment(),text(),namespace-node(),node(),*:,*,/,//\n  at <>:1:2 - 1:3
prod-Literal	Literals043	https://github.com/w3c/qt3tests/blob/201a6e466940cdfc727f4babfedcde5332b9f578/prod/Literal.xml#L391	Invalid XPath: 1: 1 e2\n     ^\n\nError: XPST0003: Failed to parse script. Expected end of input\n  at <>:1:3 - 1:4
prod-Literal	Literals044	https://github.com/w3c/qt3tests/blob/201a6e466940cdfc727f4babfedcde5332b9f578/prod/Literal.xml#L400	Invalid XPath: 1: 1 E2\n     ^\n\nError: XPST0003: Failed to parse script. Expected end of input\n  at <>:1:3 - 1:4
prod-Literal	Literals045	https://github.com/w3c/qt3tests/blob/201a6e466940cdfc727f4babfedcde5332b9f578/prod/Literal.xml#L409	Invalid XPath: 1: 1 e 2\n     ^\n\nError: XPST0003: Failed to parse script. Expected end of input\n  at <>:1:3 - 1:4
prod-Literal	Literals046	https://github.com/w3c/qt3tests/blob/201a6e466940cdfc727f4babfedcde5332b9f578/prod/Literal.xml#L418	Invalid XPath: 1: 1 E 2\n     ^\n\nError: XPST0003: Failed to parse script. Expected end of input\n  at <>:1:3 - 1:4
prod-Literal	Literals047	https://github.com/w3c/qt3tests/blob/201a6e466940cdfc727f4babfedcde5332b9f578/prod/Literal.xml#L427	Invalid XPath: 1: 1e2.1.1\n      ^\n\nError: XPST0003: Failed to parse script. Expected end of input\n  at <>:1:4 - 1:5
prod-Literal	Literals048	https://github.com/w3c/qt3tests/blob/201a6e466940cdfc727f4babfedcde5332b9f578/prod/Literal.xml#L436	Invalid XPath: 1: 1E2.1.1\n      ^\n\nError: XPST0003: Failed to parse script. Expected end of input\n  at <>:1:4 - 1:5
prod-Literal	Literals049	https://github.com/w3c/qt3tests/blob/201a6e466940cdfc727f4babfedcde5332b9f578/prod/Literal.xml#L445	Invalid XPath: 1: 1.1.1e2\n      ^\n\nError: XPST0003: Failed to parse script. Expected end of input\n  at <>:1:4 - 1:5
prod-Literal	Literals050	https://github.com/w3c/qt3tests/blob/201a6e466940cdfc727f4babfedcde5332b9f578/prod/Literal.xml#L454	Invalid XPath: 1: 1.1.1.E2\n      ^\n\nError: XPST0003: Failed to parse script. Expected end of input\n  at <>:1:4 - 1:5
prod-Literal	Literals051	https://github.com/w3c/qt3tests/blob/201a6e466940cdfc727f4babfedcde5332b9f578/prod/Literal.xml#L463	Invalid XPath: 1: 1ee2\n    ^\n\nError: XPST0003: Failed to parse script. Expected -,+,validate,(#,.,[0-9]+,",',$,(,Q,[A-Z_a-z\\xC0-\\xD6\\xD8-\\xF6\\xF8-\\u02FF\\u0370-\\u037D\\u037F-\\u1FFF\\u200C\\u200D\\u2070-\\u218F\\u2C00-\\u2FEF\\u3001-\\uD7FF\\uF900-\\uFDCF\\uFDF0-\\uFFFD],[\\uD800-\\uDB7F],<,<!--,<?,document,element,attribute,namespace,text,comment,processing-instruction,function,map,[,array,``[,?,parent::,ancestor::,preceding-sibling::,preceding::,ancestor-or-self::,..,child::,descendant::,attribute::,self::,descendant-or-self::,following-sibling::,following::,document-node(,schema-element,schema-attribute(,processing-instruction(,processing-instruction(),comment(),text(),namespace-node(),node(),*:,*,/,//\n  at <>:1:2 - 1:3
prod-Literal	Literals052	https://github.com/w3c/qt3tests/blob/201a6e466940cdfc727f4babfedcde5332b9f578/prod/Literal.xml#L472	Invalid XPath: 1: 1EE2\n    ^\n\nError: XPST0003: Failed to parse script. Expected -,+,validate,(#,.,[0-9]+,",',$,(,Q,[A-Z_a-z\\xC0-\\xD6\\xD8-\\xF6\\xF8-\\u02FF\\u0370-\\u037D\\u037F-\\u1FFF\\u200C\\u200D\\u2070-\\u218F\\u2C00-\\u2FEF\\u3001-\\uD7FF\\uF900-\\uFDCF\\uFDF0-\\uFFFD],[\\uD800-\\uDB7F],<,<!--,<?,document,element,attribute,namespace,text,comment,processing-instruction,function,map,[,array,``[,?,parent::,ancestor::,preceding-sibling::,preceding::,ancestor-or-self::,..,child::,descendant::,attribute::,self::,descendant-or-self::,following-sibling::,following::,document-node(,schema-element,schema-attribute(,processing-instruction(,processing-instruction(),comment(),text(),namespace-node(),node(),*:,*,/,//\n  at <>:1:2 - 1:3
prod-Literal	Literals053	https://github.com/w3c/qt3tests/blob/201a6e466940cdfc727f4babfedcde5332b9f578/prod/Literal.xml#L481	Invalid XPath: 1: 1eE2\n    ^\n\nError: XPST0003: Failed to parse script. Expected -,+,validate,(#,.,[0-9]+,",',$,(,Q,[A-Z_a-z\\xC0-\\xD6\\xD8-\\xF6\\xF8-\\u02FF\\u0370-\\u037D\\u037F-\\u1FFF\\u200C\\u200D\\u2070-\\u218F\\u2C00-\\u2FEF\\u3001-\\uD7FF\\uF900-\\uFDCF\\uFDF0-\\uFFFD],[\\uD800-\\uDB7F],<,<!--,<?,document,element,attribute,namespace,text,comment,processing-instruction,function,map,[,array,``[,?,parent::,ancestor::,preceding-sibling::,preceding::,ancestor-or-self::,..,child::,descendant::,attribute::,self::,descendant-or-self::,following-sibling::,following::,document-node(,schema-element,schema-attribute(,processing-instruction(,processing-instruction(),comment(),text(),namespace-node(),node(),*:,*,/,//\n  at <>:1:2 - 1:3
prod-Literal	Literals054	https://github.com/w3c/qt3tests/blob/201a6e466940cdfc727f4babfedcde5332b9f578/prod/Literal.xml#L490	Invalid XPath: 1: 1e2e3\n      ^\n\nError: XPST0003: Failed to parse script. Expected -,+,validate,(#,.,[0-9]+,",',$,(,Q,[A-Z_a-z\\xC0-\\xD6\\xD8-\\xF6\\xF8-\\u02FF\\u0370-\\u037D\\u037F-\\u1FFF\\u200C\\u200D\\u2070-\\u218F\\u2C00-\\u2FEF\\u3001-\\uD7FF\\uF900-\\uFDCF\\uFDF0-\\uFFFD],[\\uD800-\\uDB7F],<,<!--,<?,document,element,attribute,namespace,text,comment,processing-instruction,function,map,[,array,``[,?,parent::,ancestor::,preceding-sibling::,preceding::,ancestor-or-self::,..,child::,descendant::,attribute::,self::,descendant-or-self::,following-sibling::,following::,document-node(,schema-element,schema-attribute(,processing-instruction(,processing-instruction(),comment(),text(),namespace-node(),node(),*:,*,/,//\n  at <>:1:4 - 1:5
prod-Literal	Literals055	https://github.com/w3c/qt3tests/blob/201a6e466940cdfc727f4babfedcde5332b9f578/prod/Literal.xml#L499	Invalid XPath: 1: 1e-2.1.1\n       ^\n\nError: XPST0003: Failed to parse script. Expected end of input\n  at <>:1:5 - 1:6
prod-Literal	Literals056	https://github.com/w3c/qt3tests/blob/201a6e466940cdfc727f4babfedcde5332b9f578/prod/Literal.xml#L508	Unsupported dependencies spec XQ10+
prod-Literal	Literals057	https://github.com/w3c/qt3tests/blob/201a6e466940cdfc727f4babfedcde5332b9f578/prod/Literal.xml#L528	Unsupported dependencies spec XQ10+
prod-Literal	Literals058	https://github.com/w3c/qt3tests/blob/201a6e466940cdfc727f4babfedcde5332b9f578/prod/Literal.xml#L548	Unsupported dependencies spec XQ10+
prod-Literal	Literals059	https://github.com/w3c/qt3tests/blob/201a6e466940cdfc727f4babfedcde5332b9f578/prod/Literal.xml#L568	Unsupported dependencies spec XQ10+
prod-Literal	Literals060	https://github.com/w3c/qt3tests/blob/201a6e466940cdfc727f4babfedcde5332b9f578/prod/Literal.xml#L588	Unsupported dependencies spec XQ10+
prod-Literal	Literals061	https://github.com/w3c/qt3tests/blob/201a6e466940cdfc727f4babfedcde5332b9f578/prod/Literal.xml#L608	Unsupported dependencies spec XQ10+
prod-Literal	Literals066	https://github.com/w3c/qt3tests/blob/201a6e466940cdfc727f4babfedcde5332b9f578/prod/Literal.xml#L664	Unsupported dependencies spec XQ10+
prod-Literal	Literals067	https://github.com/w3c/qt3tests/blob/201a6e466940cdfc727f4babfedcde5332b9f578/prod/Literal.xml#L674	Unsupported dependencies spec XQ10+
prod-Literal	Literals068	https://github.com/w3c/qt3tests/blob/201a6e466940cdfc727f4babfedcde5332b9f578/prod/Literal.xml#L685	Unsupported dependencies spec XQ10+
prod-Literal	Literals069	https://github.com/w3c/qt3tests/blob/201a6e466940cdfc727f4babfedcde5332b9f578/prod/Literal.xml#L695	Unsupported dependencies spec XQ10+
prod-Literal	K-Literals-3	https://github.com/w3c/qt3tests/blob/201a6e466940cdfc727f4babfedcde5332b9f578/prod/Literal.xml#L723	Invalid XPath: 1: 'f'oo'\n      ^\n\nError: XPST0003: Failed to parse script. Expected end of input\n  at <>:1:4 - 1:5
prod-Literal	K-Literals-7	https://github.com/w3c/qt3tests/blob/201a6e466940cdfc727f4babfedcde5332b9f578/prod/Literal.xml#L759	Invalid XPath: 1: "f"oo"\n      ^\n\nError: XPST0003: Failed to parse script. Expected end of input\n  at <>:1:4 - 1:5
prod-Literal	K-Literals-10	https://github.com/w3c/qt3tests/blob/201a6e466940cdfc727f4babfedcde5332b9f578/prod/Literal.xml#L786	Unsupported sequenceType
prod-Literal	K-Literals-11	https://github.com/w3c/qt3tests/blob/201a6e466940cdfc727f4babfedcde5332b9f578/prod/Literal.xml#L795	Unsupported sequenceType
prod-Literal	K-Literals-12	https://github.com/w3c/qt3tests/blob/201a6e466940cdfc727f4babfedcde5332b9f578/prod/Literal.xml#L804	Unsupported sequenceType
prod-Literal	K-Literals-13	https://github.com/w3c/qt3tests/blob/201a6e466940cdfc727f4babfedcde5332b9f578/prod/Literal.xml#L813	Unsupported sequenceType
prod-Literal	K-Literals-14	https://github.com/w3c/qt3tests/blob/201a6e466940cdfc727f4babfedcde5332b9f578/prod/Literal.xml#L822	Unsupported sequenceType
prod-Literal	K-Literals-15	https://github.com/w3c/qt3tests/blob/201a6e466940cdfc727f4babfedcde5332b9f578/prod/Literal.xml#L831	Unsupported sequenceType
prod-Literal	K-Literals-16	https://github.com/w3c/qt3tests/blob/201a6e466940cdfc727f4babfedcde5332b9f578/prod/Literal.xml#L840	Unsupported sequenceType
prod-Literal	K-Literals-17	https://github.com/w3c/qt3tests/blob/201a6e466940cdfc727f4babfedcde5332b9f578/prod/Literal.xml#L849	Unsupported sequenceType
prod-Literal	K-Literals-18	https://github.com/w3c/qt3tests/blob/201a6e466940cdfc727f4babfedcde5332b9f578/prod/Literal.xml#L858	Unsupported sequenceType
prod-Literal	K-Literals-19	https://github.com/w3c/qt3tests/blob/201a6e466940cdfc727f4babfedcde5332b9f578/prod/Literal.xml#L867	Unsupported sequenceType
prod-Literal	K-Literals-22	https://github.com/w3c/qt3tests/blob/201a6e466940cdfc727f4babfedcde5332b9f578/prod/Literal.xml#L894	Unsupported sequenceType
prod-Literal	K-Literals-23	https://github.com/w3c/qt3tests/blob/201a6e466940cdfc727f4babfedcde5332b9f578/prod/Literal.xml#L903	Invalid XPath: 1: 3 >E 2\n        ^\n\nError: XPST0003: Failed to parse script. Expected end of input\n  at <>:1:6 - 1:7
prod-Literal	K-Literals-24	https://github.com/w3c/qt3tests/blob/201a6e466940cdfc727f4babfedcde5332b9f578/prod/Literal.xml#L912	Invalid XPath: 1: 33"\n     ^\n\nError: XPST0003: Failed to parse script. Expected end of input\n  at <>:1:3 - 1:4
prod-Literal	K-Literals-25	https://github.com/w3c/qt3tests/blob/201a6e466940cdfc727f4babfedcde5332b9f578/prod/Literal.xml#L921	Invalid XPath: 1: 2 + 3!#\n         ^\n\nError: XPST0003: Failed to parse script. Expected .,[0-9]+,",',$,(,Q,[A-Z_a-z\\xC0-\\xD6\\xD8-\\xF6\\xF8-\\u02FF\\u0370-\\u037D\\u037F-\\u1FFF\\u200C\\u200D\\u2070-\\u218F\\u2C00-\\u2FEF\\u3001-\\uD7FF\\uF900-\\uFDCF\\uFDF0-\\uFFFD],[\\uD800-\\uDB7F],<,<!--,<?,document,element,attribute,namespace,text,comment,processing-instruction,function,map,[,array,``[,?,parent::,ancestor::,preceding-sibling::,preceding::,ancestor-or-self::,..,child::,descendant::,attribute::,self::,descendant-or-self::,following-sibling::,following::,document-node(,schema-element,schema-attribute(,processing-instruction(,processing-instruction(),comment(),text(),namespace-node(),node(),*:,*,/,//\n  at <>:1:7 - 1:8
prod-Literal	K-Literals-26	https://github.com/w3c/qt3tests/blob/201a6e466940cdfc727f4babfedcde5332b9f578/prod/Literal.xml#L930	Invalid XPath: 1: 432f542\n      ^\n\nError: XPST0003: Failed to parse script. Expected -,+,validate,(#,.,[0-9]+,",',$,(,Q,[A-Z_a-z\\xC0-\\xD6\\xD8-\\xF6\\xF8-\\u02FF\\u0370-\\u037D\\u037F-\\u1FFF\\u200C\\u200D\\u2070-\\u218F\\u2C00-\\u2FEF\\u3001-\\uD7FF\\uF900-\\uFDCF\\uFDF0-\\uFFFD],[\\uD800-\\uDB7F],<,<!--,<?,document,element,attribute,namespace,text,comment,processing-instruction,function,map,[,array,``[,?,parent::,ancestor::,preceding-sibling::,preceding::,ancestor-or-self::,..,child::,descendant::,attribute::,self::,descendant-or-self::,following-sibling::,following::,document-node(,schema-element,schema-attribute(,processing-instruction(,processing-instruction(),comment(),text(),namespace-node(),node(),*:,*,/,//\n  at <>:1:4 - 1:5
prod-Literal	K-Literals-27	https://github.com/w3c/qt3tests/blob/201a6e466940cdfc727f4babfedcde5332b9f578/prod/Literal.xml#L939	Invalid XPath: 1: .54.45\n      ^\n\nError: XPST0003: Failed to parse script. Expected end of input\n  at <>:1:4 - 1:5
prod-Literal	K-Literals-29	https://github.com/w3c/qt3tests/blob/201a6e466940cdfc727f4babfedcde5332b9f578/prod/Literal.xml#L957	Invalid XPath: 1: \n   ^\n\nError: XPST0003: Failed to parse script. Expected -,+,validate,(#,.,[0-9]+,",',$,(,Q,[A-Z_a-z\\xC0-\\xD6\\xD8-\\xF6\\xF8-\\u02FF\\u0370-\\u037D\\u037F-\\u1FFF\\u200C\\u200D\\u2070-\\u218F\\u2C00-\\u2FEF\\u3001-\\uD7FF\\uF900-\\uFDCF\\uFDF0-\\uFFFD],[\\uD800-\\uDB7F],<,<!--,<?,document,element,attribute,namespace,text,comment,processing-instruction,function,map,[,array,``[,?,parent::,ancestor::,preceding-sibling::,preceding::,ancestor-or-self::,..,child::,descendant::,attribute::,self::,descendant-or-self::,following-sibling::,following::,document-node(,schema-element,schema-attribute(,processing-instruction(,processing-instruction(),comment(),text(),namespace-node(),node(),*:,*,/,//\n  at <>:1:1 - 1:2
prod-Literal	K-Literals-30	https://github.com/w3c/qt3tests/blob/201a6e466940cdfc727f4babfedcde5332b9f578/prod/Literal.xml#L966	Invalid XPath: 1: {1}\n   ^\n\nError: XPST0003: Failed to parse script. Expected -,+,validate,(#,.,[0-9]+,",',$,(,Q,[A-Z_a-z\\xC0-\\xD6\\xD8-\\xF6\\xF8-\\u02FF\\u0370-\\u037D\\u037F-\\u1FFF\\u200C\\u200D\\u2070-\\u218F\\u2C00-\\u2FEF\\u3001-\\uD7FF\\uF900-\\uFDCF\\uFDF0-\\uFFFD],[\\uD800-\\uDB7F],<,<!--,<?,document,element,attribute,namespace,text,comment,processing-instruction,function,map,[,array,``[,?,parent::,ancestor::,preceding-sibling::,preceding::,ancestor-or-self::,..,child::,descendant::,attribute::,self::,descendant-or-self::,following-sibling::,following::,document-node(,schema-element,schema-attribute(,processing-instruction(,processing-instruction(),comment(),text(),namespace-node(),node(),*:,*,/,//\n  at <>:1:1 - 1:2
prod-Literal	K-Literals-31	https://github.com/w3c/qt3tests/blob/201a6e466940cdfc727f4babfedcde5332b9f578/prod/Literal.xml#L975	Unsupported dependencies spec XQ10+
prod-Literal	K-Literals-32	https://github.com/w3c/qt3tests/blob/201a6e466940cdfc727f4babfedcde5332b9f578/prod/Literal.xml#L996	Unsupported dependencies spec XQ10+
prod-Literal	K-Literals-33	https://github.com/w3c/qt3tests/blob/201a6e466940cdfc727f4babfedcde5332b9f578/prod/Literal.xml#L1006	Unsupported dependencies spec XQ10+
prod-Literal	K-Literals-34	https://github.com/w3c/qt3tests/blob/201a6e466940cdfc727f4babfedcde5332b9f578/prod/Literal.xml#L1016	Unsupported dependencies spec XQ10+
prod-Literal	K-Literals-35	https://github.com/w3c/qt3tests/blob/201a6e466940cdfc727f4babfedcde5332b9f578/prod/Literal.xml#L1026	Unsupported dependencies spec XQ10+
prod-Literal	K-Literals-36	https://github.com/w3c/qt3tests/blob/201a6e466940cdfc727f4babfedcde5332b9f578/prod/Literal.xml#L1036	Unsupported dependencies spec XQ10+
prod-Literal	K-Literals-38	https://github.com/w3c/qt3tests/blob/201a6e466940cdfc727f4babfedcde5332b9f578/prod/Literal.xml#L1055	Unsupported dependencies spec XQ10+
prod-Literal	K-Literals-39	https://github.com/w3c/qt3tests/blob/201a6e466940cdfc727f4babfedcde5332b9f578/prod/Literal.xml#L1065	Unsupported dependencies spec XQ10+
prod-Literal	K-Literals-40	https://github.com/w3c/qt3tests/blob/201a6e466940cdfc727f4babfedcde5332b9f578/prod/Literal.xml#L1075	Unsupported dependencies spec XQ10+
prod-Literal	K-Literals-41	https://github.com/w3c/qt3tests/blob/201a6e466940cdfc727f4babfedcde5332b9f578/prod/Literal.xml#L1085	Unsupported dependencies spec XQ10+
prod-Literal	K-Literals-42	https://github.com/w3c/qt3tests/blob/201a6e466940cdfc727f4babfedcde5332b9f578/prod/Literal.xml#L1095	Unsupported dependencies spec XQ10+
prod-Literal	K-Literals-43	https://github.com/w3c/qt3tests/blob/201a6e466940cdfc727f4babfedcde5332b9f578/prod/Literal.xml#L1105	Unsupported dependencies spec XQ10+
prod-Literal	K-Literals-44	https://github.com/w3c/qt3tests/blob/201a6e466940cdfc727f4babfedcde5332b9f578/prod/Literal.xml#L1115	Unsupported dependencies spec XQ10+
prod-Literal	K-Literals-45	https://github.com/w3c/qt3tests/blob/201a6e466940cdfc727f4babfedcde5332b9f578/prod/Literal.xml#L1125	Unsupported dependencies spec XQ10+
prod-Literal	K-Literals-46	https://github.com/w3c/qt3tests/blob/201a6e466940cdfc727f4babfedcde5332b9f578/prod/Literal.xml#L1135	Unsupported dependencies spec XQ10+
prod-Literal	K-Literals-47	https://github.com/w3c/qt3tests/blob/201a6e466940cdfc727f4babfedcde5332b9f578/prod/Literal.xml#L1145	Unsupported dependencies spec XQ10+
prod-Literal	K-Literals-48	https://github.com/w3c/qt3tests/blob/201a6e466940cdfc727f4babfedcde5332b9f578/prod/Literal.xml#L1165	Unsupported dependencies spec XQ10+
prod-Literal	K-Literals-49	https://github.com/w3c/qt3tests/blob/201a6e466940cdfc727f4babfedcde5332b9f578/prod/Literal.xml#L1175	Unsupported dependencies spec XQ10+
prod-Literal	K-Literals-50	https://github.com/w3c/qt3tests/blob/201a6e466940cdfc727f4babfedcde5332b9f578/prod/Literal.xml#L1185	Invalid XPath: 1: 1 &lt;= 3\n     ^\n\nError: XPST0003: Failed to parse script. Expected end of input\n  at <>:1:3 - 1:4
prod-Literal	K2-Literals-1	https://github.com/w3c/qt3tests/blob/201a6e466940cdfc727f4babfedcde5332b9f578/prod/Literal.xml#L1194	Unsupported dependencies spec XQ10+
prod-Literal	K2-Literals-2	https://github.com/w3c/qt3tests/blob/201a6e466940cdfc727f4babfedcde5332b9f578/prod/Literal.xml#L1204	Unsupported dependencies spec XQ10+
prod-Literal	K2-Literals-3	https://github.com/w3c/qt3tests/blob/201a6e466940cdfc727f4babfedcde5332b9f578/prod/Literal.xml#L1214	Unsupported dependencies spec XQ10+
prod-Literal	K2-Literals-16	https://github.com/w3c/qt3tests/blob/201a6e466940cdfc727f4babfedcde5332b9f578/prod/Literal.xml#L1373	Unsupported dependencies spec XQ10+
prod-Literal	K2-Literals-17	https://github.com/w3c/qt3tests/blob/201a6e466940cdfc727f4babfedcde5332b9f578/prod/Literal.xml#L1383	Unsupported dependencies spec XQ10+
prod-Literal	K2-Literals-18	https://github.com/w3c/qt3tests/blob/201a6e466940cdfc727f4babfedcde5332b9f578/prod/Literal.xml#L1393	Unsupported dependencies spec XQ10+
prod-Literal	K2-Literals-19	https://github.com/w3c/qt3tests/blob/201a6e466940cdfc727f4babfedcde5332b9f578/prod/Literal.xml#L1403	Unsupported dependencies spec XQ10+
prod-Literal	K2-Literals-20	https://github.com/w3c/qt3tests/blob/201a6e466940cdfc727f4babfedcde5332b9f578/prod/Literal.xml#L1413	Invalid XPath: 1: 1 ; 1\n     ^\n\nError: XPST0003: Failed to parse script. Expected end of input\n  at <>:1:3 - 1:4
prod-Literal	K2-Literals-21	https://github.com/w3c/qt3tests/blob/201a6e466940cdfc727f4babfedcde5332b9f578/prod/Literal.xml#L1422	Invalid XPath: 1: 0x20\n    ^\n\nError: XPST0003: Failed to parse script. Expected -,+,validate,(#,.,[0-9]+,",',$,(,Q,[A-Z_a-z\\xC0-\\xD6\\xD8-\\xF6\\xF8-\\u02FF\\u0370-\\u037D\\u037F-\\u1FFF\\u200C\\u200D\\u2070-\\u218F\\u2C00-\\u2FEF\\u3001-\\uD7FF\\uF900-\\uFDCF\\uFDF0-\\uFFFD],[\\uD800-\\uDB7F],<,<!--,<?,document,element,attribute,namespace,text,comment,processing-instruction,function,map,[,array,``[,?,parent::,ancestor::,preceding-sibling::,preceding::,ancestor-or-self::,..,child::,descendant::,attribute::,self::,descendant-or-self::,following-sibling::,following::,document-node(,schema-element,schema-attribute(,processing-instruction(,processing-instruction(),comment(),text(),namespace-node(),node(),*:,*,/,//\n  at <>:1:2 - 1:3
prod-Literal	K2-Literals-22	https://github.com/w3c/qt3tests/blob/201a6e466940cdfc727f4babfedcde5332b9f578/prod/Literal.xml#L1431	Unsupported dependencies spec XQ10+
prod-Literal	K2-Literals-23	https://github.com/w3c/qt3tests/blob/201a6e466940cdfc727f4babfedcde5332b9f578/prod/Literal.xml#L1441	Unsupported dependencies spec XQ10+
prod-Literal	K2-Literals-24	https://github.com/w3c/qt3tests/blob/201a6e466940cdfc727f4babfedcde5332b9f578/prod/Literal.xml#L1451	Unsupported dependencies spec XQ10+
prod-Literal	K2-Literals-25	https://github.com/w3c/qt3tests/blob/201a6e466940cdfc727f4babfedcde5332b9f578/prod/Literal.xml#L1461	Unsupported dependencies spec XQ10+
prod-Literal	K2-Literals-26	https://github.com/w3c/qt3tests/blob/201a6e466940cdfc727f4babfedcde5332b9f578/prod/Literal.xml#L1471	Unsupported dependencies spec XQ10+
prod-Literal	K2-Literals-27	https://github.com/w3c/qt3tests/blob/201a6e466940cdfc727f4babfedcde5332b9f578/prod/Literal.xml#L1481	Unsupported dependencies spec XQ10+
prod-Literal	K2-Literals-28	https://github.com/w3c/qt3tests/blob/201a6e466940cdfc727f4babfedcde5332b9f578/prod/Literal.xml#L1491	Unsupported test in the separate file Literal/K2-Literals-28.xq
prod-Literal	K2-Literals-29	https://github.com/w3c/qt3tests/blob/201a6e466940cdfc727f4babfedcde5332b9f578/prod/Literal.xml#L1503	Unsupported dependencies spec XQ10+
prod-Literal	K2-Literals-31	https://github.com/w3c/qt3tests/blob/201a6e466940cdfc727f4babfedcde5332b9f578/prod/Literal.xml#L1522	Invalid XPath: 1: . 5\n     ^\n\nError: XPST0003: Failed to parse script. Expected end of input\n  at <>:1:3 - 1:4
prod-Literal	K2-Literals-33	https://github.com/w3c/qt3tests/blob/201a6e466940cdfc727f4babfedcde5332b9f578/prod/Literal.xml#L1540	Invalid XPath: 1: } }\n   ^\n\nError: XPST0003: Failed to parse script. Expected -,+,validate,(#,.,[0-9]+,",',$,(,Q,[A-Z_a-z\\xC0-\\xD6\\xD8-\\xF6\\xF8-\\u02FF\\u0370-\\u037D\\u037F-\\u1FFF\\u200C\\u200D\\u2070-\\u218F\\u2C00-\\u2FEF\\u3001-\\uD7FF\\uF900-\\uFDCF\\uFDF0-\\uFFFD],[\\uD800-\\uDB7F],<,<!--,<?,document,element,attribute,namespace,text,comment,processing-instruction,function,map,[,array,``[,?,parent::,ancestor::,preceding-sibling::,preceding::,ancestor-or-self::,..,child::,descendant::,attribute::,self::,descendant-or-self::,following-sibling::,following::,document-node(,schema-element,schema-attribute(,processing-instruction(,processing-instruction(),comment(),text(),namespace-node(),node(),*:,*,/,//\n  at <>:1:1 - 1:2
prod-Literal	K2-Literals-34	https://github.com/w3c/qt3tests/blob/201a6e466940cdfc727f4babfedcde5332b9f578/prod/Literal.xml#L1549	Unsupported dependencies spec XQ10+
prod-Literal	K2-Literals-35	https://github.com/w3c/qt3tests/blob/201a6e466940cdfc727f4babfedcde5332b9f578/prod/Literal.xml#L1559	Unsupported dependencies spec XQ10+
prod-Literal	K2-Literals-36	https://github.com/w3c/qt3tests/blob/201a6e466940cdfc727f4babfedcde5332b9f578/prod/Literal.xml#L1573	Unsupported dependencies spec XQ10+
prod-Literal	K2-Literals-37	https://github.com/w3c/qt3tests/blob/201a6e466940cdfc727f4babfedcde5332b9f578/prod/Literal.xml#L1587	Unsupported xpathAxis
prod-Literal	K2-Literals-38	https://github.com/w3c/qt3tests/blob/201a6e466940cdfc727f4babfedcde5332b9f578/prod/Literal.xml#L1596	Unsupported xpathAxis
prod-Literal	K2-Literals-39	https://github.com/w3c/qt3tests/blob/201a6e466940cdfc727f4babfedcde5332b9f578/prod/Literal.xml#L1605	Unsupported test in the separate file Literal/K2-Literals-39.xq
prod-Literal	cbcl-literals-001	https://github.com/w3c/qt3tests/blob/201a6e466940cdfc727f4babfedcde5332b9f578/prod/Literal.xml#L1617	Unsupported dependencies spec XQ10+
prod-Literal	cbcl-literals-002	https://github.com/w3c/qt3tests/blob/201a6e466940cdfc727f4babfedcde5332b9f578/prod/Literal.xml#L1628	Unsupported dependencies spec XQ10+
prod-Literal	cbcl-literals-003	https://github.com/w3c/qt3tests/blob/201a6e466940cdfc727f4babfedcde5332b9f578/prod/Literal.xml#L1639	Unsupported dependencies spec XQ10+
prod-Literal	cbcl-literals-004	https://github.com/w3c/qt3tests/blob/201a6e466940cdfc727f4babfedcde5332b9f578/prod/Literal.xml#L1650	Unsupported dependencies spec XQ10+
prod-Literal	cbcl-literals-005	https://github.com/w3c/qt3tests/blob/201a6e466940cdfc727f4babfedcde5332b9f578/prod/Literal.xml#L1661	Unsupported dependencies spec XQ10+
prod-Literal	cbcl-literals-006	https://github.com/w3c/qt3tests/blob/201a6e466940cdfc727f4babfedcde5332b9f578/prod/Literal.xml#L1672	Unsupported dependencies spec XQ10+
prod-Literal	cbcl-literals-007	https://github.com/w3c/qt3tests/blob/201a6e466940cdfc727f4babfedcde5332b9f578/prod/Literal.xml#L1683	Unsupported dependencies spec XQ10+
prod-Literal	cbcl-literals-008	https://github.com/w3c/qt3tests/blob/201a6e466940cdfc727f4babfedcde5332b9f578/prod/Literal.xml#L1694	Unsupported dependencies spec XQ10+
prod-OrExpr	op-logical-and-001	https://github.com/w3c/qt3tests/blob/201a6e466940cdfc727f4babfedcde5332b9f578/prod/OrExpr.xml#L16	Unsupported dependencies spec XQ10+
prod-OrExpr	op-logical-and-002	https://github.com/w3c/qt3tests/blob/201a6e466940cdfc727f4babfedcde5332b9f578/prod/OrExpr.xml#L26	Unsupported dependencies spec XQ10+
prod-OrExpr	op-logical-and-003	https://github.com/w3c/qt3tests/blob/201a6e466940cdfc727f4babfedcde5332b9f578/prod/OrExpr.xml#L36	Unsupported dependencies spec XQ10+
prod-OrExpr	op-logical-and-004	https://github.com/w3c/qt3tests/blob/201a6e466940cdfc727f4babfedcde5332b9f578/prod/OrExpr.xml#L46	Unsupported dependencies spec XQ10+
prod-OrExpr	op-logical-and-005	https://github.com/w3c/qt3tests/blob/201a6e466940cdfc727f4babfedcde5332b9f578/prod/OrExpr.xml#L56	Unsupported dependencies spec XQ10+
prod-OrExpr	op-logical-and-006	https://github.com/w3c/qt3tests/blob/201a6e466940cdfc727f4babfedcde5332b9f578/prod/OrExpr.xml#L66	Unsupported dependencies spec XQ10+
prod-OrExpr	op-logical-and-007	https://github.com/w3c/qt3tests/blob/201a6e466940cdfc727f4babfedcde5332b9f578/prod/OrExpr.xml#L76	Unsupported dependencies spec XQ10+
prod-OrExpr	op-logical-and-008	https://github.com/w3c/qt3tests/blob/201a6e466940cdfc727f4babfedcde5332b9f578/prod/OrExpr.xml#L86	Unsupported dependencies spec XQ10+
prod-OrExpr	op-logical-and-009	https://github.com/w3c/qt3tests/blob/201a6e466940cdfc727f4babfedcde5332b9f578/prod/OrExpr.xml#L96	Unsupported dependencies spec XQ10+
prod-OrExpr	op-logical-and-010	https://github.com/w3c/qt3tests/blob/201a6e466940cdfc727f4babfedcde5332b9f578/prod/OrExpr.xml#L106	Unsupported dependencies spec XQ10+
prod-OrExpr	op-logical-and-011	https://github.com/w3c/qt3tests/blob/201a6e466940cdfc727f4babfedcde5332b9f578/prod/OrExpr.xml#L116	Unsupported dependencies spec XQ10+
prod-OrExpr	op-logical-and-012	https://github.com/w3c/qt3tests/blob/201a6e466940cdfc727f4babfedcde5332b9f578/prod/OrExpr.xml#L126	Unsupported dependencies spec XQ10+
prod-OrExpr	op-logical-and-013	https://github.com/w3c/qt3tests/blob/201a6e466940cdfc727f4babfedcde5332b9f578/prod/OrExpr.xml#L136	Unsupported dependencies spec XQ10+
prod-OrExpr	op-logical-and-014	https://github.com/w3c/qt3tests/blob/201a6e466940cdfc727f4babfedcde5332b9f578/prod/OrExpr.xml#L146	Unsupported dependencies spec XQ10+
prod-OrExpr	op-logical-and-015	https://github.com/w3c/qt3tests/blob/201a6e466940cdfc727f4babfedcde5332b9f578/prod/OrExpr.xml#L157	Unsupported dependencies spec XQ10+
prod-OrExpr	op-logical-and-016	https://github.com/w3c/qt3tests/blob/201a6e466940cdfc727f4babfedcde5332b9f578/prod/OrExpr.xml#L168	Unsupported dependencies spec XQ10+
prod-OrExpr	op-logical-and-017	https://github.com/w3c/qt3tests/blob/201a6e466940cdfc727f4babfedcde5332b9f578/prod/OrExpr.xml#L179	Unsupported dependencies spec XQ10+
prod-OrExpr	op-logical-and-018	https://github.com/w3c/qt3tests/blob/201a6e466940cdfc727f4babfedcde5332b9f578/prod/OrExpr.xml#L189	Unsupported dependencies spec XQ10+
prod-OrExpr	op-logical-and-019	https://github.com/w3c/qt3tests/blob/201a6e466940cdfc727f4babfedcde5332b9f578/prod/OrExpr.xml#L199	Unsupported dependencies spec XQ10+
prod-OrExpr	op-logical-and-020	https://github.com/w3c/qt3tests/blob/201a6e466940cdfc727f4babfedcde5332b9f578/prod/OrExpr.xml#L209	Unsupported dependencies spec XQ10+
prod-OrExpr	op-logical-and-021	https://github.com/w3c/qt3tests/blob/201a6e466940cdfc727f4babfedcde5332b9f578/prod/OrExpr.xml#L219	Unsupported dependencies spec XQ10+
prod-OrExpr	op-logical-and-022	https://github.com/w3c/qt3tests/blob/201a6e466940cdfc727f4babfedcde5332b9f578/prod/OrExpr.xml#L229	Unsupported dependencies spec XQ10+
prod-OrExpr	op-logical-and-023	https://github.com/w3c/qt3tests/blob/201a6e466940cdfc727f4babfedcde5332b9f578/prod/OrExpr.xml#L239	Unsupported dependencies spec XQ10+
prod-OrExpr	op-logical-and-024	https://github.com/w3c/qt3tests/blob/201a6e466940cdfc727f4babfedcde5332b9f578/prod/OrExpr.xml#L249	Unsupported dependencies spec XQ10+
prod-OrExpr	op-logical-and-025	https://github.com/w3c/qt3tests/blob/201a6e466940cdfc727f4babfedcde5332b9f578/prod/OrExpr.xml#L259	Unsupported dependencies spec XQ10+
prod-OrExpr	op-logical-and-026	https://github.com/w3c/qt3tests/blob/201a6e466940cdfc727f4babfedcde5332b9f578/prod/OrExpr.xml#L269	Unsupported dependencies spec XQ10+
prod-OrExpr	op-logical-and-027	https://github.com/w3c/qt3tests/blob/201a6e466940cdfc727f4babfedcde5332b9f578/prod/OrExpr.xml#L279	Unsupported dependencies spec XQ10+
prod-OrExpr	op-logical-and-028	https://github.com/w3c/qt3tests/blob/201a6e466940cdfc727f4babfedcde5332b9f578/prod/OrExpr.xml#L289	Unsupported dependencies spec XQ10+
prod-OrExpr	op-logical-and-029	https://github.com/w3c/qt3tests/blob/201a6e466940cdfc727f4babfedcde5332b9f578/prod/OrExpr.xml#L299	Unsupported dependencies spec XQ10+
prod-OrExpr	op-logical-and-030	https://github.com/w3c/qt3tests/blob/201a6e466940cdfc727f4babfedcde5332b9f578/prod/OrExpr.xml#L309	Unsupported dependencies spec XQ10+
prod-OrExpr	op-logical-and-031	https://github.com/w3c/qt3tests/blob/201a6e466940cdfc727f4babfedcde5332b9f578/prod/OrExpr.xml#L319	Unsupported dependencies spec XQ10+
prod-OrExpr	op-logical-and-032	https://github.com/w3c/qt3tests/blob/201a6e466940cdfc727f4babfedcde5332b9f578/prod/OrExpr.xml#L329	Unsupported dependencies spec XQ10+
prod-OrExpr	op-logical-and-033	https://github.com/w3c/qt3tests/blob/201a6e466940cdfc727f4babfedcde5332b9f578/prod/OrExpr.xml#L339	Unsupported dependencies spec XQ10+
prod-OrExpr	op-logical-and-034	https://github.com/w3c/qt3tests/blob/201a6e466940cdfc727f4babfedcde5332b9f578/prod/OrExpr.xml#L349	Unsupported dependencies spec XQ10+
prod-OrExpr	op-logical-and-035	https://github.com/w3c/qt3tests/blob/201a6e466940cdfc727f4babfedcde5332b9f578/prod/OrExpr.xml#L359	Unsupported dependencies spec XQ10+
prod-OrExpr	op-logical-and-036	https://github.com/w3c/qt3tests/blob/201a6e466940cdfc727f4babfedcde5332b9f578/prod/OrExpr.xml#L369	Unsupported dependencies spec XQ10+
prod-OrExpr	op-logical-and-037	https://github.com/w3c/qt3tests/blob/201a6e466940cdfc727f4babfedcde5332b9f578/prod/OrExpr.xml#L379	Unsupported dependencies spec XQ10+
prod-OrExpr	op-logical-and-076	https://github.com/w3c/qt3tests/blob/201a6e466940cdfc727f4babfedcde5332b9f578/prod/OrExpr.xml#L775	Unsupported cast type xs:nonPositiveInteger
prod-OrExpr	op-logical-and-077	https://github.com/w3c/qt3tests/blob/201a6e466940cdfc727f4babfedcde5332b9f578/prod/OrExpr.xml#L785	Unsupported cast type xs:nonPositiveInteger
prod-OrExpr	op-logical-and-078	https://github.com/w3c/qt3tests/blob/201a6e466940cdfc727f4babfedcde5332b9f578/prod/OrExpr.xml#L795	Unsupported cast type xs:nonPositiveInteger
prod-OrExpr	op-logical-and-079	https://github.com/w3c/qt3tests/blob/201a6e466940cdfc727f4babfedcde5332b9f578/prod/OrExpr.xml#L805	Unsupported cast type xs:nonPositiveInteger
prod-OrExpr	op-logical-and-080	https://github.com/w3c/qt3tests/blob/201a6e466940cdfc727f4babfedcde5332b9f578/prod/OrExpr.xml#L815	Unsupported cast type xs:nonPositiveInteger
prod-OrExpr	op-logical-and-081	https://github.com/w3c/qt3tests/blob/201a6e466940cdfc727f4babfedcde5332b9f578/prod/OrExpr.xml#L825	Unsupported cast type xs:nonPositiveInteger
prod-OrExpr	op-logical-and-082	https://github.com/w3c/qt3tests/blob/201a6e466940cdfc727f4babfedcde5332b9f578/prod/OrExpr.xml#L835	Unsupported cast type xs:nonPositiveInteger
prod-OrExpr	op-logical-and-083	https://github.com/w3c/qt3tests/blob/201a6e466940cdfc727f4babfedcde5332b9f578/prod/OrExpr.xml#L845	Unsupported cast type xs:nonNegativeInteger
prod-OrExpr	op-logical-and-084	https://github.com/w3c/qt3tests/blob/201a6e466940cdfc727f4babfedcde5332b9f578/prod/OrExpr.xml#L855	Unsupported cast type xs:nonNegativeInteger
prod-OrExpr	op-logical-and-085	https://github.com/w3c/qt3tests/blob/201a6e466940cdfc727f4babfedcde5332b9f578/prod/OrExpr.xml#L865	Unsupported cast type xs:nonNegativeInteger
prod-OrExpr	op-logical-and-086	https://github.com/w3c/qt3tests/blob/201a6e466940cdfc727f4babfedcde5332b9f578/prod/OrExpr.xml#L875	Unsupported cast type xs:nonNegativeInteger
prod-OrExpr	op-logical-and-087	https://github.com/w3c/qt3tests/blob/201a6e466940cdfc727f4babfedcde5332b9f578/prod/OrExpr.xml#L885	Unsupported cast type xs:nonNegativeInteger
prod-OrExpr	op-logical-and-088	https://github.com/w3c/qt3tests/blob/201a6e466940cdfc727f4babfedcde5332b9f578/prod/OrExpr.xml#L895	Unsupported cast type xs:nonNegativeInteger
prod-OrExpr	op-logical-and-089	https://github.com/w3c/qt3tests/blob/201a6e466940cdfc727f4babfedcde5332b9f578/prod/OrExpr.xml#L905	Unsupported cast type xs:nonNegativeInteger
prod-OrExpr	op-logical-and-090	https://github.com/w3c/qt3tests/blob/201a6e466940cdfc727f4babfedcde5332b9f578/prod/OrExpr.xml#L915	Unsupported cast type xs:negativeInteger
prod-OrExpr	op-logical-and-091	https://github.com/w3c/qt3tests/blob/201a6e466940cdfc727f4babfedcde5332b9f578/prod/OrExpr.xml#L925	Unsupported cast type xs:negativeInteger
prod-OrExpr	op-logical-and-092	https://github.com/w3c/qt3tests/blob/201a6e466940cdfc727f4babfedcde5332b9f578/prod/OrExpr.xml#L935	Unsupported cast type xs:negativeInteger
prod-OrExpr	op-logical-and-093	https://github.com/w3c/qt3tests/blob/201a6e466940cdfc727f4babfedcde5332b9f578/prod/OrExpr.xml#L945	Unsupported cast type xs:positiveInteger
prod-OrExpr	op-logical-and-094	https://github.com/w3c/qt3tests/blob/201a6e466940cdfc727f4babfedcde5332b9f578/prod/OrExpr.xml#L955	Unsupported cast type xs:positiveInteger
prod-OrExpr	op-logical-and-095	https://github.com/w3c/qt3tests/blob/201a6e466940cdfc727f4babfedcde5332b9f578/prod/OrExpr.xml#L965	Unsupported cast type xs:positiveInteger
prod-OrExpr	op-logical-and-096	https://github.com/w3c/qt3tests/blob/201a6e466940cdfc727f4babfedcde5332b9f578/prod/OrExpr.xml#L975	Unsupported cast type xs:long
prod-OrExpr	op-logical-and-097	https://github.com/w3c/qt3tests/blob/201a6e466940cdfc727f4babfedcde5332b9f578/prod/OrExpr.xml#L985	Unsupported cast type xs:long
prod-OrExpr	op-logical-and-098	https://github.com/w3c/qt3tests/blob/201a6e466940cdfc727f4babfedcde5332b9f578/prod/OrExpr.xml#L995	Unsupported cast type xs:long
prod-OrExpr	op-logical-and-099	https://github.com/w3c/qt3tests/blob/201a6e466940cdfc727f4babfedcde5332b9f578/prod/OrExpr.xml#L1005	Unsupported cast type xs:long
prod-OrExpr	op-logical-and-100	https://github.com/w3c/qt3tests/blob/201a6e466940cdfc727f4babfedcde5332b9f578/prod/OrExpr.xml#L1015	Unsupported cast type xs:long
prod-OrExpr	op-logical-and-101	https://github.com/w3c/qt3tests/blob/201a6e466940cdfc727f4babfedcde5332b9f578/prod/OrExpr.xml#L1025	Unsupported cast type xs:long
prod-OrExpr	op-logical-and-102	https://github.com/w3c/qt3tests/blob/201a6e466940cdfc727f4babfedcde5332b9f578/prod/OrExpr.xml#L1035	Unsupported cast type xs:long
prod-OrExpr	op-logical-and-103	https://github.com/w3c/qt3tests/blob/201a6e466940cdfc727f4babfedcde5332b9f578/prod/OrExpr.xml#L1045	Unsupported cast type xs:long
prod-OrExpr	op-logical-and-104	https://github.com/w3c/qt3tests/blob/201a6e466940cdfc727f4babfedcde5332b9f578/prod/OrExpr.xml#L1055	Unsupported cast type xs:long
prod-OrExpr	op-logical-and-105	https://github.com/w3c/qt3tests/blob/201a6e466940cdfc727f4babfedcde5332b9f578/prod/OrExpr.xml#L1065	Unsupported cast type xs:unsignedLong
prod-OrExpr	op-logical-and-106	https://github.com/w3c/qt3tests/blob/201a6e466940cdfc727f4babfedcde5332b9f578/prod/OrExpr.xml#L1075	Unsupported cast type xs:unsignedLong
prod-OrExpr	op-logical-and-107	https://github.com/w3c/qt3tests/blob/201a6e466940cdfc727f4babfedcde5332b9f578/prod/OrExpr.xml#L1085	Unsupported cast type xs:unsignedLong
prod-OrExpr	op-logical-and-108	https://github.com/w3c/qt3tests/blob/201a6e466940cdfc727f4babfedcde5332b9f578/prod/OrExpr.xml#L1095	Unsupported cast type xs:unsignedLong
prod-OrExpr	op-logical-and-109	https://github.com/w3c/qt3tests/blob/201a6e466940cdfc727f4babfedcde5332b9f578/prod/OrExpr.xml#L1105	Unsupported cast type xs:unsignedLong
prod-OrExpr	op-logical-and-110	https://github.com/w3c/qt3tests/blob/201a6e466940cdfc727f4babfedcde5332b9f578/prod/OrExpr.xml#L1115	Unsupported cast type xs:unsignedLong
prod-OrExpr	op-logical-and-111	https://github.com/w3c/qt3tests/blob/201a6e466940cdfc727f4babfedcde5332b9f578/prod/OrExpr.xml#L1125	Unsupported cast type xs:unsignedLong
prod-OrExpr	op-logical-and-112	https://github.com/w3c/qt3tests/blob/201a6e466940cdfc727f4babfedcde5332b9f578/prod/OrExpr.xml#L1135	Unsupported cast type xs:int
prod-OrExpr	op-logical-and-113	https://github.com/w3c/qt3tests/blob/201a6e466940cdfc727f4babfedcde5332b9f578/prod/OrExpr.xml#L1145	Unsupported cast type xs:int
prod-OrExpr	op-logical-and-114	https://github.com/w3c/qt3tests/blob/201a6e466940cdfc727f4babfedcde5332b9f578/prod/OrExpr.xml#L1155	Unsupported cast type xs:int
prod-OrExpr	op-logical-and-115	https://github.com/w3c/qt3tests/blob/201a6e466940cdfc727f4babfedcde5332b9f578/prod/OrExpr.xml#L1165	Unsupported cast type xs:int
prod-OrExpr	op-logical-and-116	https://github.com/w3c/qt3tests/blob/201a6e466940cdfc727f4babfedcde5332b9f578/prod/OrExpr.xml#L1175	Unsupported cast type xs:int
prod-OrExpr	op-logical-and-117	https://github.com/w3c/qt3tests/blob/201a6e466940cdfc727f4babfedcde5332b9f578/prod/OrExpr.xml#L1185	Unsupported cast type xs:int
prod-OrExpr	op-logical-and-118	https://github.com/w3c/qt3tests/blob/201a6e466940cdfc727f4babfedcde5332b9f578/prod/OrExpr.xml#L1195	Unsupported cast type xs:int
prod-OrExpr	op-logical-and-119	https://github.com/w3c/qt3tests/blob/201a6e466940cdfc727f4babfedcde5332b9f578/prod/OrExpr.xml#L1205	Unsupported cast type xs:int
prod-OrExpr	op-logical-and-120	https://github.com/w3c/qt3tests/blob/201a6e466940cdfc727f4babfedcde5332b9f578/prod/OrExpr.xml#L1215	Unsupported cast type xs:int
prod-OrExpr	op-logical-and-121	https://github.com/w3c/qt3tests/blob/201a6e466940cdfc727f4babfedcde5332b9f578/prod/OrExpr.xml#L1225	Unsupported cast type xs:unsignedInt
prod-OrExpr	op-logical-and-122	https://github.com/w3c/qt3tests/blob/201a6e466940cdfc727f4babfedcde5332b9f578/prod/OrExpr.xml#L1235	Unsupported cast type xs:unsignedInt
prod-OrExpr	op-logical-and-123	https://github.com/w3c/qt3tests/blob/201a6e466940cdfc727f4babfedcde5332b9f578/prod/OrExpr.xml#L1245	Unsupported cast type xs:unsignedInt
prod-OrExpr	op-logical-and-124	https://github.com/w3c/qt3tests/blob/201a6e466940cdfc727f4babfedcde5332b9f578/prod/OrExpr.xml#L1255	Unsupported cast type xs:unsignedInt
prod-OrExpr	op-logical-and-125	https://github.com/w3c/qt3tests/blob/201a6e466940cdfc727f4babfedcde5332b9f578/prod/OrExpr.xml#L1265	Unsupported cast type xs:unsignedInt
prod-OrExpr	op-logical-and-126	https://github.com/w3c/qt3tests/blob/201a6e466940cdfc727f4babfedcde5332b9f578/prod/OrExpr.xml#L1275	Unsupported cast type xs:unsignedInt
prod-OrExpr	op-logical-and-127	https://github.com/w3c/qt3tests/blob/201a6e466940cdfc727f4babfedcde5332b9f578/prod/OrExpr.xml#L1285	Unsupported cast type xs:unsignedInt
prod-OrExpr	op-logical-and-128	https://github.com/w3c/qt3tests/blob/201a6e466940cdfc727f4babfedcde5332b9f578/prod/OrExpr.xml#L1295	Unsupported cast type xs:short
prod-OrExpr	op-logical-and-129	https://github.com/w3c/qt3tests/blob/201a6e466940cdfc727f4babfedcde5332b9f578/prod/OrExpr.xml#L1305	Unsupported cast type xs:short
prod-OrExpr	op-logical-and-130	https://github.com/w3c/qt3tests/blob/201a6e466940cdfc727f4babfedcde5332b9f578/prod/OrExpr.xml#L1315	Unsupported cast type xs:short
prod-OrExpr	op-logical-and-131	https://github.com/w3c/qt3tests/blob/201a6e466940cdfc727f4babfedcde5332b9f578/prod/OrExpr.xml#L1325	Unsupported cast type xs:short
prod-OrExpr	op-logical-and-132	https://github.com/w3c/qt3tests/blob/201a6e466940cdfc727f4babfedcde5332b9f578/prod/OrExpr.xml#L1335	Unsupported cast type xs:short
prod-OrExpr	op-logical-and-133	https://github.com/w3c/qt3tests/blob/201a6e466940cdfc727f4babfedcde5332b9f578/prod/OrExpr.xml#L1345	Unsupported cast type xs:short
prod-OrExpr	op-logical-and-134	https://github.com/w3c/qt3tests/blob/201a6e466940cdfc727f4babfedcde5332b9f578/prod/OrExpr.xml#L1355	Unsupported cast type xs:short
prod-OrExpr	op-logical-and-135	https://github.com/w3c/qt3tests/blob/201a6e466940cdfc727f4babfedcde5332b9f578/prod/OrExpr.xml#L1365	Unsupported cast type xs:short
prod-OrExpr	op-logical-and-136	https://github.com/w3c/qt3tests/blob/201a6e466940cdfc727f4babfedcde5332b9f578/prod/OrExpr.xml#L1375	Unsupported cast type xs:short
prod-OrExpr	op-logical-and-137	https://github.com/w3c/qt3tests/blob/201a6e466940cdfc727f4babfedcde5332b9f578/prod/OrExpr.xml#L1385	Unsupported cast type xs:unsignedShort
prod-OrExpr	op-logical-and-138	https://github.com/w3c/qt3tests/blob/201a6e466940cdfc727f4babfedcde5332b9f578/prod/OrExpr.xml#L1395	Unsupported cast type xs:unsignedShort
prod-OrExpr	op-logical-and-139	https://github.com/w3c/qt3tests/blob/201a6e466940cdfc727f4babfedcde5332b9f578/prod/OrExpr.xml#L1405	Unsupported cast type xs:unsignedShort
prod-OrExpr	op-logical-and-140	https://github.com/w3c/qt3tests/blob/201a6e466940cdfc727f4babfedcde5332b9f578/prod/OrExpr.xml#L1415	Unsupported cast type xs:unsignedShort
prod-OrExpr	op-logical-and-141	https://github.com/w3c/qt3tests/blob/201a6e466940cdfc727f4babfedcde5332b9f578/prod/OrExpr.xml#L1425	Unsupported cast type xs:unsignedShort
prod-OrExpr	op-logical-and-142	https://github.com/w3c/qt3tests/blob/201a6e466940cdfc727f4babfedcde5332b9f578/prod/OrExpr.xml#L1435	Unsupported cast type xs:unsignedShort
prod-OrExpr	op-logical-and-143	https://github.com/w3c/qt3tests/blob/201a6e466940cdfc727f4babfedcde5332b9f578/prod/OrExpr.xml#L1445	Unsupported cast type xs:unsignedShort
prod-OrExpr	op-logical-and-144	https://github.com/w3c/qt3tests/blob/201a6e466940cdfc727f4babfedcde5332b9f578/prod/OrExpr.xml#L1455	Unsupported cast type xs:byte
prod-OrExpr	op-logical-and-145	https://github.com/w3c/qt3tests/blob/201a6e466940cdfc727f4babfedcde5332b9f578/prod/OrExpr.xml#L1465	Unsupported cast type xs:byte
prod-OrExpr	op-logical-and-146	https://github.com/w3c/qt3tests/blob/201a6e466940cdfc727f4babfedcde5332b9f578/prod/OrExpr.xml#L1475	Unsupported cast type xs:byte
prod-OrExpr	op-logical-and-147	https://github.com/w3c/qt3tests/blob/201a6e466940cdfc727f4babfedcde5332b9f578/prod/OrExpr.xml#L1485	Unsupported cast type xs:byte
prod-OrExpr	op-logical-and-148	https://github.com/w3c/qt3tests/blob/201a6e466940cdfc727f4babfedcde5332b9f578/prod/OrExpr.xml#L1495	Unsupported cast type xs:byte
prod-OrExpr	op-logical-and-149	https://github.com/w3c/qt3tests/blob/201a6e466940cdfc727f4babfedcde5332b9f578/prod/OrExpr.xml#L1505	Unsupported cast type xs:byte
prod-OrExpr	op-logical-and-150	https://github.com/w3c/qt3tests/blob/201a6e466940cdfc727f4babfedcde5332b9f578/prod/OrExpr.xml#L1515	Unsupported cast type xs:byte
prod-OrExpr	op-logical-and-151	https://github.com/w3c/qt3tests/blob/201a6e466940cdfc727f4babfedcde5332b9f578/prod/OrExpr.xml#L1525	Unsupported cast type xs:byte
prod-OrExpr	op-logical-and-152	https://github.com/w3c/qt3tests/blob/201a6e466940cdfc727f4babfedcde5332b9f578/prod/OrExpr.xml#L1535	Unsupported cast type xs:byte
prod-OrExpr	op-logical-and-153	https://github.com/w3c/qt3tests/blob/201a6e466940cdfc727f4babfedcde5332b9f578/prod/OrExpr.xml#L1545	Unsupported cast type xs:unsignedByte
prod-OrExpr	op-logical-and-154	https://github.com/w3c/qt3tests/blob/201a6e466940cdfc727f4babfedcde5332b9f578/prod/OrExpr.xml#L1555	Unsupported cast type xs:unsignedByte
prod-OrExpr	op-logical-and-155	https://github.com/w3c/qt3tests/blob/201a6e466940cdfc727f4babfedcde5332b9f578/prod/OrExpr.xml#L1565	Unsupported cast type xs:unsignedByte
prod-OrExpr	op-logical-and-156	https://github.com/w3c/qt3tests/blob/201a6e466940cdfc727f4babfedcde5332b9f578/prod/OrExpr.xml#L1575	Unsupported cast type xs:unsignedByte
prod-OrExpr	op-logical-and-157	https://github.com/w3c/qt3tests/blob/201a6e466940cdfc727f4babfedcde5332b9f578/prod/OrExpr.xml#L1585	Unsupported cast type xs:unsignedByte
prod-OrExpr	op-logical-and-158	https://github.com/w3c/qt3tests/blob/201a6e466940cdfc727f4babfedcde5332b9f578/prod/OrExpr.xml#L1595	Unsupported cast type xs:unsignedByte
prod-OrExpr	op-logical-and-159	https://github.com/w3c/qt3tests/blob/201a6e466940cdfc727f4babfedcde5332b9f578/prod/OrExpr.xml#L1605	Unsupported cast type xs:unsignedByte
prod-OrExpr	op-logical-or-005	https://github.com/w3c/qt3tests/blob/201a6e466940cdfc727f4babfedcde5332b9f578/prod/OrExpr.xml#L1655	Unsupported sequenceExpr
prod-OrExpr	op-logical-or-006	https://github.com/w3c/qt3tests/blob/201a6e466940cdfc727f4babfedcde5332b9f578/prod/OrExpr.xml#L1665	Unsupported sequenceExpr
prod-OrExpr	op-logical-or-007	https://github.com/w3c/qt3tests/blob/201a6e466940cdfc727f4babfedcde5332b9f578/prod/OrExpr.xml#L1675	Unsupported sequenceExpr
prod-OrExpr	op-logical-or-009	https://github.com/w3c/qt3tests/blob/201a6e466940cdfc727f4babfedcde5332b9f578/prod/OrExpr.xml#L1695	Unsupported sequenceExpr
prod-OrExpr	op-logical-or-010	https://github.com/w3c/qt3tests/blob/201a6e466940cdfc727f4babfedcde5332b9f578/prod/OrExpr.xml#L1705	Unsupported sequenceExpr
prod-OrExpr	op-logical-or-014	https://github.com/w3c/qt3tests/blob/201a6e466940cdfc727f4babfedcde5332b9f578/prod/OrExpr.xml#L1745	Unsupported environment with source
prod-OrExpr	op-logical-or-015	https://github.com/w3c/qt3tests/blob/201a6e466940cdfc727f4babfedcde5332b9f578/prod/OrExpr.xml#L1756	Unsupported environment with source
prod-OrExpr	op-logical-or-016	https://github.com/w3c/qt3tests/blob/201a6e466940cdfc727f4babfedcde5332b9f578/prod/OrExpr.xml#L1767	Unsupported environment with source
prod-OrExpr	op-logical-or-025	https://github.com/w3c/qt3tests/blob/201a6e466940cdfc727f4babfedcde5332b9f578/prod/OrExpr.xml#L1858	Unsupported cast type xs:untypedAtomic
prod-OrExpr	op-logical-or-026	https://github.com/w3c/qt3tests/blob/201a6e466940cdfc727f4babfedcde5332b9f578/prod/OrExpr.xml#L1868	Unsupported cast type xs:untypedAtomic
prod-OrExpr	op-logical-or-027	https://github.com/w3c/qt3tests/blob/201a6e466940cdfc727f4babfedcde5332b9f578/prod/OrExpr.xml#L1878	Unsupported cast type xs:untypedAtomic
prod-OrExpr	op-logical-or-028	https://github.com/w3c/qt3tests/blob/201a6e466940cdfc727f4babfedcde5332b9f578/prod/OrExpr.xml#L1888	Unsupported cast type xs:untypedAtomic
prod-OrExpr	op-logical-or-076	https://github.com/w3c/qt3tests/blob/201a6e466940cdfc727f4babfedcde5332b9f578/prod/OrExpr.xml#L2374	Unsupported cast type xs:nonPositiveInteger
prod-OrExpr	op-logical-or-077	https://github.com/w3c/qt3tests/blob/201a6e466940cdfc727f4babfedcde5332b9f578/prod/OrExpr.xml#L2384	Unsupported cast type xs:nonPositiveInteger
prod-OrExpr	op-logical-or-078	https://github.com/w3c/qt3tests/blob/201a6e466940cdfc727f4babfedcde5332b9f578/prod/OrExpr.xml#L2394	Unsupported cast type xs:nonPositiveInteger
prod-OrExpr	op-logical-or-079	https://github.com/w3c/qt3tests/blob/201a6e466940cdfc727f4babfedcde5332b9f578/prod/OrExpr.xml#L2404	Unsupported cast type xs:nonPositiveInteger
prod-OrExpr	op-logical-or-080	https://github.com/w3c/qt3tests/blob/201a6e466940cdfc727f4babfedcde5332b9f578/prod/OrExpr.xml#L2414	Unsupported cast type xs:nonPositiveInteger
prod-OrExpr	op-logical-or-081	https://github.com/w3c/qt3tests/blob/201a6e466940cdfc727f4babfedcde5332b9f578/prod/OrExpr.xml#L2424	Unsupported cast type xs:nonPositiveInteger
prod-OrExpr	op-logical-or-082	https://github.com/w3c/qt3tests/blob/201a6e466940cdfc727f4babfedcde5332b9f578/prod/OrExpr.xml#L2434	Unsupported cast type xs:nonPositiveInteger
prod-OrExpr	op-logical-or-083	https://github.com/w3c/qt3tests/blob/201a6e466940cdfc727f4babfedcde5332b9f578/prod/OrExpr.xml#L2444	Unsupported cast type xs:nonNegativeInteger
prod-OrExpr	op-logical-or-084	https://github.com/w3c/qt3tests/blob/201a6e466940cdfc727f4babfedcde5332b9f578/prod/OrExpr.xml#L2454	Unsupported cast type xs:nonNegativeInteger
prod-OrExpr	op-logical-or-085	https://github.com/w3c/qt3tests/blob/201a6e466940cdfc727f4babfedcde5332b9f578/prod/OrExpr.xml#L2464	Unsupported cast type xs:nonNegativeInteger
prod-OrExpr	op-logical-or-086	https://github.com/w3c/qt3tests/blob/201a6e466940cdfc727f4babfedcde5332b9f578/prod/OrExpr.xml#L2474	Unsupported cast type xs:nonNegativeInteger
prod-OrExpr	op-logical-or-087	https://github.com/w3c/qt3tests/blob/201a6e466940cdfc727f4babfedcde5332b9f578/prod/OrExpr.xml#L2484	Unsupported cast type xs:nonNegativeInteger
prod-OrExpr	op-logical-or-088	https://github.com/w3c/qt3tests/blob/201a6e466940cdfc727f4babfedcde5332b9f578/prod/OrExpr.xml#L2494	Unsupported cast type xs:nonNegativeInteger
prod-OrExpr	op-logical-or-089	https://github.com/w3c/qt3tests/blob/201a6e466940cdfc727f4babfedcde5332b9f578/prod/OrExpr.xml#L2504	Unsupported cast type xs:nonNegativeInteger
prod-OrExpr	op-logical-or-090	https://github.com/w3c/qt3tests/blob/201a6e466940cdfc727f4babfedcde5332b9f578/prod/OrExpr.xml#L2514	Unsupported cast type xs:negativeInteger
prod-OrExpr	op-logical-or-091	https://github.com/w3c/qt3tests/blob/201a6e466940cdfc727f4babfedcde5332b9f578/prod/OrExpr.xml#L2524	Unsupported cast type xs:negativeInteger
prod-OrExpr	op-logical-or-092	https://github.com/w3c/qt3tests/blob/201a6e466940cdfc727f4babfedcde5332b9f578/prod/OrExpr.xml#L2534	Unsupported cast type xs:negativeInteger
prod-OrExpr	op-logical-or-093	https://github.com/w3c/qt3tests/blob/201a6e466940cdfc727f4babfedcde5332b9f578/prod/OrExpr.xml#L2544	Unsupported cast type xs:positiveInteger
prod-OrExpr	op-logical-or-094	https://github.com/w3c/qt3tests/blob/201a6e466940cdfc727f4babfedcde5332b9f578/prod/OrExpr.xml#L2554	Unsupported cast type xs:positiveInteger
prod-OrExpr	op-logical-or-095	https://github.com/w3c/qt3tests/blob/201a6e466940cdfc727f4babfedcde5332b9f578/prod/OrExpr.xml#L2564	Unsupported cast type xs:positiveInteger
prod-OrExpr	op-logical-or-096	https://github.com/w3c/qt3tests/blob/201a6e466940cdfc727f4babfedcde5332b9f578/prod/OrExpr.xml#L2574	Unsupported cast type xs:long
prod-OrExpr	op-logical-or-097	https://github.com/w3c/qt3tests/blob/201a6e466940cdfc727f4babfedcde5332b9f578/prod/OrExpr.xml#L2584	Unsupported cast type xs:long
prod-OrExpr	op-logical-or-098	https://github.com/w3c/qt3tests/blob/201a6e466940cdfc727f4babfedcde5332b9f578/prod/OrExpr.xml#L2594	Unsupported cast type xs:long
prod-OrExpr	op-logical-or-099	https://github.com/w3c/qt3tests/blob/201a6e466940cdfc727f4babfedcde5332b9f578/prod/OrExpr.xml#L2604	Unsupported cast type xs:long
prod-OrExpr	op-logical-or-100	https://github.com/w3c/qt3tests/blob/201a6e466940cdfc727f4babfedcde5332b9f578/prod/OrExpr.xml#L2614	Unsupported cast type xs:long
prod-OrExpr	op-logical-or-101	https://github.com/w3c/qt3tests/blob/201a6e466940cdfc727f4babfedcde5332b9f578/prod/OrExpr.xml#L2624	Unsupported cast type xs:long
prod-OrExpr	op-logical-or-102	https://github.com/w3c/qt3tests/blob/201a6e466940cdfc727f4babfedcde5332b9f578/prod/OrExpr.xml#L2634	Unsupported cast type xs:long
prod-OrExpr	op-logical-or-103	https://github.com/w3c/qt3tests/blob/201a6e466940cdfc727f4babfedcde5332b9f578/prod/OrExpr.xml#L2644	Unsupported cast type xs:long
prod-OrExpr	op-logical-or-104	https://github.com/w3c/qt3tests/blob/201a6e466940cdfc727f4babfedcde5332b9f578/prod/OrExpr.xml#L2654	Unsupported cast type xs:long
prod-OrExpr	op-logical-or-105	https://github.com/w3c/qt3tests/blob/201a6e466940cdfc727f4babfedcde5332b9f578/prod/OrExpr.xml#L2664	Unsupported cast type xs:unsignedLong
prod-OrExpr	op-logical-or-106	https://github.com/w3c/qt3tests/blob/201a6e466940cdfc727f4babfedcde5332b9f578/prod/OrExpr.xml#L2674	Unsupported cast type xs:unsignedLong
prod-OrExpr	op-logical-or-107	https://github.com/w3c/qt3tests/blob/201a6e466940cdfc727f4babfedcde5332b9f578/prod/OrExpr.xml#L2684	Unsupported cast type xs:unsignedLong
prod-OrExpr	op-logical-or-108	https://github.com/w3c/qt3tests/blob/201a6e466940cdfc727f4babfedcde5332b9f578/prod/OrExpr.xml#L2694	Unsupported cast type xs:unsignedLong
prod-OrExpr	op-logical-or-109	https://github.com/w3c/qt3tests/blob/201a6e466940cdfc727f4babfedcde5332b9f578/prod/OrExpr.xml#L2704	Unsupported cast type xs:unsignedLong
prod-OrExpr	op-logical-or-110	https://github.com/w3c/qt3tests/blob/201a6e466940cdfc727f4babfedcde5332b9f578/prod/OrExpr.xml#L2714	Unsupported cast type xs:unsignedLong
prod-OrExpr	op-logical-or-111	https://github.com/w3c/qt3tests/blob/201a6e466940cdfc727f4babfedcde5332b9f578/prod/OrExpr.xml#L2724	Unsupported cast type xs:unsignedLong
prod-OrExpr	op-logical-or-112	https://github.com/w3c/qt3tests/blob/201a6e466940cdfc727f4babfedcde5332b9f578/prod/OrExpr.xml#L2734	Unsupported cast type xs:int
prod-OrExpr	op-logical-or-113	https://github.com/w3c/qt3tests/blob/201a6e466940cdfc727f4babfedcde5332b9f578/prod/OrExpr.xml#L2744	Unsupported cast type xs:int
prod-OrExpr	op-logical-or-114	https://github.com/w3c/qt3tests/blob/201a6e466940cdfc727f4babfedcde5332b9f578/prod/OrExpr.xml#L2754	Unsupported cast type xs:int
prod-OrExpr	op-logical-or-115	https://github.com/w3c/qt3tests/blob/201a6e466940cdfc727f4babfedcde5332b9f578/prod/OrExpr.xml#L2764	Unsupported cast type xs:int
prod-OrExpr	op-logical-or-116	https://github.com/w3c/qt3tests/blob/201a6e466940cdfc727f4babfedcde5332b9f578/prod/OrExpr.xml#L2774	Unsupported cast type xs:int
prod-OrExpr	op-logical-or-117	https://github.com/w3c/qt3tests/blob/201a6e466940cdfc727f4babfedcde5332b9f578/prod/OrExpr.xml#L2784	Unsupported cast type xs:int
prod-OrExpr	op-logical-or-118	https://github.com/w3c/qt3tests/blob/201a6e466940cdfc727f4babfedcde5332b9f578/prod/OrExpr.xml#L2794	Unsupported cast type xs:int
prod-OrExpr	op-logical-or-119	https://github.com/w3c/qt3tests/blob/201a6e466940cdfc727f4babfedcde5332b9f578/prod/OrExpr.xml#L2804	Unsupported cast type xs:int
prod-OrExpr	op-logical-or-120	https://github.com/w3c/qt3tests/blob/201a6e466940cdfc727f4babfedcde5332b9f578/prod/OrExpr.xml#L2814	Unsupported cast type xs:int
prod-OrExpr	op-logical-or-121	https://github.com/w3c/qt3tests/blob/201a6e466940cdfc727f4babfedcde5332b9f578/prod/OrExpr.xml#L2824	Unsupported cast type xs:unsignedInt
prod-OrExpr	op-logical-or-122	https://github.com/w3c/qt3tests/blob/201a6e466940cdfc727f4babfedcde5332b9f578/prod/OrExpr.xml#L2834	Unsupported cast type xs:unsignedInt
prod-OrExpr	op-logical-or-123	https://github.com/w3c/qt3tests/blob/201a6e466940cdfc727f4babfedcde5332b9f578/prod/OrExpr.xml#L2844	Unsupported cast type xs:unsignedInt
prod-OrExpr	op-logical-or-124	https://github.com/w3c/qt3tests/blob/201a6e466940cdfc727f4babfedcde5332b9f578/prod/OrExpr.xml#L2854	Unsupported cast type xs:unsignedInt
prod-OrExpr	op-logical-or-125	https://github.com/w3c/qt3tests/blob/201a6e466940cdfc727f4babfedcde5332b9f578/prod/OrExpr.xml#L2864	Unsupported cast type xs:unsignedInt
prod-OrExpr	op-logical-or-126	https://github.com/w3c/qt3tests/blob/201a6e466940cdfc727f4babfedcde5332b9f578/prod/OrExpr.xml#L2874	Unsupported cast type xs:unsignedInt
prod-OrExpr	op-logical-or-127	https://github.com/w3c/qt3tests/blob/201a6e466940cdfc727f4babfedcde5332b9f578/prod/OrExpr.xml#L2884	Unsupported cast type xs:unsignedInt
prod-OrExpr	op-logical-or-128	https://github.com/w3c/qt3tests/blob/201a6e466940cdfc727f4babfedcde5332b9f578/prod/OrExpr.xml#L2894	Unsupported cast type xs:short
prod-OrExpr	op-logical-or-129	https://github.com/w3c/qt3tests/blob/201a6e466940cdfc727f4babfedcde5332b9f578/prod/OrExpr.xml#L2904	Unsupported cast type xs:short
prod-OrExpr	op-logical-or-130	https://github.com/w3c/qt3tests/blob/201a6e466940cdfc727f4babfedcde5332b9f578/prod/OrExpr.xml#L2914	Unsupported cast type xs:short
prod-OrExpr	op-logical-or-131	https://github.com/w3c/qt3tests/blob/201a6e466940cdfc727f4babfedcde5332b9f578/prod/OrExpr.xml#L2924	Unsupported cast type xs:short
prod-OrExpr	op-logical-or-132	https://github.com/w3c/qt3tests/blob/201a6e466940cdfc727f4babfedcde5332b9f578/prod/OrExpr.xml#L2934	Unsupported cast type xs:short
prod-OrExpr	op-logical-or-133	https://github.com/w3c/qt3tests/blob/201a6e466940cdfc727f4babfedcde5332b9f578/prod/OrExpr.xml#L2944	Unsupported cast type xs:short
prod-OrExpr	op-logical-or-134	https://github.com/w3c/qt3tests/blob/201a6e466940cdfc727f4babfedcde5332b9f578/prod/OrExpr.xml#L2954	Unsupported cast type xs:short
prod-OrExpr	op-logical-or-135	https://github.com/w3c/qt3tests/blob/201a6e466940cdfc727f4babfedcde5332b9f578/prod/OrExpr.xml#L2964	Unsupported cast type xs:short
prod-OrExpr	op-logical-or-136	https://github.com/w3c/qt3tests/blob/201a6e466940cdfc727f4babfedcde5332b9f578/prod/OrExpr.xml#L2974	Unsupported cast type xs:short
prod-OrExpr	op-logical-or-137	https://github.com/w3c/qt3tests/blob/201a6e466940cdfc727f4babfedcde5332b9f578/prod/OrExpr.xml#L2984	Unsupported cast type xs:unsignedShort
prod-OrExpr	op-logical-or-138	https://github.com/w3c/qt3tests/blob/201a6e466940cdfc727f4babfedcde5332b9f578/prod/OrExpr.xml#L2994	Unsupported cast type xs:unsignedShort
prod-OrExpr	op-logical-or-139	https://github.com/w3c/qt3tests/blob/201a6e466940cdfc727f4babfedcde5332b9f578/prod/OrExpr.xml#L3004	Unsupported cast type xs:unsignedShort
prod-OrExpr	op-logical-or-140	https://github.com/w3c/qt3tests/blob/201a6e466940cdfc727f4babfedcde5332b9f578/prod/OrExpr.xml#L3014	Unsupported cast type xs:unsignedShort
prod-OrExpr	op-logical-or-141	https://github.com/w3c/qt3tests/blob/201a6e466940cdfc727f4babfedcde5332b9f578/prod/OrExpr.xml#L3024	Unsupported cast type xs:unsignedShort
prod-OrExpr	op-logical-or-142	https://github.com/w3c/qt3tests/blob/201a6e466940cdfc727f4babfedcde5332b9f578/prod/OrExpr.xml#L3034	Unsupported cast type xs:unsignedShort
prod-OrExpr	op-logical-or-143	https://github.com/w3c/qt3tests/blob/201a6e466940cdfc727f4babfedcde5332b9f578/prod/OrExpr.xml#L3044	Unsupported cast type xs:unsignedShort
prod-OrExpr	op-logical-or-144	https://github.com/w3c/qt3tests/blob/201a6e466940cdfc727f4babfedcde5332b9f578/prod/OrExpr.xml#L3054	Unsupported cast type xs:byte
prod-OrExpr	op-logical-or-145	https://github.com/w3c/qt3tests/blob/201a6e466940cdfc727f4babfedcde5332b9f578/prod/OrExpr.xml#L3064	Unsupported cast type xs:byte
prod-OrExpr	op-logical-or-146	https://github.com/w3c/qt3tests/blob/201a6e466940cdfc727f4babfedcde5332b9f578/prod/OrExpr.xml#L3074	Unsupported cast type xs:byte
prod-OrExpr	op-logical-or-147	https://github.com/w3c/qt3tests/blob/201a6e466940cdfc727f4babfedcde5332b9f578/prod/OrExpr.xml#L3084	Unsupported cast type xs:byte
prod-OrExpr	op-logical-or-148	https://github.com/w3c/qt3tests/blob/201a6e466940cdfc727f4babfedcde5332b9f578/prod/OrExpr.xml#L3094	Unsupported cast type xs:byte
prod-OrExpr	op-logical-or-149	https://github.com/w3c/qt3tests/blob/201a6e466940cdfc727f4babfedcde5332b9f578/prod/OrExpr.xml#L3104	Unsupported cast type xs:byte
prod-OrExpr	op-logical-or-150	https://github.com/w3c/qt3tests/blob/201a6e466940cdfc727f4babfedcde5332b9f578/prod/OrExpr.xml#L3114	Unsupported cast type xs:byte
prod-OrExpr	op-logical-or-151	https://github.com/w3c/qt3tests/blob/201a6e466940cdfc727f4babfedcde5332b9f578/prod/OrExpr.xml#L3124	Unsupported cast type xs:byte
prod-OrExpr	op-logical-or-152	https://github.com/w3c/qt3tests/blob/201a6e466940cdfc727f4babfedcde5332b9f578/prod/OrExpr.xml#L3134	Unsupported cast type xs:byte
prod-OrExpr	op-logical-or-153	https://github.com/w3c/qt3tests/blob/201a6e466940cdfc727f4babfedcde5332b9f578/prod/OrExpr.xml#L3144	Unsupported cast type xs:unsignedByte
prod-OrExpr	op-logical-or-154	https://github.com/w3c/qt3tests/blob/201a6e466940cdfc727f4babfedcde5332b9f578/prod/OrExpr.xml#L3154	Unsupported cast type xs:unsignedByte
prod-OrExpr	op-logical-or-155	https://github.com/w3c/qt3tests/blob/201a6e466940cdfc727f4babfedcde5332b9f578/prod/OrExpr.xml#L3164	Unsupported cast type xs:unsignedByte
prod-OrExpr	op-logical-or-156	https://github.com/w3c/qt3tests/blob/201a6e466940cdfc727f4babfedcde5332b9f578/prod/OrExpr.xml#L3174	Unsupported cast type xs:unsignedByte
prod-OrExpr	op-logical-or-157	https://github.com/w3c/qt3tests/blob/201a6e466940cdfc727f4babfedcde5332b9f578/prod/OrExpr.xml#L3184	Unsupported cast type xs:unsignedByte
prod-OrExpr	op-logical-or-158	https://github.com/w3c/qt3tests/blob/201a6e466940cdfc727f4babfedcde5332b9f578/prod/OrExpr.xml#L3194	Unsupported cast type xs:unsignedByte
prod-OrExpr	op-logical-or-159	https://github.com/w3c/qt3tests/blob/201a6e466940cdfc727f4babfedcde5332b9f578/prod/OrExpr.xml#L3204	Unsupported cast type xs:unsignedByte
prod-OrExpr	K-LogicExpr-8	https://github.com/w3c/qt3tests/blob/201a6e466940cdfc727f4babfedcde5332b9f578/prod/OrExpr.xml#L3277	Unsupported cast type xs:anyURI
prod-OrExpr	K-LogicExpr-9	https://github.com/w3c/qt3tests/blob/201a6e466940cdfc727f4babfedcde5332b9f578/prod/OrExpr.xml#L3286	Unsupported cast type xs:anyURI
prod-OrExpr	K-LogicExpr-10	https://github.com/w3c/qt3tests/blob/201a6e466940cdfc727f4babfedcde5332b9f578/prod/OrExpr.xml#L3295	Unsupported cast type xs:anyURI
prod-OrExpr	K-LogicExpr-11	https://github.com/w3c/qt3tests/blob/201a6e466940cdfc727f4babfedcde5332b9f578/prod/OrExpr.xml#L3304	Unsupported cast type xs:anyURI
prod-OrExpr	K-LogicExpr-12	https://github.com/w3c/qt3tests/blob/201a6e466940cdfc727f4babfedcde5332b9f578/prod/OrExpr.xml#L3313	Unsupported cast type xs:untypedAtomic
prod-OrExpr	K-LogicExpr-13	https://github.com/w3c/qt3tests/blob/201a6e466940cdfc727f4babfedcde5332b9f578/prod/OrExpr.xml#L3322	Unsupported cast type xs:untypedAtomic
prod-OrExpr	K-LogicExpr-14	https://github.com/w3c/qt3tests/blob/201a6e466940cdfc727f4babfedcde5332b9f578/prod/OrExpr.xml#L3331	Unsupported function fn:current-time#0
prod-OrExpr	K-LogicExpr-15	https://github.com/w3c/qt3tests/blob/201a6e466940cdfc727f4babfedcde5332b9f578/prod/OrExpr.xml#L3340	Unsupported function fn:current-time#0
prod-OrExpr	K-LogicExpr-16	https://github.com/w3c/qt3tests/blob/201a6e466940cdfc727f4babfedcde5332b9f578/prod/OrExpr.xml#L3349	Unsupported function fn:current-date#0
prod-OrExpr	K-LogicExpr-17	https://github.com/w3c/qt3tests/blob/201a6e466940cdfc727f4babfedcde5332b9f578/prod/OrExpr.xml#L3358	Unsupported function fn:current-date#0
prod-OrExpr	K-LogicExpr-18	https://github.com/w3c/qt3tests/blob/201a6e466940cdfc727f4babfedcde5332b9f578/prod/OrExpr.xml#L3367	Unsupported function fn:current-date#0
prod-OrExpr	K-LogicExpr-19	https://github.com/w3c/qt3tests/blob/201a6e466940cdfc727f4babfedcde5332b9f578/prod/OrExpr.xml#L3376	Unsupported function fn:current-date#0
prod-OrExpr	K-LogicExpr-20	https://github.com/w3c/qt3tests/blob/201a6e466940cdfc727f4babfedcde5332b9f578/prod/OrExpr.xml#L3385	Unsupported function fn:current-date#0
prod-OrExpr	K-LogicExpr-21	https://github.com/w3c/qt3tests/blob/201a6e466940cdfc727f4babfedcde5332b9f578/prod/OrExpr.xml#L3394	Unsupported function fn:current-date#0
prod-OrExpr	K-LogicExpr-22	https://github.com/w3c/qt3tests/blob/201a6e466940cdfc727f4babfedcde5332b9f578/prod/OrExpr.xml#L3403	Unsupported function fn:current-time#0
prod-OrExpr	K-LogicExpr-23	https://github.com/w3c/qt3tests/blob/201a6e466940cdfc727f4babfedcde5332b9f578/prod/OrExpr.xml#L3412	Unsupported function fn:current-time#0
prod-OrExpr	K-LogicExpr-24	https://github.com/w3c/qt3tests/blob/201a6e466940cdfc727f4babfedcde5332b9f578/prod/OrExpr.xml#L3421	Unsupported function fn:current-time#0
prod-OrExpr	K-LogicExpr-25	https://github.com/w3c/qt3tests/blob/201a6e466940cdfc727f4babfedcde5332b9f578/prod/OrExpr.xml#L3430	Unsupported function fn:current-time#0
prod-OrExpr	K-LogicExpr-26	https://github.com/w3c/qt3tests/blob/201a6e466940cdfc727f4babfedcde5332b9f578/prod/OrExpr.xml#L3439	Unsupported function fn:current-time#0
prod-OrExpr	K-LogicExpr-27	https://github.com/w3c/qt3tests/blob/201a6e466940cdfc727f4babfedcde5332b9f578/prod/OrExpr.xml#L3448	Unsupported function fn:current-time#0
prod-OrExpr	K-LogicExpr-32	https://github.com/w3c/qt3tests/blob/201a6e466940cdfc727f4babfedcde5332b9f578/prod/OrExpr.xml#L3493	Unsupported function fn:current-time#0
prod-OrExpr	K-LogicExpr-33	https://github.com/w3c/qt3tests/blob/201a6e466940cdfc727f4babfedcde5332b9f578/prod/OrExpr.xml#L3502	Unsupported function fn:current-time#0
prod-OrExpr	K-LogicExpr-34	https://github.com/w3c/qt3tests/blob/201a6e466940cdfc727f4babfedcde5332b9f578/prod/OrExpr.xml#L3511	Unsupported cast type xs:anyURI
prod-OrExpr	K-LogicExpr-35	https://github.com/w3c/qt3tests/blob/201a6e466940cdfc727f4babfedcde5332b9f578/prod/OrExpr.xml#L3520	Unsupported cast type xs:anyURI
prod-OrExpr	K-LogicExpr-36	https://github.com/w3c/qt3tests/blob/201a6e466940cdfc727f4babfedcde5332b9f578/prod/OrExpr.xml#L3529	Unsupported cast type xs:anyURI
prod-OrExpr	K-LogicExpr-37	https://github.com/w3c/qt3tests/blob/201a6e466940cdfc727f4babfedcde5332b9f578/prod/OrExpr.xml#L3538	Unsupported cast type xs:untypedAtomic
prod-OrExpr	K-LogicExpr-38	https://github.com/w3c/qt3tests/blob/201a6e466940cdfc727f4babfedcde5332b9f578/prod/OrExpr.xml#L3547	Unsupported cast type xs:untypedAtomic
prod-OrExpr	K-LogicExpr-39	https://github.com/w3c/qt3tests/blob/201a6e466940cdfc727f4babfedcde5332b9f578/prod/OrExpr.xml#L3556	Unsupported function fn:current-time#0
prod-OrExpr	K-LogicExpr-40	https://github.com/w3c/qt3tests/blob/201a6e466940cdfc727f4babfedcde5332b9f578/prod/OrExpr.xml#L3565	Unsupported function fn:current-time#0
prod-OrExpr	K-LogicExpr-41	https://github.com/w3c/qt3tests/blob/201a6e466940cdfc727f4babfedcde5332b9f578/prod/OrExpr.xml#L3574	Unsupported function fn:current-time#0
prod-OrExpr	K-LogicExpr-42	https://github.com/w3c/qt3tests/blob/201a6e466940cdfc727f4babfedcde5332b9f578/prod/OrExpr.xml#L3583	Unsupported function fn:current-time#0
prod-OrExpr	K-LogicExpr-43	https://github.com/w3c/qt3tests/blob/201a6e466940cdfc727f4babfedcde5332b9f578/prod/OrExpr.xml#L3592	Unsupported function fn:current-time#0
prod-OrExpr	K-LogicExpr-44	https://github.com/w3c/qt3tests/blob/201a6e466940cdfc727f4babfedcde5332b9f578/prod/OrExpr.xml#L3601	Unsupported function fn:current-time#0
prod-OrExpr	K-LogicExpr-45	https://github.com/w3c/qt3tests/blob/201a6e466940cdfc727f4babfedcde5332b9f578/prod/OrExpr.xml#L3610	Unsupported function fn:QName#2
prod-OrExpr	K-LogicExpr-46	https://github.com/w3c/qt3tests/blob/201a6e466940cdfc727f4babfedcde5332b9f578/prod/OrExpr.xml#L3619	Unsupported function fn:QName#2
prod-OrExpr	K2-LogicExpr-1	https://github.com/w3c/qt3tests/blob/201a6e466940cdfc727f4babfedcde5332b9f578/prod/OrExpr.xml#L3631	Invalid XPath: 1: 1 OR 0\n     ^\n\nError: XPST0003: Failed to parse script. Expected end of input\n  at <>:1:3 - 1:4
prod-OrExpr	K2-LogicExpr-2	https://github.com/w3c/qt3tests/blob/201a6e466940cdfc727f4babfedcde5332b9f578/prod/OrExpr.xml#L3640	Invalid XPath: 1: 1 AND 0\n     ^\n\nError: XPST0003: Failed to parse script. Expected end of input\n  at <>:1:3 - 1:4
prod-OrExpr	cbcl-logical-and-002	https://github.com/w3c/qt3tests/blob/201a6e466940cdfc727f4babfedcde5332b9f578/prod/OrExpr.xml#L3649	Unsupported dependencies spec XQ10+
prod-OrExpr	cbcl-logical-and-003	https://github.com/w3c/qt3tests/blob/201a6e466940cdfc727f4babfedcde5332b9f578/prod/OrExpr.xml#L3659	Unsupported dependencies spec XQ10+
prod-OrExpr	cbcl-logical-or-001	https://github.com/w3c/qt3tests/blob/201a6e466940cdfc727f4babfedcde5332b9f578/prod/OrExpr.xml#L3669	Unsupported dependencies spec XQ10+
prod-OrExpr	cbcl-logical-or-002	https://github.com/w3c/qt3tests/blob/201a6e466940cdfc727f4babfedcde5332b9f578/prod/OrExpr.xml#L3679	Unsupported dependencies spec XQ10+
prod-OrExpr	cbcl-logical-or-003	https://github.com/w3c/qt3tests/blob/201a6e466940cdfc727f4babfedcde5332b9f578/prod/OrExpr.xml#L3689	Unsupported dependencies spec XQ10+
prod-ParenthesizedExpr	Parenexpr-5	https://github.com/w3c/qt3tests/blob/201a6e466940cdfc727f4babfedcde5332b9f578/prod/ParenthesizedExpr.xml#L60	Unsupported idivOp
prod-ParenthesizedExpr	Parenexpr-6	https://github.com/w3c/qt3tests/blob/201a6e466940cdfc727f4babfedcde5332b9f578/prod/ParenthesizedExpr.xml#L69	Unsupported idivOp
prod-ParenthesizedExpr	Parenexpr-7	https://github.com/w3c/qt3tests/blob/201a6e466940cdfc727f4babfedcde5332b9f578/prod/ParenthesizedExpr.xml#L78	Unsupported modOp
prod-ParenthesizedExpr	Parenexpr-8	https://github.com/w3c/qt3tests/blob/201a6e466940cdfc727f4babfedcde5332b9f578/prod/ParenthesizedExpr.xml#L87	Unsupported modOp
prod-ParenthesizedExpr	Parenexpr-11	https://github.com/w3c/qt3tests/blob/201a6e466940cdfc727f4babfedcde5332b9f578/prod/ParenthesizedExpr.xml#L114	Unsupported dependencies spec XQ10+
prod-ParenthesizedExpr	Parenexpr-12	https://github.com/w3c/qt3tests/blob/201a6e466940cdfc727f4babfedcde5332b9f578/prod/ParenthesizedExpr.xml#L124	Unsupported varName
prod-ParenthesizedExpr	Parenexpr-14	https://github.com/w3c/qt3tests/blob/201a6e466940cdfc727f4babfedcde5332b9f578/prod/ParenthesizedExpr.xml#L142	Unsupported sequenceExpr
prod-ParenthesizedExpr	Parenexpr-15	https://github.com/w3c/qt3tests/blob/201a6e466940cdfc727f4babfedcde5332b9f578/prod/ParenthesizedExpr.xml#L151	Unsupported dependencies spec XQ10+
prod-ParenthesizedExpr	Parenexpr-16	https://github.com/w3c/qt3tests/blob/201a6e466940cdfc727f4babfedcde5332b9f578/prod/ParenthesizedExpr.xml#L162	Unsupported dependencies spec XQ10+
prod-ParenthesizedExpr	Parenexpr-17	https://github.com/w3c/qt3tests/blob/201a6e466940cdfc727f4babfedcde5332b9f578/prod/ParenthesizedExpr.xml#L173	Unsupported dependencies spec XQ10+
prod-ParenthesizedExpr	Parenexpr-18	https://github.com/w3c/qt3tests/blob/201a6e466940cdfc727f4babfedcde5332b9f578/prod/ParenthesizedExpr.xml#L183	Unsupported dependencies spec XQ10+
prod-ParenthesizedExpr	Parenexpr-19	https://github.com/w3c/qt3tests/blob/201a6e466940cdfc727f4babfedcde5332b9f578/prod/ParenthesizedExpr.xml#L193	Unsupported environment with source
prod-ParenthesizedExpr	Parenexpr-20	https://github.com/w3c/qt3tests/blob/201a6e466940cdfc727f4babfedcde5332b9f578/prod/ParenthesizedExpr.xml#L203	Unsupported dependencies spec XQ10+
prod-ValueComp	K-ValCompTypeChecking-1	https://github.com/w3c/qt3tests/blob/201a6e466940cdfc727f4babfedcde5332b9f578/prod/ValueComp.xml#L15	Unsupported sequenceExpr
prod-ValueComp	K-ValCompTypeChecking-2	https://github.com/w3c/qt3tests/blob/201a6e466940cdfc727f4babfedcde5332b9f578/prod/ValueComp.xml#L24	Unsupported sequenceExpr
prod-ValueComp	K-ValCompTypeChecking-3	https://github.com/w3c/qt3tests/blob/201a6e466940cdfc727f4babfedcde5332b9f578/prod/ValueComp.xml#L33	Unsupported sequenceExpr
prod-ValueComp	K-ValCompTypeChecking-4	https://github.com/w3c/qt3tests/blob/201a6e466940cdfc727f4babfedcde5332b9f578/prod/ValueComp.xml#L42	Unsupported sequenceExpr
prod-ValueComp	K-ValCompTypeChecking-5	https://github.com/w3c/qt3tests/blob/201a6e466940cdfc727f4babfedcde5332b9f578/prod/ValueComp.xml#L51	Unsupported sequenceExpr
prod-ValueComp	K-ValCompTypeChecking-6	https://github.com/w3c/qt3tests/blob/201a6e466940cdfc727f4babfedcde5332b9f578/prod/ValueComp.xml#L60	Unsupported sequenceExpr
prod-ValueComp	K-ValCompTypeChecking-7	https://github.com/w3c/qt3tests/blob/201a6e466940cdfc727f4babfedcde5332b9f578/prod/ValueComp.xml#L69	Unsupported sequenceExpr
prod-ValueComp	K-ValCompTypeChecking-8	https://github.com/w3c/qt3tests/blob/201a6e466940cdfc727f4babfedcde5332b9f578/prod/ValueComp.xml#L78	Unsupported sequenceExpr
prod-ValueComp	K-ValCompTypeChecking-9	https://github.com/w3c/qt3tests/blob/201a6e466940cdfc727f4babfedcde5332b9f578/prod/ValueComp.xml#L87	Unsupported sequenceExpr
prod-ValueComp	K-ValCompTypeChecking-10	https://github.com/w3c/qt3tests/blob/201a6e466940cdfc727f4babfedcde5332b9f578/prod/ValueComp.xml#L96	Unsupported sequenceExpr
prod-ValueComp	K-ValCompTypeChecking-11	https://github.com/w3c/qt3tests/blob/201a6e466940cdfc727f4babfedcde5332b9f578/prod/ValueComp.xml#L105	Unsupported sequenceExpr
prod-ValueComp	K-ValCompTypeChecking-12	https://github.com/w3c/qt3tests/blob/201a6e466940cdfc727f4babfedcde5332b9f578/prod/ValueComp.xml#L114	Unsupported sequenceExpr
prod-ValueComp	K-ValCompTypeChecking-13	https://github.com/w3c/qt3tests/blob/201a6e466940cdfc727f4babfedcde5332b9f578/prod/ValueComp.xml#L123	Unsupported sequenceExpr
prod-ValueComp	K-ValCompTypeChecking-14	https://github.com/w3c/qt3tests/blob/201a6e466940cdfc727f4babfedcde5332b9f578/prod/ValueComp.xml#L135	Unsupported sequenceExpr
prod-ValueComp	K-ValCompTypeChecking-15	https://github.com/w3c/qt3tests/blob/201a6e466940cdfc727f4babfedcde5332b9f578/prod/ValueComp.xml#L147	Unsupported sequenceExpr
prod-ValueComp	K-ValCompTypeChecking-16	https://github.com/w3c/qt3tests/blob/201a6e466940cdfc727f4babfedcde5332b9f578/prod/ValueComp.xml#L159	Unsupported cast type xs:untypedAtomic
prod-ValueComp	K-ValCompTypeChecking-17	https://github.com/w3c/qt3tests/blob/201a6e466940cdfc727f4babfedcde5332b9f578/prod/ValueComp.xml#L168	Unsupported cast type xs:untypedAtomic
prod-ValueComp	K-ValCompTypeChecking-18	https://github.com/w3c/qt3tests/blob/201a6e466940cdfc727f4babfedcde5332b9f578/prod/ValueComp.xml#L177	Unsupported cast type xs:untypedAtomic
prod-ValueComp	K-ValCompTypeChecking-19	https://github.com/w3c/qt3tests/blob/201a6e466940cdfc727f4babfedcde5332b9f578/prod/ValueComp.xml#L186	Unsupported cast type xs:untypedAtomic
prod-ValueComp	K-ValCompTypeChecking-20	https://github.com/w3c/qt3tests/blob/201a6e466940cdfc727f4babfedcde5332b9f578/prod/ValueComp.xml#L195	Unsupported cast type xs:untypedAtomic
prod-ValueComp	K-ValCompTypeChecking-21	https://github.com/w3c/qt3tests/blob/201a6e466940cdfc727f4babfedcde5332b9f578/prod/ValueComp.xml#L204	Unsupported cast type xs:untypedAtomic
prod-ValueComp	K-ValCompTypeChecking-22	https://github.com/w3c/qt3tests/blob/201a6e466940cdfc727f4babfedcde5332b9f578/prod/ValueComp.xml#L213	Unsupported cast type xs:untypedAtomic
prod-ValueComp	K-ValCompTypeChecking-23	https://github.com/w3c/qt3tests/blob/201a6e466940cdfc727f4babfedcde5332b9f578/prod/ValueComp.xml#L222	Unsupported cast type xs:untypedAtomic
prod-ValueComp	K-ValCompTypeChecking-24	https://github.com/w3c/qt3tests/blob/201a6e466940cdfc727f4babfedcde5332b9f578/prod/ValueComp.xml#L231	Unsupported cast type xs:untypedAtomic
prod-ValueComp	K-ValCompTypeChecking-25	https://github.com/w3c/qt3tests/blob/201a6e466940cdfc727f4babfedcde5332b9f578/prod/ValueComp.xml#L240	Unsupported cast type xs:untypedAtomic
prod-ValueComp	K-ValCompTypeChecking-26	https://github.com/w3c/qt3tests/blob/201a6e466940cdfc727f4babfedcde5332b9f578/prod/ValueComp.xml#L249	Unsupported cast type xs:untypedAtomic
prod-ValueComp	K-ValCompTypeChecking-27	https://github.com/w3c/qt3tests/blob/201a6e466940cdfc727f4babfedcde5332b9f578/prod/ValueComp.xml#L258	Unsupported cast type xs:untypedAtomic
prod-ValueComp	K-ValCompTypeChecking-28	https://github.com/w3c/qt3tests/blob/201a6e466940cdfc727f4babfedcde5332b9f578/prod/ValueComp.xml#L267	Unsupported cast type xs:untypedAtomic
prod-ValueComp	K-ValCompTypeChecking-29	https://github.com/w3c/qt3tests/blob/201a6e466940cdfc727f4babfedcde5332b9f578/prod/ValueComp.xml#L276	Unsupported cast type xs:untypedAtomic
prod-ValueComp	K-ValCompTypeChecking-30	https://github.com/w3c/qt3tests/blob/201a6e466940cdfc727f4babfedcde5332b9f578/prod/ValueComp.xml#L285	Unsupported cast type xs:untypedAtomic
prod-ValueComp	K-ValCompTypeChecking-31	https://github.com/w3c/qt3tests/blob/201a6e466940cdfc727f4babfedcde5332b9f578/prod/ValueComp.xml#L294	Unsupported cast type xs:untypedAtomic
prod-ValueComp	K-ValCompTypeChecking-32	https://github.com/w3c/qt3tests/blob/201a6e466940cdfc727f4babfedcde5332b9f578/prod/ValueComp.xml#L303	Unsupported function fn:current-time#0
prod-ValueComp	K-ValCompTypeChecking-33	https://github.com/w3c/qt3tests/blob/201a6e466940cdfc727f4babfedcde5332b9f578/prod/ValueComp.xml#L312	Unsupported function fn:current-time#0
prod-ValueComp	K-ValCompTypeChecking-34	https://github.com/w3c/qt3tests/blob/201a6e466940cdfc727f4babfedcde5332b9f578/prod/ValueComp.xml#L321	Unsupported function fn:current-time#0
prod-ValueComp	K-ValCompTypeChecking-35	https://github.com/w3c/qt3tests/blob/201a6e466940cdfc727f4babfedcde5332b9f578/prod/ValueComp.xml#L330	Unsupported function fn:error#0
prod-ValueComp	K-ValCompTypeChecking-36	https://github.com/w3c/qt3tests/blob/201a6e466940cdfc727f4babfedcde5332b9f578/prod/ValueComp.xml#L339	Unsupported function fn:error#0
prod-ValueComp	K-ValCompTypeChecking-37	https://github.com/w3c/qt3tests/blob/201a6e466940cdfc727f4babfedcde5332b9f578/prod/ValueComp.xml#L348	Unsupported function fn:error#0
prod-ValueComp	K-ValCompTypeChecking-38	https://github.com/w3c/qt3tests/blob/201a6e466940cdfc727f4babfedcde5332b9f578/prod/ValueComp.xml#L357	Unsupported function fn:error#0
prod-ValueComp	K-ValCompTypeChecking-39	https://github.com/w3c/qt3tests/blob/201a6e466940cdfc727f4babfedcde5332b9f578/prod/ValueComp.xml#L366	Unsupported function fn:error#0
prod-ValueComp	K-ValCompTypeChecking-40	https://github.com/w3c/qt3tests/blob/201a6e466940cdfc727f4babfedcde5332b9f578/prod/ValueComp.xml#L379	Unsupported function fn:error#0
prod-ValueComp	K-ValCompTypeChecking-41	https://github.com/w3c/qt3tests/blob/201a6e466940cdfc727f4babfedcde5332b9f578/prod/ValueComp.xml#L388	Unsupported function fn:error#0
prod-ValueComp	K-ValCompTypeChecking-42	https://github.com/w3c/qt3tests/blob/201a6e466940cdfc727f4babfedcde5332b9f578/prod/ValueComp.xml#L401	Unsupported sequenceExpr
prod-ValueComp	value-comparison-3	https://github.com/w3c/qt3tests/blob/201a6e466940cdfc727f4babfedcde5332b9f578/prod/ValueComp.xml#L410	Unsupported dependencies spec XQ10+, feature schemaImport
prod-ValueComp	value-comparison-4	https://github.com/w3c/qt3tests/blob/201a6e466940cdfc727f4babfedcde5332b9f578/prod/ValueComp.xml#L429	Unsupported dependencies spec XQ10+, feature schemaImport
prod-ValueComp	value-comparison-5	https://github.com/w3c/qt3tests/blob/201a6e466940cdfc727f4babfedcde5332b9f578/prod/ValueComp.xml#L448	Unsupported arrayElem
prod-ValueComp	value-comparison-6	https://github.com/w3c/qt3tests/blob/201a6e466940cdfc727f4babfedcde5332b9f578/prod/ValueComp.xml#L458	Unsupported arrayElem
prod-ValueComp	value-comparison-7	https://github.com/w3c/qt3tests/blob/201a6e466940cdfc727f4babfedcde5332b9f578/prod/ValueComp.xml#L468	Unsupported squareArray
prod-ValueComp	value-comparison-8	https://github.com/w3c/qt3tests/blob/201a6e466940cdfc727f4babfedcde5332b9f578/prod/ValueComp.xml#L478	Unsupported arrayElem
prod-ValueComp	value-comparison-9	https://github.com/w3c/qt3tests/blob/201a6e466940cdfc727f4babfedcde5332b9f578/prod/ValueComp.xml#L488	Unsupported squareArray
prod-ValueComp	value-comparison-10	https://github.com/w3c/qt3tests/blob/201a6e466940cdfc727f4babfedcde5332b9f578/prod/ValueComp.xml#L498	Unsupported mapConstructor
prod-ValueComp	value-comparison-11	https://github.com/w3c/qt3tests/blob/201a6e466940cdfc727f4babfedcde5332b9f578/prod/ValueComp.xml#L511	Unsupported mapKeyExpr
prod-ValueComp	value-comparison-12	https://github.com/w3c/qt3tests/blob/201a6e466940cdfc727f4babfedcde5332b9f578/prod/ValueComp.xml#L521	Unsupported environment with namespace
prod-ValueComp	value-comparison-13	https://github.com/w3c/qt3tests/blob/201a6e466940cdfc727f4babfedcde5332b9f578/prod/ValueComp.xml#L542	Unsupported dependencies spec XQ30+, feature schemaImport
prod-ValueComp	value-comparison-14	https://github.com/w3c/qt3tests/blob/201a6e466940cdfc727f4babfedcde5332b9f578/prod/ValueComp.xml#L557	Unsupported dependencies spec XQ30+, feature schemaImport
prod-ValueComp	value-comparison-15	https://github.com/w3c/qt3tests/blob/201a6e466940cdfc727f4babfedcde5332b9f578/prod/ValueComp.xml#L572	Unsupported dependencies spec XQ30+
prod-ValueComp	value-comp-eq-string-2	https://github.com/w3c/qt3tests/blob/201a6e466940cdfc727f4babfedcde5332b9f578/prod/ValueComp.xml#L595	Unsupported environment with source
prod-ValueComp	value-comp-eq-string-3	https://github.com/w3c/qt3tests/blob/201a6e466940cdfc727f4babfedcde5332b9f578/prod/ValueComp.xml#L605	Unsupported environment with source
prod-ValueComp	value-comp-eq-string-4	https://github.com/w3c/qt3tests/blob/201a6e466940cdfc727f4babfedcde5332b9f578/prod/ValueComp.xml#L615	Unsupported environment with source
prod-ValueComp	value-comp-eq-string-5	https://github.com/w3c/qt3tests/blob/201a6e466940cdfc727f4babfedcde5332b9f578/prod/ValueComp.xml#L625	Unsupported environment with source
prod-ValueComp	value-comp-eq-string-6	https://github.com/w3c/qt3tests/blob/201a6e466940cdfc727f4babfedcde5332b9f578/prod/ValueComp.xml#L635	Unsupported environment with source
prod-ValueComp	value-comp-eq-string-7	https://github.com/w3c/qt3tests/blob/201a6e466940cdfc727f4babfedcde5332b9f578/prod/ValueComp.xml#L645	Unsupported environment with source
prod-ValueComp	value-comp-eq-string-9	https://github.com/w3c/qt3tests/blob/201a6e466940cdfc727f4babfedcde5332b9f578/prod/ValueComp.xml#L664	Unsupported environment with source
prod-ValueComp	value-comp-eq-string-10	https://github.com/w3c/qt3tests/blob/201a6e466940cdfc727f4babfedcde5332b9f578/prod/ValueComp.xml#L674	Unsupported environment with source
prod-ValueComp	value-comp-eq-string-11	https://github.com/w3c/qt3tests/blob/201a6e466940cdfc727f4babfedcde5332b9f578/prod/ValueComp.xml#L684	Unsupported environment with source
prod-ValueComp	value-comp-eq-string-12	https://github.com/w3c/qt3tests/blob/201a6e466940cdfc727f4babfedcde5332b9f578/prod/ValueComp.xml#L694	Unsupported environment with source
prod-ValueComp	value-comp-eq-string-13	https://github.com/w3c/qt3tests/blob/201a6e466940cdfc727f4babfedcde5332b9f578/prod/ValueComp.xml#L704	Unsupported environment with source
prod-ValueComp	value-comp-eq-string-14	https://github.com/w3c/qt3tests/blob/201a6e466940cdfc727f4babfedcde5332b9f578/prod/ValueComp.xml#L714	Unsupported environment with source
prod-ValueComp	value-comp-eq-string-15	https://github.com/w3c/qt3tests/blob/201a6e466940cdfc727f4babfedcde5332b9f578/prod/ValueComp.xml#L724	Unsupported environment with source
prod-ValueComp	value-comp-ne-string-2	https://github.com/w3c/qt3tests/blob/201a6e466940cdfc727f4babfedcde5332b9f578/prod/ValueComp.xml#L743	Unsupported environment with source
prod-ValueComp	value-comp-ne-string-3	https://github.com/w3c/qt3tests/blob/201a6e466940cdfc727f4babfedcde5332b9f578/prod/ValueComp.xml#L753	Unsupported environment with source
prod-ValueComp	value-comp-ne-string-4	https://github.com/w3c/qt3tests/blob/201a6e466940cdfc727f4babfedcde5332b9f578/prod/ValueComp.xml#L763	Unsupported environment with source
prod-ValueComp	value-comp-ne-string-5	https://github.com/w3c/qt3tests/blob/201a6e466940cdfc727f4babfedcde5332b9f578/prod/ValueComp.xml#L773	Unsupported environment with source
prod-ValueComp	value-comp-ne-string-6	https://github.com/w3c/qt3tests/blob/201a6e466940cdfc727f4babfedcde5332b9f578/prod/ValueComp.xml#L783	Unsupported environment with source
prod-ValueComp	value-comp-ne-string-7	https://github.com/w3c/qt3tests/blob/201a6e466940cdfc727f4babfedcde5332b9f578/prod/ValueComp.xml#L793	Unsupported environment with source
prod-ValueComp	value-comp-ne-string-9	https://github.com/w3c/qt3tests/blob/201a6e466940cdfc727f4babfedcde5332b9f578/prod/ValueComp.xml#L812	Unsupported environment with source
prod-ValueComp	value-comp-ne-string-10	https://github.com/w3c/qt3tests/blob/201a6e466940cdfc727f4babfedcde5332b9f578/prod/ValueComp.xml#L822	Unsupported environment with source
prod-ValueComp	value-comp-ne-string-11	https://github.com/w3c/qt3tests/blob/201a6e466940cdfc727f4babfedcde5332b9f578/prod/ValueComp.xml#L832	Unsupported environment with source
prod-ValueComp	value-comp-ne-string-12	https://github.com/w3c/qt3tests/blob/201a6e466940cdfc727f4babfedcde5332b9f578/prod/ValueComp.xml#L842	Unsupported environment with source
prod-ValueComp	value-comp-ne-string-13	https://github.com/w3c/qt3tests/blob/201a6e466940cdfc727f4babfedcde5332b9f578/prod/ValueComp.xml#L852	Unsupported environment with source
prod-ValueComp	value-comp-ne-string-14	https://github.com/w3c/qt3tests/blob/201a6e466940cdfc727f4babfedcde5332b9f578/prod/ValueComp.xml#L862	Unsupported environment with source
prod-ValueComp	value-comp-ne-string-15	https://github.com/w3c/qt3tests/blob/201a6e466940cdfc727f4babfedcde5332b9f578/prod/ValueComp.xml#L872	Unsupported environment with source
prod-ValueComp	value-comp-eq-int-2	https://github.com/w3c/qt3tests/blob/201a6e466940cdfc727f4babfedcde5332b9f578/prod/ValueComp.xml#L891	Unsupported environment with source
prod-ValueComp	value-comp-eq-int-3	https://github.com/w3c/qt3tests/blob/201a6e466940cdfc727f4babfedcde5332b9f578/prod/ValueComp.xml#L901	Unsupported environment with source
prod-ValueComp	value-comp-eq-int-4	https://github.com/w3c/qt3tests/blob/201a6e466940cdfc727f4babfedcde5332b9f578/prod/ValueComp.xml#L911	Unsupported environment with source
prod-ValueComp	value-comp-eq-int-5	https://github.com/w3c/qt3tests/blob/201a6e466940cdfc727f4babfedcde5332b9f578/prod/ValueComp.xml#L921	Unsupported environment with source
prod-ValueComp	value-comp-eq-int-6	https://github.com/w3c/qt3tests/blob/201a6e466940cdfc727f4babfedcde5332b9f578/prod/ValueComp.xml#L931	Unsupported environment with source
prod-ValueComp	value-comp-eq-int-7	https://github.com/w3c/qt3tests/blob/201a6e466940cdfc727f4babfedcde5332b9f578/prod/ValueComp.xml#L941	Unsupported environment with source
prod-ValueComp	value-comp-eq-int-8	https://github.com/w3c/qt3tests/blob/201a6e466940cdfc727f4babfedcde5332b9f578/prod/ValueComp.xml#L951	Unsupported environment with source
prod-ValueComp	value-comp-eq-double-2	https://github.com/w3c/qt3tests/blob/201a6e466940cdfc727f4babfedcde5332b9f578/prod/ValueComp.xml#L970	Unsupported environment with source
prod-ValueComp	value-comp-eq-double-3	https://github.com/w3c/qt3tests/blob/201a6e466940cdfc727f4babfedcde5332b9f578/prod/ValueComp.xml#L980	Unsupported environment with source
prod-ValueComp	value-comp-eq-double-4	https://github.com/w3c/qt3tests/blob/201a6e466940cdfc727f4babfedcde5332b9f578/prod/ValueComp.xml#L990	Unsupported environment with source
prod-ValueComp	value-comp-eq-double-5	https://github.com/w3c/qt3tests/blob/201a6e466940cdfc727f4babfedcde5332b9f578/prod/ValueComp.xml#L1000	Unsupported environment with source
prod-ValueComp	value-comp-eq-double-6	https://github.com/w3c/qt3tests/blob/201a6e466940cdfc727f4babfedcde5332b9f578/prod/ValueComp.xml#L1010	Unsupported environment with source
prod-ValueComp	value-comp-eq-double-7	https://github.com/w3c/qt3tests/blob/201a6e466940cdfc727f4babfedcde5332b9f578/prod/ValueComp.xml#L1020	Unsupported environment with source
prod-ValueComp	value-comp-eq-double-8	https://github.com/w3c/qt3tests/blob/201a6e466940cdfc727f4babfedcde5332b9f578/prod/ValueComp.xml#L1030	Unsupported environment with source
